inventory_id,product_id,quantity_in_stock,last_stocked
1,2708,12,18-07-2024
2,1404,170,08-10-2024
3,622,167,27-01-2024
4,2979,11,15-03-2024
5,1748,104,19-09-2024
6,3438,156,07-03-2024
7,2495,107,08-03-2024
8,2932,181,12-10-2024
9,2753,138,20-01-2024
10,4481,150,16-07-2024
11,1067,195,25-02-2024
12,4900,36,11-03-2024
13,4524,86,22-01-2024
14,3149,82,28-04-2024
15,554,23,19-04-2024
16,2989,185,20-07-2024
17,3401,77,24-04-2024
18,64,18,12-09-2024
19,4039,29,05-10-2024
20,4974,10,02-04-2024
21,4505,10,03-05-2024
22,2769,10,13-02-2024
23,2496,138,22-08-2024
24,2577,88,09-07-2024
25,2163,36,18-07-2024
26,2296,25,28-10-2024
27,463,195,29-10-2024
28,3216,195,06-08-2024
29,3460,119,08-02-2024
30,1948,70,10-06-2024
31,4354,152,09-04-2024
32,3958,15,15-08-2024
33,2702,44,17-05-2024
34,4342,89,03-07-2024
35,2084,79,13-02-2024
36,1088,80,07-11-2024
37,1244,58,21-10-2024
38,946,134,14-01-2024
39,5,160,07-11-2024
40,4182,91,22-04-2024
41,177,51,24-02-2024
42,1525,95,16-09-2024
43,1016,5,12-05-2024
44,2104,34,29-08-2024
45,3116,53,17-08-2024
46,4494,147,07-01-2024
47,4651,72,06-01-2024
48,1046,37,30-09-2024
49,2231,0,30-10-2024
50,3161,175,02-09-2024
51,1970,197,13-03-2024
52,2487,119,17-07-2024
53,7,0,24-04-2024
54,1784,62,04-03-2024
55,3598,180,21-02-2024
56,1768,50,16-04-2024
57,670,134,24-10-2024
58,4832,50,07-02-2024
59,2681,84,12-07-2024
60,987,80,17-01-2024
61,3313,30,01-10-2024
62,2124,173,18-02-2024
63,1285,179,28-07-2024
64,125,90,06-11-2024
65,2,18,30-10-2024
66,3462,187,10-09-2024
67,4245,105,27-03-2024
68,1855,51,31-08-2024
69,3174,107,31-10-2024
70,1491,71,07-02-2024
71,3987,10,02-04-2024
72,3155,176,11-07-2024
73,4787,139,10-07-2024
74,5,50,19-09-2024
75,987,189,17-04-2024
76,2984,122,22-03-2024
77,1380,117,09-04-2024
78,1532,119,14-01-2024
79,4521,173,28-03-2024
80,2607,51,24-01-2024
81,911,11,12-05-2024
82,137,17,13-10-2024
83,4921,168,16-09-2024
84,2762,26,02-07-2024
85,3027,140,10-08-2024
86,1078,35,07-03-2024
87,1392,24,08-05-2024
88,1110,148,01-10-2024
89,1781,140,05-09-2024
90,4932,153,05-02-2024
91,1945,35,12-07-2024
92,4836,89,27-03-2024
93,4027,103,27-03-2024
94,4881,93,05-04-2024
95,566,95,14-05-2024
96,3718,127,21-07-2024
97,4739,95,14-02-2024
98,1511,64,31-03-2024
99,2790,117,07-06-2024
100,2698,35,13-07-2024
101,890,71,04-03-2024
102,4035,157,22-10-2024
103,2171,44,04-03-2024
104,4582,172,19-01-2024
105,411,171,01-02-2024
106,1592,101,31-08-2024
107,314,180,09-05-2024
108,3697,147,01-03-2024
109,1338,200,26-08-2024
110,3922,81,24-09-2024
111,1004,159,07-07-2024
112,555,200,27-08-2024
113,2222,56,11-06-2024
114,2746,38,02-08-2024
115,3095,20,22-05-2024
116,908,180,21-04-2024
117,254,53,05-06-2024
118,1271,22,09-03-2024
119,2512,171,01-02-2024
120,4507,94,05-02-2024
121,3343,100,29-05-2024
122,1716,95,24-06-2024
123,181,70,04-01-2024
124,1575,198,03-09-2024
125,3852,121,21-01-2024
126,1288,146,10-06-2024
127,1533,98,04-03-2024
128,1032,61,17-01-2024
129,57,114,18-07-2024
130,1262,44,23-02-2024
131,3689,117,11-02-2024
132,4724,45,21-02-2024
133,2022,89,14-04-2024
134,762,199,04-01-2024
135,3854,55,26-06-2024
136,1388,60,27-10-2024
137,120,107,11-09-2024
138,1190,38,26-05-2024
139,482,93,17-06-2024
140,3301,166,20-04-2024
141,4257,69,06-10-2024
142,1041,23,04-09-2024
143,2562,185,04-09-2024
144,1328,8,11-05-2024
145,1188,124,16-09-2024
146,4785,162,23-03-2024
147,4846,115,31-05-2024
148,1950,25,29-02-2024
149,4899,67,11-08-2024
150,728,109,19-02-2024
151,4807,102,15-02-2024
152,3295,101,20-10-2024
153,2049,63,27-09-2024
154,4614,123,05-04-2024
155,4032,47,08-10-2024
156,3337,155,09-05-2024
157,1124,2,18-01-2024
158,3709,41,02-09-2024
159,4726,52,08-02-2024
160,597,66,10-02-2024
161,1386,55,03-04-2024
162,261,108,15-04-2024
163,646,71,09-04-2024
164,4030,69,23-08-2024
165,3691,191,26-05-2024
166,3625,4,29-07-2024
167,243,199,24-09-2024
168,4950,179,13-08-2024
169,4373,129,06-05-2024
170,501,181,11-01-2024
171,1071,38,17-08-2024
172,3756,139,21-02-2024
173,2419,61,06-08-2024
174,2136,56,02-02-2024
175,1962,76,23-07-2024
176,2073,83,20-04-2024
177,1416,114,16-07-2024
178,3484,91,15-08-2024
179,1981,127,18-08-2024
180,4875,110,09-04-2024
181,146,75,18-05-2024
182,3227,148,15-04-2024
183,4999,82,16-09-2024
184,468,59,07-10-2024
185,962,41,14-08-2024
186,4521,151,17-04-2024
187,516,172,12-10-2024
188,1655,192,18-08-2024
189,856,2,19-06-2024
190,2812,154,24-02-2024
191,4033,87,16-05-2024
192,2154,123,24-04-2024
193,2046,44,30-06-2024
194,3760,173,26-02-2024
195,1709,57,12-09-2024
196,3884,124,23-10-2024
197,3317,138,22-01-2024
198,2738,182,22-04-2024
199,4680,114,09-07-2024
200,2638,172,07-04-2024
201,3613,80,01-11-2024
202,1782,37,29-04-2024
203,1873,72,18-02-2024
204,4757,191,20-09-2024
205,3027,132,11-02-2024
206,4917,0,22-06-2024
207,1426,88,20-05-2024
208,754,32,08-06-2024
209,1987,190,30-03-2024
210,4263,137,08-08-2024
211,4444,138,09-04-2024
212,3380,134,15-08-2024
213,3620,13,01-01-2024
214,2389,1,12-04-2024
215,1483,117,29-05-2024
216,750,126,06-05-2024
217,1974,7,09-02-2024
218,1611,2,20-04-2024
219,4824,183,26-04-2024
220,2468,100,10-04-2024
221,300,135,28-04-2024
222,2518,94,12-06-2024
223,4222,164,26-09-2024
224,34,81,07-11-2024
225,2154,129,21-05-2024
226,4559,142,07-07-2024
227,3121,141,30-04-2024
228,1786,132,19-07-2024
229,4987,19,27-01-2024
230,2066,151,05-11-2024
231,915,150,23-04-2024
232,3611,179,14-10-2024
233,157,38,03-05-2024
234,1133,183,03-03-2024
235,1525,169,03-05-2024
236,1913,122,22-02-2024
237,4433,88,30-09-2024
238,2758,106,17-07-2024
239,3270,148,20-10-2024
240,4440,60,17-07-2024
241,3521,120,26-07-2024
242,1793,73,15-09-2024
243,3397,113,05-11-2024
244,1967,17,01-06-2024
245,3485,11,25-04-2024
246,3553,179,27-05-2024
247,2736,118,03-05-2024
248,4724,122,07-01-2024
249,3816,136,05-08-2024
250,164,102,25-08-2024
251,2554,132,30-03-2024
252,185,127,10-01-2024
253,3365,64,07-04-2024
254,4957,17,02-04-2024
255,25,181,01-02-2024
256,3774,91,03-07-2024
257,1495,185,04-08-2024
258,2603,63,24-04-2024
259,4615,133,01-03-2024
260,1915,21,30-01-2024
261,500,9,02-04-2024
262,3384,68,19-08-2024
263,3048,185,08-02-2024
264,1883,26,27-03-2024
265,125,159,28-10-2024
266,3641,189,18-06-2024
267,2391,103,29-09-2024
268,3687,116,24-08-2024
269,337,110,27-08-2024
270,4203,92,12-07-2024
271,3552,22,12-05-2024
272,1211,6,11-04-2024
273,4899,159,23-07-2024
274,3180,34,25-03-2024
275,3661,59,26-08-2024
276,4872,31,24-03-2024
277,4564,98,08-07-2024
278,510,184,07-07-2024
279,699,167,06-07-2024
280,2568,157,21-02-2024
281,1937,147,17-10-2024
282,1879,68,28-10-2024
283,2231,144,20-06-2024
284,1896,47,13-10-2024
285,992,133,17-02-2024
286,4785,162,20-05-2024
287,3375,175,07-04-2024
288,2649,124,28-02-2024
289,4949,146,04-03-2024
290,6,147,09-04-2024
291,3447,44,14-02-2024
292,4304,88,04-03-2024
293,318,163,03-05-2024
294,4445,105,23-10-2024
295,236,197,05-11-2024
296,1435,30,01-01-2024
297,1635,43,05-10-2024
298,1255,126,20-03-2024
299,802,140,23-07-2024
300,3065,64,20-09-2024
301,4419,44,22-03-2024
302,1847,161,16-04-2024
303,1451,146,21-10-2024
304,2290,84,08-02-2024
305,3029,15,13-03-2024
306,4806,189,21-04-2024
307,3746,174,03-07-2024
308,1071,26,23-02-2024
309,72,199,11-03-2024
310,3501,182,30-03-2024
311,2484,37,25-06-2024
312,3309,77,26-02-2024
313,3714,83,17-01-2024
314,3226,109,21-06-2024
315,544,188,25-04-2024
316,4702,48,27-01-2024
317,3357,10,20-08-2024
318,3030,146,06-07-2024
319,1039,165,14-05-2024
320,3466,64,25-03-2024
321,1229,157,04-07-2024
322,2823,185,20-01-2024
323,2429,32,19-09-2024
324,3817,99,21-01-2024
325,2311,150,15-06-2024
326,2510,123,01-04-2024
327,2602,45,03-03-2024
328,3474,14,01-04-2024
329,4550,189,19-08-2024
330,471,83,22-08-2024
331,1688,112,04-08-2024
332,3582,69,14-09-2024
333,4303,80,31-08-2024
334,1449,133,03-08-2024
335,3120,92,09-07-2024
336,3867,119,26-06-2024
337,3461,56,22-03-2024
338,530,61,28-03-2024
339,3198,118,24-05-2024
340,2830,165,02-03-2024
341,2007,153,07-02-2024
342,326,143,01-01-2024
343,37,181,25-07-2024
344,2605,0,12-05-2024
345,3845,148,24-07-2024
346,4000,129,14-03-2024
347,2190,192,05-09-2024
348,1062,118,27-06-2024
349,3635,120,22-05-2024
350,4127,133,18-05-2024
351,1492,172,22-09-2024
352,3155,145,31-07-2024
353,1880,101,31-10-2024
354,2714,4,01-11-2024
355,2576,98,10-03-2024
356,2556,85,10-06-2024
357,4577,77,28-03-2024
358,1386,173,02-03-2024
359,4770,16,04-02-2024
360,306,135,23-07-2024
361,1056,46,22-08-2024
362,2192,154,19-04-2024
363,859,178,06-11-2024
364,3780,190,26-10-2024
365,2450,12,24-10-2024
366,4253,91,23-05-2024
367,3649,89,08-02-2024
368,3015,104,09-10-2024
369,2933,139,24-01-2024
370,869,165,04-08-2024
371,1324,45,22-07-2024
372,1767,36,14-05-2024
373,4365,136,24-10-2024
374,2748,173,16-07-2024
375,3356,177,07-08-2024
376,903,88,01-10-2024
377,1087,170,24-09-2024
378,2546,85,12-08-2024
379,817,143,19-07-2024
380,2779,125,02-10-2024
381,2939,38,16-09-2024
382,2566,8,06-02-2024
383,4991,70,23-07-2024
384,2785,94,17-02-2024
385,414,138,08-02-2024
386,3321,162,06-11-2024
387,2631,59,21-08-2024
388,4624,88,28-08-2024
389,2178,89,14-04-2024
390,3514,105,11-03-2024
391,922,55,06-08-2024
392,2979,86,16-02-2024
393,3839,160,11-07-2024
394,39,49,03-10-2024
395,1293,198,05-08-2024
396,95,119,01-04-2024
397,4087,62,20-04-2024
398,1028,141,22-02-2024
399,2348,85,29-10-2024
400,1661,197,06-09-2024
401,1808,178,01-01-2024
402,4819,163,08-06-2024
403,3853,6,09-04-2024
404,3585,105,14-03-2024
405,1863,175,18-03-2024
406,1660,39,12-09-2024
407,4450,77,16-08-2024
408,4245,149,16-10-2024
409,4343,189,11-09-2024
410,2854,38,03-05-2024
411,2592,164,11-05-2024
412,2209,177,14-03-2024
413,32,16,29-04-2024
414,4752,161,16-03-2024
415,3045,77,13-03-2024
416,4491,192,20-04-2024
417,3335,81,06-08-2024
418,3525,187,19-09-2024
419,4713,100,25-06-2024
420,1289,131,03-10-2024
421,2256,83,08-02-2024
422,1049,179,25-10-2024
423,4650,196,19-08-2024
424,2243,19,21-06-2024
425,1839,49,19-02-2024
426,3393,130,30-08-2024
427,3247,138,05-01-2024
428,3085,112,15-04-2024
429,2120,152,20-01-2024
430,2055,170,07-08-2024
431,4204,188,19-09-2024
432,837,16,24-03-2024
433,3935,161,12-03-2024
434,3952,48,23-04-2024
435,3870,122,27-02-2024
436,523,187,17-04-2024
437,614,171,28-10-2024
438,838,175,17-03-2024
439,4645,67,31-08-2024
440,3794,124,26-10-2024
441,766,4,13-01-2024
442,3863,163,10-01-2024
443,2727,127,26-08-2024
444,4869,111,07-09-2024
445,2300,79,01-02-2024
446,2385,15,21-09-2024
447,1723,134,14-10-2024
448,4190,31,23-10-2024
449,3056,53,27-06-2024
450,4395,137,28-03-2024
451,1479,40,13-02-2024
452,1679,79,26-05-2024
453,139,156,15-03-2024
454,487,30,27-03-2024
455,4206,68,21-02-2024
456,3733,66,23-04-2024
457,4844,172,08-09-2024
458,100,150,29-03-2024
459,2956,111,02-01-2024
460,2559,18,12-09-2024
461,338,40,19-07-2024
462,1511,25,11-09-2024
463,4671,9,05-11-2024
464,34,107,15-09-2024
465,3590,38,12-07-2024
466,4400,97,24-10-2024
467,1781,167,07-03-2024
468,2321,87,28-04-2024
469,4639,139,08-04-2024
470,4599,168,05-07-2024
471,1528,93,14-07-2024
472,1053,66,02-04-2024
473,2589,194,10-08-2024
474,3100,52,13-10-2024
475,2634,71,12-01-2024
476,522,191,07-07-2024
477,3008,63,16-02-2024
478,3993,35,22-02-2024
479,1658,187,02-02-2024
480,4600,180,05-03-2024
481,4112,96,22-05-2024
482,2559,33,11-07-2024
483,4601,78,28-08-2024
484,1357,148,28-07-2024
485,4494,192,16-08-2024
486,2825,52,16-06-2024
487,4198,123,21-08-2024
488,3921,185,31-01-2024
489,1767,101,20-01-2024
490,3412,102,26-02-2024
491,652,61,27-04-2024
492,4888,75,13-02-2024
493,1184,147,08-08-2024
494,2155,34,14-07-2024
495,2414,39,12-09-2024
496,2811,121,10-03-2024
497,1040,53,01-07-2024
498,4697,169,24-10-2024
499,734,53,04-03-2024
500,4963,113,19-04-2024
501,3818,87,22-04-2024
502,664,114,09-09-2024
503,3321,135,30-08-2024
504,4552,171,19-05-2024
505,965,18,09-03-2024
506,4665,40,15-01-2024
507,3935,147,20-06-2024
508,3219,26,29-05-2024
509,2337,3,09-08-2024
510,2727,81,14-08-2024
511,651,65,01-09-2024
512,3268,138,30-01-2024
513,14,199,18-05-2024
514,1977,153,25-02-2024
515,4932,188,28-07-2024
516,2172,64,22-03-2024
517,3486,31,03-02-2024
518,3401,179,04-02-2024
519,1957,149,27-10-2024
520,3466,178,07-08-2024
521,3490,16,29-06-2024
522,2886,91,10-07-2024
523,1345,126,15-07-2024
524,4065,77,11-08-2024
525,1228,191,18-05-2024
526,877,156,11-02-2024
527,4191,108,14-06-2024
528,858,29,06-06-2024
529,3934,32,19-05-2024
530,4052,115,22-01-2024
531,3068,141,11-02-2024
532,1388,12,26-07-2024
533,4646,172,19-01-2024
534,98,52,21-01-2024
535,4541,54,24-05-2024
536,1992,195,17-04-2024
537,2700,30,25-04-2024
538,2370,38,09-01-2024
539,2986,150,18-10-2024
540,2644,195,25-02-2024
541,1099,97,30-06-2024
542,33,34,18-06-2024
543,59,72,31-05-2024
544,4574,183,23-01-2024
545,328,187,15-02-2024
546,1176,52,15-09-2024
547,4861,166,19-02-2024
548,3571,33,27-03-2024
549,901,162,07-02-2024
550,1105,159,31-05-2024
551,4559,26,23-02-2024
552,283,162,11-05-2024
553,1670,121,02-07-2024
554,1833,24,22-05-2024
555,1499,33,05-02-2024
556,3440,195,10-01-2024
557,4797,182,14-01-2024
558,3150,40,08-01-2024
559,4840,88,24-03-2024
560,4850,36,29-05-2024
561,3206,167,08-06-2024
562,1210,147,18-10-2024
563,4165,116,27-07-2024
564,3916,54,15-05-2024
565,4143,40,02-07-2024
566,1043,140,01-05-2024
567,4125,106,02-04-2024
568,1534,161,15-08-2024
569,4501,32,29-10-2024
570,1867,143,03-07-2024
571,2645,100,06-09-2024
572,2554,166,01-04-2024
573,4463,188,01-08-2024
574,2582,137,14-04-2024
575,1401,45,05-11-2024
576,4992,158,24-06-2024
577,1228,16,05-09-2024
578,323,180,04-11-2024
579,2019,117,05-02-2024
580,4283,199,16-10-2024
581,2698,91,26-09-2024
582,3297,116,31-07-2024
583,1592,25,14-04-2024
584,3961,84,07-11-2024
585,1752,124,22-05-2024
586,632,16,14-07-2024
587,3318,28,29-01-2024
588,4427,13,30-05-2024
589,1564,189,29-03-2024
590,3126,120,19-01-2024
591,510,196,09-03-2024
592,2705,120,11-02-2024
593,4195,195,08-03-2024
594,1163,69,18-08-2024
595,666,109,08-11-2024
596,3021,56,31-01-2024
597,1638,9,27-07-2024
598,131,47,02-03-2024
599,4159,27,15-03-2024
600,593,117,07-06-2024
601,4557,142,16-03-2024
602,2799,183,03-07-2024
603,4708,15,22-02-2024
604,3872,64,08-05-2024
605,4105,122,13-02-2024
606,2548,52,06-02-2024
607,3389,1,24-02-2024
608,1045,88,19-08-2024
609,1507,170,14-09-2024
610,4971,52,21-07-2024
611,4136,108,13-01-2024
612,591,179,15-10-2024
613,188,104,20-03-2024
614,3519,31,20-10-2024
615,3179,182,06-10-2024
616,1756,109,03-02-2024
617,3487,162,21-01-2024
618,1546,64,29-02-2024
619,2438,42,27-05-2024
620,1278,58,29-02-2024
621,1408,87,31-03-2024
622,1806,108,20-06-2024
623,3264,102,10-01-2024
624,4579,188,20-05-2024
625,2936,62,15-01-2024
626,564,190,28-05-2024
627,3947,69,30-10-2024
628,4713,35,25-06-2024
629,492,157,18-09-2024
630,4956,181,24-04-2024
631,143,31,04-08-2024
632,3844,131,07-10-2024
633,537,190,08-03-2024
634,4332,178,19-09-2024
635,2784,200,16-05-2024
636,2715,8,03-03-2024
637,1575,195,29-02-2024
638,2717,96,11-08-2024
639,2858,49,03-03-2024
640,449,199,06-05-2024
641,2723,57,19-04-2024
642,2669,6,07-11-2024
643,797,143,01-06-2024
644,4269,189,10-05-2024
645,4630,92,20-10-2024
646,1223,187,30-09-2024
647,1823,7,18-09-2024
648,220,105,18-04-2024
649,4856,93,10-07-2024
650,4577,91,26-05-2024
651,2990,2,27-03-2024
652,157,33,30-01-2024
653,1979,15,16-06-2024
654,2721,29,21-08-2024
655,3232,164,05-02-2024
656,1847,75,25-04-2024
657,201,129,23-05-2024
658,1190,58,17-05-2024
659,2045,188,19-08-2024
660,1406,78,21-01-2024
661,3122,82,21-03-2024
662,298,98,29-05-2024
663,2805,120,11-05-2024
664,4599,178,28-03-2024
665,742,159,17-05-2024
666,1538,93,17-10-2024
667,2028,61,19-04-2024
668,2350,72,02-03-2024
669,3557,75,20-03-2024
670,2855,178,20-06-2024
671,4826,52,02-03-2024
672,3171,183,09-04-2024
673,1979,56,18-06-2024
674,1732,173,13-06-2024
675,4287,91,24-06-2024
676,3665,131,29-05-2024
677,2194,105,16-10-2024
678,1824,121,18-02-2024
679,4321,48,05-03-2024
680,4244,191,07-06-2024
681,428,96,28-09-2024
682,2674,184,06-07-2024
683,350,82,31-05-2024
684,1853,91,29-01-2024
685,3191,160,10-07-2024
686,301,38,28-04-2024
687,3321,9,07-09-2024
688,3282,36,19-06-2024
689,1545,161,16-08-2024
690,633,165,05-01-2024
691,1700,127,17-04-2024
692,863,171,08-11-2024
693,681,145,18-05-2024
694,4758,106,18-10-2024
695,1959,145,10-05-2024
696,4533,185,05-03-2024
697,3398,17,20-10-2024
698,4434,155,25-02-2024
699,3977,9,24-04-2024
700,2631,20,08-10-2024
701,1821,91,20-10-2024
702,388,59,07-03-2024
703,4236,46,25-09-2024
704,899,152,17-01-2024
705,231,29,19-05-2024
706,4531,47,19-08-2024
707,3642,123,30-10-2024
708,1094,170,14-06-2024
709,628,87,11-04-2024
710,2358,61,27-02-2024
711,4862,115,22-05-2024
712,90,146,22-04-2024
713,3633,64,22-08-2024
714,4073,23,23-06-2024
715,408,132,25-07-2024
716,640,24,21-01-2024
717,3805,4,25-05-2024
718,405,116,15-04-2024
719,1513,115,30-03-2024
720,2918,112,06-07-2024
721,1272,36,02-02-2024
722,16,160,27-08-2024
723,946,180,11-09-2024
724,1013,55,03-06-2024
725,2795,148,16-01-2024
726,3042,164,26-09-2024
727,4541,139,08-09-2024
728,237,21,14-03-2024
729,4244,177,22-04-2024
730,3009,136,18-10-2024
731,3027,24,08-11-2024
732,4841,187,17-07-2024
733,2200,160,29-08-2024
734,633,153,07-07-2024
735,860,64,27-03-2024
736,1153,101,27-01-2024
737,2547,137,12-02-2024
738,4276,197,15-06-2024
739,333,11,19-01-2024
740,584,169,17-02-2024
741,4197,44,15-05-2024
742,287,166,27-05-2024
743,4140,198,13-05-2024
744,389,115,01-04-2024
745,1224,132,07-08-2024
746,4375,158,22-08-2024
747,979,145,23-05-2024
748,3476,65,12-03-2024
749,2771,177,05-02-2024
750,784,193,07-02-2024
751,4463,12,26-10-2024
752,1034,156,15-10-2024
753,4739,51,05-09-2024
754,540,1,10-10-2024
755,3432,99,21-09-2024
756,2684,127,03-05-2024
757,2716,89,18-04-2024
758,2043,145,12-03-2024
759,1352,55,09-04-2024
760,2133,115,02-01-2024
761,975,166,06-02-2024
762,90,14,14-05-2024
763,3884,166,09-01-2024
764,3295,144,19-09-2024
765,2191,132,14-10-2024
766,4459,52,11-04-2024
767,2694,45,23-03-2024
768,926,23,05-09-2024
769,507,132,29-06-2024
770,4637,177,25-08-2024
771,2182,196,02-11-2024
772,4785,172,24-01-2024
773,3225,190,30-09-2024
774,3127,190,22-07-2024
775,300,42,10-06-2024
776,735,129,31-07-2024
777,3626,151,11-01-2024
778,2600,196,25-07-2024
779,4695,200,08-11-2024
780,4521,60,17-07-2024
781,485,141,03-04-2024
782,4144,114,11-05-2024
783,4350,32,23-07-2024
784,3511,113,05-10-2024
785,2543,99,17-10-2024
786,80,193,23-05-2024
787,4399,153,16-05-2024
788,1048,89,14-07-2024
789,2208,157,07-09-2024
790,755,88,28-03-2024
791,2562,102,14-06-2024
792,3642,198,11-04-2024
793,1579,198,04-05-2024
794,4166,22,12-04-2024
795,967,113,03-09-2024
796,4284,43,06-08-2024
797,3883,75,23-06-2024
798,187,131,24-05-2024
799,716,76,24-10-2024
800,3100,135,26-08-2024
801,2481,83,23-06-2024
802,1949,107,11-08-2024
803,1405,56,07-08-2024
804,1652,168,26-10-2024
805,1903,161,22-10-2024
806,3177,137,03-10-2024
807,2736,43,06-07-2024
808,2100,29,10-04-2024
809,209,92,21-02-2024
810,243,43,15-05-2024
811,822,184,11-10-2024
812,1329,160,23-04-2024
813,4949,137,03-03-2024
814,3276,193,02-09-2024
815,4331,101,13-08-2024
816,782,19,08-09-2024
817,3589,142,23-01-2024
818,4544,124,10-10-2024
819,3072,157,25-10-2024
820,2479,96,27-04-2024
821,3754,98,23-03-2024
822,2794,12,29-05-2024
823,4407,52,24-07-2024
824,4686,132,06-03-2024
825,239,12,05-11-2024
826,4865,24,04-07-2024
827,1245,8,06-05-2024
828,4054,103,05-06-2024
829,3290,75,19-07-2024
830,2525,21,09-04-2024
831,4339,161,15-08-2024
832,916,72,11-07-2024
833,529,199,17-09-2024
834,4940,188,24-07-2024
835,2527,95,07-05-2024
836,124,7,24-01-2024
837,403,198,26-09-2024
838,2156,114,24-06-2024
839,3057,45,21-07-2024
840,1638,156,05-09-2024
841,4791,64,16-06-2024
842,1724,89,07-11-2024
843,139,74,05-07-2024
844,3596,8,11-03-2024
845,1385,61,23-10-2024
846,4304,32,03-05-2024
847,4465,39,31-03-2024
848,3657,124,23-01-2024
849,4699,90,21-10-2024
850,3444,102,17-07-2024
851,1705,90,11-02-2024
852,2862,2,09-05-2024
853,2356,156,24-07-2024
854,2347,97,03-01-2024
855,1425,71,30-07-2024
856,2508,151,05-06-2024
857,2041,54,19-06-2024
858,4540,60,21-07-2024
859,3374,43,19-09-2024
860,4985,176,29-10-2024
861,211,137,19-08-2024
862,1572,76,11-04-2024
863,2605,70,24-05-2024
864,2488,115,12-02-2024
865,106,172,11-02-2024
866,652,70,21-08-2024
867,2219,147,27-03-2024
868,744,43,20-09-2024
869,4422,71,02-03-2024
870,2959,195,08-11-2024
871,3243,46,20-04-2024
872,537,60,09-06-2024
873,3669,136,06-07-2024
874,715,49,28-01-2024
875,3463,34,07-09-2024
876,3785,143,04-10-2024
877,1082,76,06-09-2024
878,2982,103,06-08-2024
879,2300,48,27-08-2024
880,1163,49,18-08-2024
881,4937,139,29-02-2024
882,2739,116,29-06-2024
883,1475,155,10-05-2024
884,391,1,07-03-2024
885,188,104,25-03-2024
886,1961,73,19-06-2024
887,2701,182,10-02-2024
888,1677,72,08-01-2024
889,2689,66,04-01-2024
890,4661,137,08-10-2024
891,3409,66,27-02-2024
892,26,198,09-10-2024
893,1627,194,05-11-2024
894,955,73,29-08-2024
895,3346,97,03-11-2024
896,3130,139,22-05-2024
897,4127,142,25-08-2024
898,1192,72,05-09-2024
899,938,38,29-05-2024
900,3045,81,14-03-2024
901,2015,48,03-05-2024
902,412,133,29-01-2024
903,4284,98,07-11-2024
904,2984,124,24-10-2024
905,1778,152,05-08-2024
906,1556,69,07-07-2024
907,3527,125,16-05-2024
908,229,183,24-06-2024
909,4917,170,22-01-2024
910,257,76,22-05-2024
911,3434,118,20-03-2024
912,3472,139,11-03-2024
913,3894,119,17-01-2024
914,4835,7,06-08-2024
915,477,178,05-10-2024
916,2383,48,05-04-2024
917,2582,19,26-05-2024
918,3440,73,30-01-2024
919,536,78,26-03-2024
920,3152,35,22-09-2024
921,2510,152,02-09-2024
922,4324,97,08-01-2024
923,2699,15,26-01-2024
924,3464,54,22-04-2024
925,848,34,01-05-2024
926,3919,98,07-06-2024
927,1052,49,16-04-2024
928,4861,82,02-11-2024
929,592,121,12-02-2024
930,2923,141,29-08-2024
931,3786,41,06-07-2024
932,802,124,02-03-2024
933,2043,98,02-10-2024
934,1243,150,07-08-2024
935,446,76,11-09-2024
936,57,31,22-04-2024
937,1563,180,28-01-2024
938,2594,34,12-09-2024
939,514,132,23-01-2024
940,4009,45,23-03-2024
941,2158,153,14-06-2024
942,3892,87,10-07-2024
943,216,72,07-05-2024
944,1626,159,25-07-2024
945,1150,113,06-01-2024
946,3876,65,30-05-2024
947,4297,160,08-08-2024
948,80,116,30-10-2024
949,2183,169,06-10-2024
950,1798,33,27-03-2024
951,228,168,29-02-2024
952,4621,52,02-10-2024
953,3376,139,10-10-2024
954,1960,158,26-10-2024
955,7,112,27-10-2024
956,1077,172,07-10-2024
957,12,110,22-07-2024
958,1520,69,17-08-2024
959,2847,7,13-04-2024
960,3526,164,16-01-2024
961,1594,135,28-01-2024
962,4505,120,05-02-2024
963,3395,113,26-06-2024
964,1982,9,31-01-2024
965,4691,20,14-03-2024
966,1544,80,14-01-2024
967,4093,94,18-10-2024
968,4945,192,06-04-2024
969,2566,140,01-10-2024
970,2192,153,07-07-2024
971,4258,196,11-01-2024
972,64,152,28-08-2024
973,369,61,27-06-2024
974,2325,152,09-02-2024
975,2064,97,24-07-2024
976,1501,187,12-04-2024
977,3832,168,09-06-2024
978,4405,150,27-06-2024
979,4213,82,17-08-2024
980,2341,6,23-01-2024
981,2209,143,02-08-2024
982,2846,107,29-06-2024
983,906,121,03-07-2024
984,2022,97,06-11-2024
985,4797,16,28-09-2024
986,3661,20,31-03-2024
987,2335,47,03-07-2024
988,4836,87,24-03-2024
989,3689,195,04-09-2024
990,383,183,11-02-2024
991,4117,7,10-06-2024
992,4759,107,07-11-2024
993,496,4,09-08-2024
994,1904,103,04-11-2024
995,3799,86,25-02-2024
996,3022,96,22-06-2024
997,2528,100,13-05-2024
998,2621,146,24-08-2024
999,4418,61,06-03-2024
1000,2528,105,09-07-2024
1001,186,180,30-04-2024
1002,2869,75,09-06-2024
1003,3670,169,19-01-2024
1004,3661,95,02-02-2024
1005,4600,69,17-01-2024
1006,2291,129,07-01-2024
1007,4454,75,04-06-2024
1008,4961,168,04-09-2024
1009,1874,183,24-08-2024
1010,3587,139,10-09-2024
1011,3001,158,20-06-2024
1012,3057,22,01-07-2024
1013,2862,167,23-04-2024
1014,3342,61,21-01-2024
1015,2568,113,01-01-2024
1016,831,90,18-08-2024
1017,4761,2,24-09-2024
1018,534,1,28-06-2024
1019,2495,35,22-01-2024
1020,1132,1,25-01-2024
1021,4330,179,18-07-2024
1022,2756,198,24-03-2024
1023,2244,102,21-02-2024
1024,2067,87,23-05-2024
1025,1820,105,01-09-2024
1026,4915,74,19-09-2024
1027,690,63,24-09-2024
1028,1964,116,30-10-2024
1029,2318,82,03-06-2024
1030,2230,7,28-05-2024
1031,2603,166,15-10-2024
1032,3932,190,28-01-2024
1033,516,131,30-07-2024
1034,3766,1,04-01-2024
1035,548,84,26-05-2024
1036,4561,74,06-02-2024
1037,2483,67,02-01-2024
1038,3789,45,23-07-2024
1039,512,113,11-05-2024
1040,1862,57,01-11-2024
1041,131,165,04-04-2024
1042,3823,94,25-06-2024
1043,3538,54,16-01-2024
1044,1488,116,03-01-2024
1045,1719,92,13-07-2024
1046,4362,85,25-01-2024
1047,2524,149,09-01-2024
1048,4893,14,08-02-2024
1049,1952,137,03-01-2024
1050,4965,138,28-02-2024
1051,4529,52,18-10-2024
1052,1036,31,24-02-2024
1053,1933,23,21-02-2024
1054,3910,188,08-10-2024
1055,3097,57,15-02-2024
1056,740,29,06-03-2024
1057,4989,25,29-09-2024
1058,4828,116,02-06-2024
1059,4151,128,05-08-2024
1060,3631,103,25-03-2024
1061,51,71,26-08-2024
1062,1296,107,17-01-2024
1063,1323,160,03-05-2024
1064,223,34,07-02-2024
1065,3688,94,16-10-2024
1066,1503,177,14-01-2024
1067,4204,104,17-02-2024
1068,2258,69,30-01-2024
1069,580,167,22-10-2024
1070,2483,116,31-07-2024
1071,4124,140,27-01-2024
1072,2165,44,12-10-2024
1073,2319,97,27-05-2024
1074,2355,200,07-08-2024
1075,2352,66,17-03-2024
1076,4735,98,02-11-2024
1077,4472,3,14-04-2024
1078,41,147,09-10-2024
1079,1771,44,16-08-2024
1080,4600,85,13-02-2024
1081,1075,196,03-01-2024
1082,4854,123,31-10-2024
1083,3357,6,28-05-2024
1084,2114,114,28-06-2024
1085,1449,70,18-06-2024
1086,1040,43,27-08-2024
1087,1281,71,20-07-2024
1088,370,72,04-07-2024
1089,3771,0,26-01-2024
1090,3557,52,16-01-2024
1091,3250,2,12-02-2024
1092,3514,175,19-04-2024
1093,4277,58,26-08-2024
1094,4340,80,28-04-2024
1095,135,177,31-01-2024
1096,1258,30,01-02-2024
1097,1135,97,03-11-2024
1098,2557,177,07-11-2024
1099,1047,185,28-10-2024
1100,4186,140,14-06-2024
1101,3185,185,30-03-2024
1102,3304,59,10-03-2024
1103,120,70,04-08-2024
1104,3888,155,28-02-2024
1105,91,59,15-10-2024
1106,1133,10,28-02-2024
1107,1302,115,20-05-2024
1108,3974,93,13-02-2024
1109,1004,132,08-08-2024
1110,4363,108,28-05-2024
1111,3609,61,09-04-2024
1112,329,151,27-10-2024
1113,723,129,22-02-2024
1114,524,190,17-08-2024
1115,2627,39,07-05-2024
1116,1448,107,15-07-2024
1117,909,150,02-09-2024
1118,4611,181,29-05-2024
1119,1908,174,17-02-2024
1120,727,147,17-06-2024
1121,308,84,22-06-2024
1122,1405,52,26-02-2024
1123,1549,126,12-02-2024
1124,3287,60,25-01-2024
1125,4079,189,07-07-2024
1126,1890,32,08-01-2024
1127,4056,151,30-10-2024
1128,4168,93,01-03-2024
1129,374,108,06-05-2024
1130,4391,160,08-04-2024
1131,3469,102,27-04-2024
1132,3312,104,01-11-2024
1133,2551,106,19-08-2024
1134,2290,43,31-05-2024
1135,4677,96,02-05-2024
1136,3128,194,06-05-2024
1137,1448,104,14-01-2024
1138,807,159,01-03-2024
1139,1319,64,01-10-2024
1140,4401,86,16-04-2024
1141,4993,51,13-10-2024
1142,4591,54,01-03-2024
1143,873,170,05-10-2024
1144,1295,169,02-02-2024
1145,2370,160,20-07-2024
1146,3179,165,14-09-2024
1147,1104,59,03-11-2024
1148,1073,5,25-02-2024
1149,318,76,06-05-2024
1150,1335,138,06-11-2024
1151,3607,115,12-04-2024
1152,4341,196,04-09-2024
1153,3020,33,22-07-2024
1154,3317,72,20-01-2024
1155,1541,48,08-05-2024
1156,4962,118,27-09-2024
1157,3028,11,30-06-2024
1158,3482,94,14-05-2024
1159,3348,69,27-08-2024
1160,4582,76,07-05-2024
1161,2580,48,01-01-2024
1162,3327,44,07-03-2024
1163,1591,147,24-04-2024
1164,4419,44,25-02-2024
1165,4690,128,07-04-2024
1166,3051,181,09-09-2024
1167,4006,169,25-10-2024
1168,4021,84,23-02-2024
1169,1791,163,11-06-2024
1170,4392,193,24-03-2024
1171,4556,159,05-04-2024
1172,487,91,25-05-2024
1173,756,163,10-03-2024
1174,2781,143,29-03-2024
1175,4377,106,14-02-2024
1176,2606,172,13-09-2024
1177,4486,177,28-06-2024
1178,1739,160,01-09-2024
1179,2812,175,04-05-2024
1180,438,172,21-04-2024
1181,1578,60,14-07-2024
1182,3042,177,20-06-2024
1183,4288,88,12-07-2024
1184,2009,134,18-02-2024
1185,4293,10,23-09-2024
1186,4129,146,16-03-2024
1187,3783,24,29-02-2024
1188,973,110,01-01-2024
1189,4646,192,01-03-2024
1190,868,43,07-01-2024
1191,1661,31,04-06-2024
1192,3759,184,04-02-2024
1193,3151,159,25-09-2024
1194,4595,17,21-03-2024
1195,516,179,27-08-2024
1196,962,104,07-11-2024
1197,155,11,04-09-2024
1198,1631,150,20-02-2024
1199,2678,39,06-01-2024
1200,2642,88,01-04-2024
1201,963,173,11-02-2024
1202,2502,165,29-10-2024
1203,598,185,22-07-2024
1204,771,173,10-06-2024
1205,532,138,23-06-2024
1206,4259,177,14-06-2024
1207,4224,109,11-10-2024
1208,4778,94,01-11-2024
1209,4785,13,28-06-2024
1210,2957,128,18-04-2024
1211,2054,5,29-04-2024
1212,1459,46,20-07-2024
1213,558,80,05-03-2024
1214,3377,96,10-03-2024
1215,3211,74,17-07-2024
1216,4531,84,16-10-2024
1217,1883,144,08-07-2024
1218,2653,125,03-08-2024
1219,1971,24,05-01-2024
1220,1956,2,12-07-2024
1221,3749,183,16-03-2024
1222,1022,181,26-08-2024
1223,2541,117,24-01-2024
1224,2195,41,18-01-2024
1225,3718,167,26-04-2024
1226,4243,172,25-08-2024
1227,1325,113,16-06-2024
1228,4161,123,30-03-2024
1229,4968,60,13-01-2024
1230,1849,79,28-09-2024
1231,2682,172,12-08-2024
1232,4787,76,30-05-2024
1233,2500,197,11-06-2024
1234,4364,46,01-06-2024
1235,233,12,23-06-2024
1236,608,56,21-10-2024
1237,894,8,18-06-2024
1238,1575,109,08-03-2024
1239,4140,3,08-08-2024
1240,2239,92,26-05-2024
1241,3101,24,13-01-2024
1242,1858,45,02-09-2024
1243,1894,11,01-03-2024
1244,755,173,03-11-2024
1245,3290,29,02-10-2024
1246,2697,76,24-08-2024
1247,103,133,17-06-2024
1248,4165,67,09-09-2024
1249,1355,29,01-05-2024
1250,696,76,24-08-2024
1251,4541,22,20-08-2024
1252,362,135,28-01-2024
1253,2005,5,04-09-2024
1254,284,151,17-01-2024
1255,4983,149,09-04-2024
1256,454,5,03-11-2024
1257,322,167,04-10-2024
1258,380,149,10-07-2024
1259,4491,63,17-02-2024
1260,3222,104,10-06-2024
1261,2365,34,25-04-2024
1262,3033,178,19-08-2024
1263,3190,126,07-05-2024
1264,3255,1,09-04-2024
1265,4313,21,04-05-2024
1266,4005,10,04-09-2024
1267,1961,162,14-07-2024
1268,2399,14,12-04-2024
1269,75,123,11-10-2024
1270,4613,184,28-04-2024
1271,3269,122,07-06-2024
1272,3922,184,13-05-2024
1273,3197,82,30-06-2024
1274,3995,60,28-06-2024
1275,4538,104,05-10-2024
1276,4441,154,15-02-2024
1277,4575,134,05-04-2024
1278,3327,101,24-09-2024
1279,4385,195,02-09-2024
1280,2363,57,23-06-2024
1281,2557,8,13-02-2024
1282,808,197,13-05-2024
1283,106,183,17-03-2024
1284,3475,70,08-04-2024
1285,115,87,05-03-2024
1286,2159,169,29-06-2024
1287,1151,180,13-07-2024
1288,763,36,16-10-2024
1289,1959,72,14-08-2024
1290,3126,175,23-03-2024
1291,3103,109,03-09-2024
1292,565,6,08-03-2024
1293,1760,159,21-07-2024
1294,1929,180,29-06-2024
1295,4529,125,25-10-2024
1296,994,85,24-03-2024
1297,1012,125,26-02-2024
1298,4817,31,31-10-2024
1299,156,34,28-10-2024
1300,556,170,08-03-2024
1301,2966,134,08-11-2024
1302,1899,38,30-06-2024
1303,2536,16,25-10-2024
1304,4100,176,26-05-2024
1305,4866,24,14-06-2024
1306,1462,43,04-05-2024
1307,3286,173,09-04-2024
1308,3780,184,20-10-2024
1309,2987,105,11-10-2024
1310,2857,72,26-07-2024
1311,2692,142,02-09-2024
1312,1098,191,22-04-2024
1313,3016,86,19-02-2024
1314,441,35,13-07-2024
1315,2244,149,28-04-2024
1316,4771,194,25-10-2024
1317,3017,74,18-08-2024
1318,481,54,26-10-2024
1319,998,3,06-11-2024
1320,3764,80,22-04-2024
1321,2475,183,15-06-2024
1322,3503,129,24-09-2024
1323,1195,126,28-04-2024
1324,2152,11,13-05-2024
1325,2792,187,31-08-2024
1326,1805,131,16-04-2024
1327,2148,7,08-09-2024
1328,4160,81,23-01-2024
1329,3169,157,14-03-2024
1330,2111,153,10-10-2024
1331,3428,79,12-01-2024
1332,2930,9,06-10-2024
1333,610,148,11-01-2024
1334,3774,164,01-03-2024
1335,4863,159,06-09-2024
1336,2689,70,08-02-2024
1337,200,187,26-04-2024
1338,3599,192,31-03-2024
1339,412,138,29-05-2024
1340,4762,16,10-06-2024
1341,1915,27,06-05-2024
1342,1318,50,20-10-2024
1343,2884,131,06-08-2024
1344,4520,51,24-04-2024
1345,1024,92,19-05-2024
1346,2770,151,19-03-2024
1347,934,9,03-08-2024
1348,3786,94,02-08-2024
1349,61,164,07-03-2024
1350,3502,188,24-03-2024
1351,2550,89,22-02-2024
1352,4199,89,06-04-2024
1353,1666,125,28-04-2024
1354,275,90,02-11-2024
1355,1210,152,09-05-2024
1356,326,178,07-10-2024
1357,2604,45,05-04-2024
1358,96,152,25-03-2024
1359,891,14,15-05-2024
1360,2910,60,30-05-2024
1361,584,60,11-06-2024
1362,4854,180,18-07-2024
1363,2599,60,03-03-2024
1364,814,155,21-02-2024
1365,4548,163,27-10-2024
1366,829,196,22-10-2024
1367,3685,61,22-07-2024
1368,3431,24,20-08-2024
1369,2389,36,12-10-2024
1370,3444,46,24-10-2024
1371,3445,27,10-06-2024
1372,373,44,21-05-2024
1373,2051,79,26-10-2024
1374,1408,186,07-07-2024
1375,4085,38,17-09-2024
1376,1136,105,23-05-2024
1377,1221,157,27-04-2024
1378,729,155,22-08-2024
1379,290,76,03-09-2024
1380,2875,139,27-02-2024
1381,3761,143,15-09-2024
1382,2054,87,03-01-2024
1383,4976,57,01-11-2024
1384,2133,72,26-03-2024
1385,3534,115,28-09-2024
1386,4098,106,26-08-2024
1387,4562,170,31-07-2024
1388,4327,174,01-01-2024
1389,4050,29,13-02-2024
1390,2649,108,19-03-2024
1391,3778,120,31-03-2024
1392,4367,66,03-09-2024
1393,4713,132,30-06-2024
1394,1702,131,05-09-2024
1395,4435,142,03-06-2024
1396,1085,139,29-01-2024
1397,4070,72,03-11-2024
1398,3725,72,25-08-2024
1399,1890,188,31-01-2024
1400,2079,21,21-05-2024
1401,4883,145,17-09-2024
1402,4925,91,26-06-2024
1403,3642,154,06-07-2024
1404,3462,74,04-01-2024
1405,3407,120,08-02-2024
1406,294,95,30-04-2024
1407,3085,137,04-02-2024
1408,988,109,14-02-2024
1409,1913,49,31-01-2024
1410,3635,163,18-05-2024
1411,3743,56,17-10-2024
1412,2025,121,26-10-2024
1413,2617,144,24-07-2024
1414,576,23,11-02-2024
1415,2900,155,04-09-2024
1416,3447,127,27-05-2024
1417,310,13,29-02-2024
1418,1334,137,23-03-2024
1419,610,111,27-01-2024
1420,868,161,17-05-2024
1421,2318,158,04-04-2024
1422,1391,70,24-08-2024
1423,2754,52,16-04-2024
1424,4368,124,03-03-2024
1425,2335,69,01-08-2024
1426,3808,3,29-01-2024
1427,1688,0,13-02-2024
1428,1465,56,19-05-2024
1429,4817,31,30-07-2024
1430,1604,186,28-06-2024
1431,3528,139,07-10-2024
1432,844,12,06-06-2024
1433,1347,108,11-05-2024
1434,4685,12,16-01-2024
1435,1131,76,12-08-2024
1436,4432,117,28-10-2024
1437,3032,191,25-01-2024
1438,2908,151,26-05-2024
1439,576,46,19-03-2024
1440,2291,1,21-08-2024
1441,1681,104,23-06-2024
1442,1628,71,04-09-2024
1443,3917,6,21-05-2024
1444,4548,140,09-01-2024
1445,2488,33,23-05-2024
1446,3148,55,19-06-2024
1447,2941,35,15-10-2024
1448,759,113,23-08-2024
1449,3454,31,19-10-2024
1450,1496,61,01-11-2024
1451,3565,50,22-10-2024
1452,413,5,23-02-2024
1453,2068,197,16-02-2024
1454,4275,99,07-11-2024
1455,3864,176,23-05-2024
1456,2623,48,25-01-2024
1457,534,54,15-01-2024
1458,1326,77,11-09-2024
1459,1618,174,22-08-2024
1460,457,130,04-08-2024
1461,1339,46,05-02-2024
1462,443,186,25-01-2024
1463,314,133,12-01-2024
1464,3829,41,07-09-2024
1465,1935,135,12-08-2024
1466,2883,21,12-04-2024
1467,1321,78,24-04-2024
1468,2375,119,26-03-2024
1469,2391,8,06-01-2024
1470,1696,111,14-01-2024
1471,4926,140,24-02-2024
1472,658,15,27-06-2024
1473,3960,99,08-07-2024
1474,1563,182,28-03-2024
1475,2907,83,23-02-2024
1476,2115,88,18-10-2024
1477,4916,28,06-01-2024
1478,1134,76,20-09-2024
1479,2929,179,25-05-2024
1480,4058,78,10-05-2024
1481,1328,21,03-06-2024
1482,4489,163,07-08-2024
1483,1246,166,22-04-2024
1484,3073,162,26-02-2024
1485,873,80,22-06-2024
1486,431,161,06-09-2024
1487,2422,87,09-06-2024
1488,64,106,01-09-2024
1489,1214,164,14-03-2024
1490,3148,24,03-08-2024
1491,348,115,04-01-2024
1492,2543,68,02-09-2024
1493,1840,195,23-07-2024
1494,2304,121,08-03-2024
1495,4176,1,28-05-2024
1496,820,68,17-03-2024
1497,3327,113,05-03-2024
1498,573,197,01-06-2024
1499,4161,129,21-06-2024
1500,1018,8,11-06-2024
1501,2069,145,13-10-2024
1502,1840,148,28-03-2024
1503,2495,189,26-09-2024
1504,3824,107,06-09-2024
1505,822,131,09-02-2024
1506,4377,120,04-02-2024
1507,2001,23,30-04-2024
1508,1964,71,05-04-2024
1509,3092,181,31-01-2024
1510,3821,105,16-10-2024
1511,2333,67,24-01-2024
1512,382,74,27-06-2024
1513,3390,101,11-05-2024
1514,215,67,29-03-2024
1515,3506,176,19-08-2024
1516,3374,102,14-07-2024
1517,2994,84,03-07-2024
1518,4484,11,31-01-2024
1519,469,192,17-04-2024
1520,4856,86,12-02-2024
1521,3166,176,13-04-2024
1522,3763,199,13-03-2024
1523,3668,19,16-06-2024
1524,4819,49,07-10-2024
1525,3603,19,23-04-2024
1526,259,21,22-02-2024
1527,3035,184,17-08-2024
1528,735,181,26-03-2024
1529,3071,116,12-01-2024
1530,1443,180,04-11-2024
1531,2453,109,26-05-2024
1532,221,170,17-09-2024
1533,4934,40,07-11-2024
1534,575,170,09-04-2024
1535,1517,155,10-10-2024
1536,2043,91,28-05-2024
1537,2722,125,13-02-2024
1538,4181,11,19-04-2024
1539,2177,27,18-03-2024
1540,3590,134,15-07-2024
1541,528,120,11-10-2024
1542,5000,38,19-03-2024
1543,2237,136,09-10-2024
1544,763,12,15-07-2024
1545,253,18,16-10-2024
1546,2691,25,25-01-2024
1547,754,25,09-06-2024
1548,1295,20,12-07-2024
1549,3824,72,26-04-2024
1550,3536,109,02-10-2024
1551,2958,19,08-10-2024
1552,1620,95,22-02-2024
1553,2254,175,25-09-2024
1554,485,19,28-07-2024
1555,656,109,09-10-2024
1556,501,163,19-08-2024
1557,120,54,01-05-2024
1558,4739,0,30-04-2024
1559,3884,14,20-01-2024
1560,2360,8,18-05-2024
1561,989,96,25-07-2024
1562,4471,59,20-04-2024
1563,2928,61,12-09-2024
1564,2084,101,03-07-2024
1565,2635,191,10-04-2024
1566,3290,117,05-04-2024
1567,2131,97,04-08-2024
1568,2068,46,02-11-2024
1569,3283,112,14-08-2024
1570,2404,174,23-04-2024
1571,4668,108,08-07-2024
1572,4369,83,10-05-2024
1573,1675,51,21-02-2024
1574,3046,102,05-11-2024
1575,939,20,16-07-2024
1576,2523,76,16-08-2024
1577,4497,179,07-07-2024
1578,1927,36,07-11-2024
1579,652,84,03-03-2024
1580,1929,15,10-09-2024
1581,3266,58,28-04-2024
1582,2086,102,09-05-2024
1583,2445,42,23-08-2024
1584,2525,53,26-06-2024
1585,4019,168,07-08-2024
1586,4061,154,03-08-2024
1587,4495,155,16-08-2024
1588,4296,161,29-07-2024
1589,2355,27,10-03-2024
1590,897,38,13-03-2024
1591,1300,25,05-11-2024
1592,1266,34,21-04-2024
1593,4465,180,11-05-2024
1594,4500,167,13-05-2024
1595,2287,93,25-09-2024
1596,4470,124,24-04-2024
1597,2380,98,11-01-2024
1598,4439,5,09-10-2024
1599,622,61,09-09-2024
1600,1676,114,18-04-2024
1601,2398,83,28-02-2024
1602,2326,14,17-02-2024
1603,3320,16,09-01-2024
1604,4717,100,04-01-2024
1605,2272,22,13-02-2024
1606,4411,191,26-04-2024
1607,2636,182,04-09-2024
1608,2441,141,17-08-2024
1609,1193,152,25-08-2024
1610,739,59,04-06-2024
1611,1333,0,16-02-2024
1612,2751,120,12-02-2024
1613,4393,198,22-10-2024
1614,4694,175,02-07-2024
1615,681,162,22-06-2024
1616,277,8,23-07-2024
1617,401,167,04-05-2024
1618,3361,75,06-11-2024
1619,2344,127,18-04-2024
1620,2305,77,24-05-2024
1621,2660,187,22-03-2024
1622,1152,190,07-08-2024
1623,2331,28,13-10-2024
1624,4719,72,09-09-2024
1625,2754,138,13-01-2024
1626,714,150,07-10-2024
1627,1054,151,14-05-2024
1628,4176,87,19-06-2024
1629,803,192,30-09-2024
1630,134,101,28-08-2024
1631,2825,123,31-07-2024
1632,2979,38,27-05-2024
1633,2486,74,29-05-2024
1634,3445,60,19-02-2024
1635,3899,126,15-10-2024
1636,22,13,16-06-2024
1637,3154,76,18-08-2024
1638,1170,40,09-03-2024
1639,3762,196,31-10-2024
1640,919,133,24-03-2024
1641,1287,79,02-04-2024
1642,1645,17,08-08-2024
1643,450,87,11-05-2024
1644,410,139,07-11-2024
1645,90,169,03-04-2024
1646,4996,175,10-10-2024
1647,4478,161,04-01-2024
1648,4508,66,13-01-2024
1649,757,91,16-10-2024
1650,859,27,17-09-2024
1651,72,18,01-09-2024
1652,4285,176,19-02-2024
1653,3308,196,11-09-2024
1654,2368,128,14-05-2024
1655,2387,22,13-10-2024
1656,1589,137,16-05-2024
1657,4260,176,16-03-2024
1658,4025,5,19-08-2024
1659,4584,109,09-05-2024
1660,2288,58,12-09-2024
1661,97,91,12-03-2024
1662,1779,91,05-09-2024
1663,2129,161,23-05-2024
1664,3421,156,04-06-2024
1665,1556,135,26-09-2024
1666,282,10,21-03-2024
1667,4697,80,25-06-2024
1668,3752,44,08-07-2024
1669,623,161,16-09-2024
1670,1943,29,16-10-2024
1671,2909,142,25-03-2024
1672,3460,91,10-02-2024
1673,3222,121,09-03-2024
1674,4890,56,19-05-2024
1675,2528,79,02-03-2024
1676,639,67,30-04-2024
1677,504,87,20-05-2024
1678,2849,32,25-07-2024
1679,1981,25,06-10-2024
1680,1709,59,09-07-2024
1681,1435,99,13-01-2024
1682,2171,44,17-02-2024
1683,906,197,26-03-2024
1684,1604,125,06-02-2024
1685,3933,115,13-10-2024
1686,1301,161,15-02-2024
1687,269,135,25-01-2024
1688,2741,173,21-06-2024
1689,1457,57,16-05-2024
1690,4952,52,17-02-2024
1691,2304,119,09-07-2024
1692,4985,14,02-04-2024
1693,253,83,16-09-2024
1694,300,106,21-03-2024
1695,2587,120,21-05-2024
1696,3540,78,04-08-2024
1697,3834,155,17-03-2024
1698,4088,4,08-06-2024
1699,4226,165,25-02-2024
1700,1242,91,24-04-2024
1701,979,151,06-08-2024
1702,423,9,02-09-2024
1703,4000,164,09-03-2024
1704,1958,109,18-02-2024
1705,823,97,10-05-2024
1706,1267,198,03-02-2024
1707,1277,199,11-05-2024
1708,4162,24,15-06-2024
1709,3728,85,12-08-2024
1710,3861,168,30-04-2024
1711,4162,25,30-04-2024
1712,1783,164,26-03-2024
1713,4777,135,02-08-2024
1714,1749,12,11-07-2024
1715,209,181,31-07-2024
1716,2595,40,03-07-2024
1717,3428,78,28-01-2024
1718,1053,125,26-06-2024
1719,330,128,27-01-2024
1720,890,167,30-03-2024
1721,3161,198,05-05-2024
1722,2765,136,22-09-2024
1723,3810,33,24-08-2024
1724,4805,1,24-03-2024
1725,3162,185,15-05-2024
1726,4354,193,27-09-2024
1727,1606,170,16-09-2024
1728,4006,49,18-07-2024
1729,421,76,21-09-2024
1730,734,127,14-08-2024
1731,4818,154,02-02-2024
1732,4546,158,22-01-2024
1733,3670,12,15-05-2024
1734,68,148,31-10-2024
1735,2259,82,18-04-2024
1736,2377,130,28-07-2024
1737,3663,37,26-10-2024
1738,2558,84,28-10-2024
1739,3900,24,08-03-2024
1740,571,168,08-05-2024
1741,2954,53,17-06-2024
1742,4006,111,02-03-2024
1743,3148,133,07-10-2024
1744,2736,68,06-07-2024
1745,1959,37,23-03-2024
1746,1164,132,25-08-2024
1747,2109,158,13-06-2024
1748,1570,81,01-11-2024
1749,3638,102,18-04-2024
1750,4672,14,18-03-2024
1751,2463,194,18-09-2024
1752,2571,136,29-10-2024
1753,3960,33,19-03-2024
1754,3820,16,18-02-2024
1755,3108,128,16-06-2024
1756,3819,5,02-02-2024
1757,3490,198,24-10-2024
1758,4348,105,29-02-2024
1759,997,176,01-01-2024
1760,3119,137,07-09-2024
1761,4448,114,20-08-2024
1762,958,82,27-08-2024
1763,1111,153,24-02-2024
1764,3794,182,01-08-2024
1765,3436,96,12-06-2024
1766,293,21,13-09-2024
1767,4706,103,26-07-2024
1768,1058,118,13-09-2024
1769,1383,20,07-10-2024
1770,1904,158,30-09-2024
1771,3968,161,03-07-2024
1772,2002,109,04-08-2024
1773,2125,136,23-04-2024
1774,349,47,29-02-2024
1775,2233,135,15-09-2024
1776,3064,61,26-09-2024
1777,2752,143,02-07-2024
1778,599,52,05-07-2024
1779,1727,8,08-05-2024
1780,1635,63,09-02-2024
1781,4260,154,02-05-2024
1782,3899,198,27-03-2024
1783,4037,122,03-06-2024
1784,3068,144,12-09-2024
1785,4273,35,19-06-2024
1786,3353,29,02-11-2024
1787,1254,59,23-02-2024
1788,3013,155,19-01-2024
1789,2321,171,26-09-2024
1790,1707,100,17-08-2024
1791,4461,115,19-06-2024
1792,3656,48,17-10-2024
1793,1513,135,17-05-2024
1794,3630,76,15-01-2024
1795,1594,33,29-05-2024
1796,4285,97,25-05-2024
1797,2995,161,27-08-2024
1798,225,45,18-08-2024
1799,2625,47,10-02-2024
1800,537,193,22-09-2024
1801,222,14,06-09-2024
1802,78,192,19-02-2024
1803,1065,51,11-10-2024
1804,1147,121,31-07-2024
1805,32,95,01-05-2024
1806,3986,41,13-10-2024
1807,532,180,02-06-2024
1808,1196,156,20-07-2024
1809,3047,121,08-05-2024
1810,4227,78,07-08-2024
1811,2974,189,16-04-2024
1812,2426,109,23-04-2024
1813,3776,120,31-01-2024
1814,2350,31,12-06-2024
1815,2512,44,20-04-2024
1816,325,186,10-08-2024
1817,137,38,01-04-2024
1818,2854,9,20-03-2024
1819,4327,106,08-02-2024
1820,3172,97,24-10-2024
1821,328,137,02-02-2024
1822,1223,66,03-02-2024
1823,2644,178,04-05-2024
1824,1241,94,28-05-2024
1825,4966,60,20-10-2024
1826,515,55,04-09-2024
1827,2470,99,01-10-2024
1828,700,102,29-07-2024
1829,2559,125,03-05-2024
1830,4592,62,01-05-2024
1831,4523,62,12-01-2024
1832,658,109,07-03-2024
1833,3101,133,30-05-2024
1834,3861,139,17-10-2024
1835,4516,53,18-02-2024
1836,4197,3,08-02-2024
1837,1584,77,20-07-2024
1838,1560,53,17-01-2024
1839,213,177,01-06-2024
1840,4372,160,05-10-2024
1841,4703,136,26-09-2024
1842,73,92,11-09-2024
1843,1046,198,31-10-2024
1844,4470,197,04-01-2024
1845,118,63,04-10-2024
1846,3838,140,05-04-2024
1847,2363,91,18-10-2024
1848,2406,25,07-06-2024
1849,439,54,07-04-2024
1850,4739,22,06-03-2024
1851,4418,95,30-03-2024
1852,4212,161,22-09-2024
1853,4144,145,23-05-2024
1854,657,153,14-10-2024
1855,4524,94,17-02-2024
1856,1130,138,01-08-2024
1857,983,126,06-05-2024
1858,2664,113,07-03-2024
1859,3472,16,26-02-2024
1860,3994,19,18-08-2024
1861,1703,123,12-09-2024
1862,485,30,04-02-2024
1863,3814,165,15-06-2024
1864,3890,172,17-05-2024
1865,2005,152,03-06-2024
1866,2209,124,06-02-2024
1867,2207,39,18-03-2024
1868,4522,200,27-09-2024
1869,2358,187,25-01-2024
1870,3947,27,19-06-2024
1871,2605,121,12-10-2024
1872,2318,117,03-04-2024
1873,703,23,06-11-2024
1874,3818,65,28-08-2024
1875,1291,41,19-07-2024
1876,2324,132,19-06-2024
1877,3210,121,31-01-2024
1878,1683,22,08-09-2024
1879,3254,155,17-09-2024
1880,1022,53,23-04-2024
1881,3691,124,17-07-2024
1882,1396,100,22-04-2024
1883,1287,30,21-09-2024
1884,3355,24,04-05-2024
1885,1317,27,15-04-2024
1886,4992,64,29-04-2024
1887,2772,168,18-03-2024
1888,1434,32,12-01-2024
1889,708,59,02-01-2024
1890,544,121,29-06-2024
1891,3487,39,07-09-2024
1892,2401,28,23-04-2024
1893,4406,127,30-10-2024
1894,2065,10,10-05-2024
1895,667,133,19-09-2024
1896,4837,171,23-10-2024
1897,750,75,24-06-2024
1898,159,101,13-10-2024
1899,3629,156,08-07-2024
1900,4092,156,01-07-2024
1901,4941,17,23-04-2024
1902,867,142,17-02-2024
1903,4260,142,08-09-2024
1904,3950,191,23-04-2024
1905,4129,152,12-06-2024
1906,1976,77,17-10-2024
1907,2432,115,03-11-2024
1908,4139,159,14-05-2024
1909,4395,50,08-02-2024
1910,822,182,13-07-2024
1911,1220,168,22-03-2024
1912,2042,173,07-02-2024
1913,1980,125,04-06-2024
1914,2918,133,04-04-2024
1915,1063,180,18-03-2024
1916,4337,20,21-10-2024
1917,4818,87,08-03-2024
1918,772,167,22-05-2024
1919,3529,143,27-03-2024
1920,2561,24,31-10-2024
1921,1167,28,04-04-2024
1922,3601,78,01-10-2024
1923,3438,119,17-06-2024
1924,2228,62,17-03-2024
1925,3119,125,16-01-2024
1926,3106,176,09-05-2024
1927,4928,123,26-06-2024
1928,1128,117,12-10-2024
1929,3231,109,17-05-2024
1930,1997,102,28-06-2024
1931,4607,131,23-09-2024
1932,4453,51,15-07-2024
1933,252,107,27-05-2024
1934,2263,64,05-06-2024
1935,3551,63,22-01-2024
1936,3310,40,25-06-2024
1937,724,155,23-01-2024
1938,1709,139,13-03-2024
1939,1319,137,10-05-2024
1940,4439,52,10-01-2024
1941,1375,180,26-06-2024
1942,1975,20,06-10-2024
1943,4502,141,28-05-2024
1944,3977,53,15-06-2024
1945,4358,1,14-06-2024
1946,3346,75,18-01-2024
1947,1663,189,30-05-2024
1948,3849,20,11-08-2024
1949,3836,109,05-09-2024
1950,1169,2,18-09-2024
1951,4834,170,18-05-2024
1952,4303,199,08-01-2024
1953,244,140,19-07-2024
1954,4636,102,20-05-2024
1955,2619,32,03-10-2024
1956,1428,140,27-02-2024
1957,4881,173,14-06-2024
1958,3417,26,01-02-2024
1959,3167,81,19-01-2024
1960,2037,122,12-06-2024
1961,879,163,18-07-2024
1962,4244,53,27-08-2024
1963,4326,95,08-06-2024
1964,4592,198,24-05-2024
1965,3458,136,14-05-2024
1966,4392,87,12-10-2024
1967,1985,105,22-03-2024
1968,4493,58,22-02-2024
1969,1070,166,29-05-2024
1970,4067,194,23-10-2024
1971,2473,12,08-04-2024
1972,4398,106,11-07-2024
1973,1589,8,15-04-2024
1974,864,8,11-02-2024
1975,935,66,08-09-2024
1976,311,72,02-10-2024
1977,1832,136,10-04-2024
1978,4572,1,25-01-2024
1979,3213,199,11-03-2024
1980,2228,79,18-09-2024
1981,3521,145,15-04-2024
1982,2419,148,06-01-2024
1983,4698,192,18-09-2024
1984,3762,181,19-10-2024
1985,4456,200,10-04-2024
1986,400,153,16-03-2024
1987,2821,111,08-08-2024
1988,4532,109,18-06-2024
1989,3457,10,21-07-2024
1990,264,115,20-04-2024
1991,1249,26,18-07-2024
1992,857,111,22-03-2024
1993,4914,6,03-05-2024
1994,2676,79,14-08-2024
1995,1763,153,01-11-2024
1996,1764,155,26-10-2024
1997,3918,48,30-05-2024
1998,3705,97,20-01-2024
1999,717,192,03-01-2024
2000,2756,176,03-01-2024
2001,3238,97,27-01-2024
2002,4470,39,02-08-2024
2003,3196,46,13-09-2024
2004,2097,15,23-09-2024
2005,3535,65,01-03-2024
2006,2465,163,04-01-2024
2007,8,67,18-07-2024
2008,1729,79,08-07-2024
2009,413,17,11-02-2024
2010,4276,87,30-05-2024
2011,4624,130,02-09-2024
2012,2998,193,25-03-2024
2013,711,113,25-07-2024
2014,2761,15,02-08-2024
2015,3970,27,17-02-2024
2016,3195,47,18-08-2024
2017,1810,71,24-03-2024
2018,1217,157,03-10-2024
2019,3887,151,19-09-2024
2020,2034,81,13-08-2024
2021,3865,18,02-09-2024
2022,2806,87,05-09-2024
2023,2295,59,26-02-2024
2024,4627,176,04-07-2024
2025,3257,69,01-02-2024
2026,2333,30,07-08-2024
2027,1027,132,06-02-2024
2028,3325,185,15-07-2024
2029,2999,14,18-08-2024
2030,213,190,11-08-2024
2031,3675,137,26-03-2024
2032,3075,45,05-08-2024
2033,2620,149,11-02-2024
2034,3843,143,25-08-2024
2035,473,20,26-07-2024
2036,750,86,04-07-2024
2037,1320,77,22-08-2024
2038,3572,132,19-02-2024
2039,4808,117,07-02-2024
2040,1425,122,09-06-2024
2041,4731,56,09-05-2024
2042,4607,50,02-01-2024
2043,1736,96,07-02-2024
2044,4145,136,22-07-2024
2045,2329,17,29-01-2024
2046,4977,126,29-06-2024
2047,81,28,13-10-2024
2048,3359,9,20-05-2024
2049,3693,86,26-06-2024
2050,1534,162,12-06-2024
2051,4103,58,16-10-2024
2052,972,18,04-01-2024
2053,3794,161,09-02-2024
2054,3148,123,17-07-2024
2055,1492,4,13-01-2024
2056,3135,33,20-07-2024
2057,4942,53,16-06-2024
2058,4214,174,03-10-2024
2059,4822,34,19-06-2024
2060,1993,35,22-09-2024
2061,2339,48,04-05-2024
2062,2320,72,18-10-2024
2063,3821,132,18-02-2024
2064,168,161,18-02-2024
2065,3640,90,08-06-2024
2066,2369,82,20-02-2024
2067,2407,11,28-04-2024
2068,3321,58,19-08-2024
2069,528,200,30-10-2024
2070,729,75,03-02-2024
2071,990,2,09-05-2024
2072,926,187,19-02-2024
2073,4861,41,23-09-2024
2074,4325,78,20-07-2024
2075,4817,112,26-08-2024
2076,274,43,28-03-2024
2077,3937,125,06-03-2024
2078,477,37,17-07-2024
2079,4798,140,11-02-2024
2080,3154,96,05-11-2024
2081,1559,151,05-06-2024
2082,4121,165,18-06-2024
2083,4114,71,10-05-2024
2084,971,104,04-11-2024
2085,4276,85,18-10-2024
2086,273,49,01-02-2024
2087,3356,48,08-07-2024
2088,1509,143,09-07-2024
2089,4828,65,19-03-2024
2090,4588,73,31-01-2024
2091,4024,145,21-03-2024
2092,2204,164,02-02-2024
2093,4132,50,26-08-2024
2094,3515,82,25-10-2024
2095,3775,72,08-11-2024
2096,3845,178,27-06-2024
2097,3050,59,22-04-2024
2098,2662,5,09-08-2024
2099,82,16,05-04-2024
2100,613,86,14-02-2024
2101,2292,200,02-04-2024
2102,2371,193,06-05-2024
2103,1470,181,23-02-2024
2104,4568,1,03-10-2024
2105,4069,125,04-11-2024
2106,478,162,15-10-2024
2107,3503,5,08-07-2024
2108,3343,198,19-09-2024
2109,4929,152,14-06-2024
2110,853,186,06-11-2024
2111,473,173,11-03-2024
2112,826,173,31-10-2024
2113,63,118,07-11-2024
2114,2402,174,13-05-2024
2115,3169,101,13-05-2024
2116,1005,69,27-08-2024
2117,1724,15,05-04-2024
2118,903,135,10-07-2024
2119,3950,130,13-06-2024
2120,3584,151,13-09-2024
2121,2106,144,23-05-2024
2122,192,81,25-01-2024
2123,209,122,06-02-2024
2124,1707,51,20-07-2024
2125,3901,54,19-02-2024
2126,1842,22,04-05-2024
2127,3317,43,18-06-2024
2128,3520,138,19-10-2024
2129,3987,73,13-06-2024
2130,1107,7,31-08-2024
2131,4919,44,27-10-2024
2132,412,175,11-05-2024
2133,424,88,12-02-2024
2134,1198,66,28-05-2024
2135,855,56,24-03-2024
2136,2022,165,19-08-2024
2137,3889,152,12-02-2024
2138,1726,68,26-06-2024
2139,1406,23,06-03-2024
2140,2203,175,01-07-2024
2141,3111,66,07-02-2024
2142,1495,143,24-10-2024
2143,2308,26,08-05-2024
2144,4618,29,07-04-2024
2145,4612,17,26-07-2024
2146,3402,130,26-09-2024
2147,4758,192,16-03-2024
2148,416,106,09-06-2024
2149,4072,100,07-03-2024
2150,2580,39,26-07-2024
2151,3442,66,06-02-2024
2152,2254,52,13-10-2024
2153,2879,32,16-03-2024
2154,3295,50,21-04-2024
2155,773,163,17-02-2024
2156,3993,149,31-03-2024
2157,2693,137,31-10-2024
2158,1852,0,09-05-2024
2159,2827,22,10-01-2024
2160,524,6,13-03-2024
2161,4236,181,19-03-2024
2162,938,53,20-04-2024
2163,4332,166,05-06-2024
2164,3059,179,05-01-2024
2165,2965,155,04-10-2024
2166,1054,113,02-07-2024
2167,1988,33,30-04-2024
2168,1937,39,18-08-2024
2169,1340,15,10-06-2024
2170,2864,178,03-09-2024
2171,2076,33,15-07-2024
2172,4359,126,20-06-2024
2173,889,156,06-05-2024
2174,436,34,22-06-2024
2175,4048,100,27-04-2024
2176,3872,172,07-09-2024
2177,1329,132,16-10-2024
2178,124,62,24-04-2024
2179,71,108,15-06-2024
2180,3149,42,28-09-2024
2181,4585,129,02-05-2024
2182,2040,105,28-04-2024
2183,4633,99,02-10-2024
2184,11,129,08-04-2024
2185,4102,40,28-07-2024
2186,3234,156,25-02-2024
2187,2623,22,14-02-2024
2188,3457,176,19-07-2024
2189,3972,75,08-07-2024
2190,2015,138,25-03-2024
2191,2868,37,26-08-2024
2192,1222,200,04-08-2024
2193,4833,184,13-09-2024
2194,4796,59,09-03-2024
2195,1956,146,11-02-2024
2196,4554,47,21-10-2024
2197,4227,126,19-02-2024
2198,3359,148,08-05-2024
2199,681,41,06-05-2024
2200,4843,111,17-07-2024
2201,4746,18,29-07-2024
2202,556,16,09-07-2024
2203,1240,47,01-07-2024
2204,1924,139,18-04-2024
2205,4884,88,16-01-2024
2206,3053,9,29-10-2024
2207,624,140,16-05-2024
2208,2945,54,23-01-2024
2209,4313,12,25-03-2024
2210,3123,11,25-10-2024
2211,765,36,26-01-2024
2212,2435,81,12-05-2024
2213,1075,153,26-01-2024
2214,1672,151,21-03-2024
2215,1254,58,30-04-2024
2216,897,89,23-10-2024
2217,2936,82,15-09-2024
2218,2090,54,27-05-2024
2219,2233,112,25-05-2024
2220,908,3,21-01-2024
2221,3255,176,30-07-2024
2222,3480,165,30-09-2024
2223,4680,10,14-09-2024
2224,3819,2,10-06-2024
2225,95,62,05-05-2024
2226,2206,110,26-09-2024
2227,2820,134,11-06-2024
2228,3722,48,28-08-2024
2229,671,36,06-08-2024
2230,3587,172,15-06-2024
2231,4068,197,24-09-2024
2232,2394,99,16-10-2024
2233,3943,30,26-03-2024
2234,313,20,30-07-2024
2235,34,193,09-07-2024
2236,4391,141,02-11-2024
2237,3534,123,13-04-2024
2238,2073,111,23-04-2024
2239,1699,61,05-07-2024
2240,3672,2,10-07-2024
2241,3901,129,31-01-2024
2242,1200,159,29-03-2024
2243,4740,21,29-04-2024
2244,296,82,03-02-2024
2245,2274,10,05-03-2024
2246,1322,77,11-05-2024
2247,2295,159,16-10-2024
2248,3788,18,02-04-2024
2249,4118,168,06-09-2024
2250,3324,14,07-11-2024
2251,4089,24,20-07-2024
2252,741,60,27-09-2024
2253,3359,8,28-10-2024
2254,540,76,05-09-2024
2255,3433,137,06-04-2024
2256,1808,191,12-04-2024
2257,766,140,03-02-2024
2258,4000,93,10-01-2024
2259,4171,25,13-06-2024
2260,3297,5,23-05-2024
2261,126,29,28-10-2024
2262,2793,51,27-06-2024
2263,3462,180,22-02-2024
2264,486,176,25-08-2024
2265,4386,124,10-10-2024
2266,3327,182,08-10-2024
2267,1504,194,29-08-2024
2268,4108,79,22-06-2024
2269,3157,100,12-06-2024
2270,2937,22,28-05-2024
2271,3818,133,22-05-2024
2272,4529,148,12-06-2024
2273,1913,61,23-10-2024
2274,1049,170,01-03-2024
2275,4068,136,03-10-2024
2276,697,73,27-10-2024
2277,3590,61,17-01-2024
2278,392,83,12-06-2024
2279,1659,11,12-07-2024
2280,1901,101,02-09-2024
2281,3609,200,20-01-2024
2282,4953,152,01-04-2024
2283,1529,129,23-08-2024
2284,2817,160,31-03-2024
2285,62,94,24-03-2024
2286,2999,140,25-05-2024
2287,2667,158,20-06-2024
2288,4952,101,21-09-2024
2289,921,5,08-07-2024
2290,2070,81,25-06-2024
2291,4686,84,09-04-2024
2292,3086,93,30-04-2024
2293,1941,6,06-02-2024
2294,1657,122,13-01-2024
2295,142,197,12-10-2024
2296,4935,173,22-09-2024
2297,1780,5,04-08-2024
2298,515,99,07-04-2024
2299,1928,58,19-03-2024
2300,2717,102,15-08-2024
2301,2934,146,01-07-2024
2302,3644,53,17-02-2024
2303,3963,173,18-10-2024
2304,4483,34,26-10-2024
2305,83,95,22-10-2024
2306,4233,131,13-02-2024
2307,3389,185,20-07-2024
2308,4565,93,13-03-2024
2309,4481,50,30-09-2024
2310,4737,60,22-01-2024
2311,4010,141,05-01-2024
2312,2640,149,25-03-2024
2313,2896,8,17-09-2024
2314,4788,48,16-04-2024
2315,4392,49,14-01-2024
2316,2538,99,29-08-2024
2317,1324,26,12-10-2024
2318,1170,184,05-04-2024
2319,3137,128,10-05-2024
2320,1022,20,13-10-2024
2321,4575,8,20-10-2024
2322,2916,190,17-07-2024
2323,2717,143,12-03-2024
2324,4294,26,04-07-2024
2325,4262,48,12-10-2024
2326,1894,56,22-09-2024
2327,2846,166,14-02-2024
2328,3630,139,07-07-2024
2329,1649,6,17-03-2024
2330,2212,71,23-09-2024
2331,912,63,10-10-2024
2332,3019,26,22-02-2024
2333,1476,190,21-01-2024
2334,640,61,23-03-2024
2335,3683,141,31-01-2024
2336,4997,158,14-09-2024
2337,4172,75,05-01-2024
2338,280,24,18-06-2024
2339,2772,166,03-06-2024
2340,2268,59,02-06-2024
2341,546,197,19-04-2024
2342,4419,58,18-06-2024
2343,2352,101,29-09-2024
2344,239,32,19-05-2024
2345,3638,67,07-02-2024
2346,3782,198,13-07-2024
2347,816,135,13-04-2024
2348,4738,105,03-07-2024
2349,878,80,16-07-2024
2350,154,44,03-11-2024
2351,3228,107,16-07-2024
2352,3218,149,12-07-2024
2353,4683,50,05-10-2024
2354,460,67,06-09-2024
2355,94,193,29-08-2024
2356,2403,184,30-06-2024
2357,886,112,23-07-2024
2358,691,79,01-08-2024
2359,3218,146,17-07-2024
2360,875,52,28-04-2024
2361,1157,33,15-05-2024
2362,1722,163,13-07-2024
2363,3359,72,31-08-2024
2364,2575,50,30-09-2024
2365,4652,168,08-10-2024
2366,2766,109,09-07-2024
2367,4649,129,28-08-2024
2368,2282,158,11-10-2024
2369,2111,160,18-05-2024
2370,777,184,29-06-2024
2371,65,14,29-09-2024
2372,4131,125,13-08-2024
2373,227,147,04-07-2024
2374,1709,149,03-02-2024
2375,4342,131,08-02-2024
2376,1806,16,23-04-2024
2377,3459,41,20-08-2024
2378,2923,49,03-02-2024
2379,489,160,26-06-2024
2380,3136,64,21-08-2024
2381,3661,113,24-04-2024
2382,4866,178,10-06-2024
2383,2534,36,27-01-2024
2384,3067,79,08-09-2024
2385,1223,18,25-08-2024
2386,4095,141,22-01-2024
2387,39,114,25-05-2024
2388,3678,49,16-08-2024
2389,2457,148,02-10-2024
2390,119,151,09-03-2024
2391,6,151,06-11-2024
2392,4515,11,28-03-2024
2393,1185,117,05-09-2024
2394,3835,184,05-10-2024
2395,1704,81,09-08-2024
2396,2555,51,07-11-2024
2397,4633,97,17-05-2024
2398,1804,148,07-02-2024
2399,3034,106,09-01-2024
2400,45,20,28-07-2024
2401,3147,122,09-09-2024
2402,4379,76,07-10-2024
2403,1183,195,30-10-2024
2404,2022,133,12-10-2024
2405,2113,19,20-03-2024
2406,760,22,21-02-2024
2407,637,176,22-10-2024
2408,1592,71,10-07-2024
2409,424,97,17-09-2024
2410,132,37,19-07-2024
2411,3890,16,03-06-2024
2412,3317,8,01-06-2024
2413,2945,26,21-07-2024
2414,3056,41,14-06-2024
2415,2547,16,29-07-2024
2416,3714,39,13-09-2024
2417,1485,39,23-08-2024
2418,377,68,09-08-2024
2419,2163,14,22-07-2024
2420,1492,89,27-04-2024
2421,4366,86,26-02-2024
2422,2147,43,07-01-2024
2423,4468,33,09-01-2024
2424,1274,90,29-03-2024
2425,3663,0,13-03-2024
2426,4867,94,29-05-2024
2427,2764,53,08-05-2024
2428,3591,75,24-01-2024
2429,2997,78,06-09-2024
2430,3808,84,29-03-2024
2431,4678,35,20-01-2024
2432,2406,104,03-05-2024
2433,2395,4,24-02-2024
2434,2436,191,11-04-2024
2435,4237,126,06-02-2024
2436,3621,34,07-02-2024
2437,949,20,15-04-2024
2438,540,2,20-10-2024
2439,406,165,06-03-2024
2440,1508,153,16-01-2024
2441,2570,151,12-10-2024
2442,897,150,21-06-2024
2443,2118,147,07-06-2024
2444,1680,131,25-05-2024
2445,523,112,06-02-2024
2446,4265,194,27-03-2024
2447,3923,50,24-03-2024
2448,633,62,10-05-2024
2449,245,182,10-03-2024
2450,3192,38,06-08-2024
2451,1625,141,19-04-2024
2452,1074,15,21-08-2024
2453,2535,85,25-05-2024
2454,4583,165,04-07-2024
2455,875,110,18-06-2024
2456,4099,161,21-01-2024
2457,4399,114,06-04-2024
2458,3871,65,03-10-2024
2459,4103,130,01-09-2024
2460,4743,196,19-10-2024
2461,2817,149,09-08-2024
2462,2393,153,11-06-2024
2463,786,142,24-09-2024
2464,895,186,28-01-2024
2465,1614,154,12-01-2024
2466,1117,143,28-07-2024
2467,147,141,15-04-2024
2468,3130,134,01-11-2024
2469,1414,80,02-09-2024
2470,1466,67,20-09-2024
2471,3414,111,08-08-2024
2472,2548,197,04-03-2024
2473,3375,142,20-10-2024
2474,3526,144,06-10-2024
2475,3696,30,17-08-2024
2476,4428,116,04-07-2024
2477,3007,80,21-01-2024
2478,4938,45,26-04-2024
2479,1129,164,27-10-2024
2480,317,91,03-05-2024
2481,2082,84,21-03-2024
2482,3926,115,21-07-2024
2483,327,54,13-06-2024
2484,4706,161,29-07-2024
2485,2183,71,21-06-2024
2486,4758,58,03-06-2024
2487,4209,95,28-01-2024
2488,449,183,25-02-2024
2489,794,32,26-09-2024
2490,4067,79,18-10-2024
2491,1963,140,08-08-2024
2492,844,191,23-06-2024
2493,4020,92,08-06-2024
2494,4776,37,09-07-2024
2495,3659,150,26-05-2024
2496,4238,95,29-02-2024
2497,1727,10,14-02-2024
2498,900,15,04-09-2024
2499,1727,127,17-03-2024
2500,4847,59,10-05-2024
2501,2176,191,26-04-2024
2502,1687,54,02-09-2024
2503,2434,160,04-05-2024
2504,1805,101,05-06-2024
2505,3541,73,18-10-2024
2506,3157,117,27-01-2024
2507,1128,149,19-04-2024
2508,958,101,07-10-2024
2509,1564,157,29-03-2024
2510,2882,5,16-02-2024
2511,4516,91,13-05-2024
2512,3848,34,14-10-2024
2513,894,52,17-03-2024
2514,1524,25,15-09-2024
2515,4956,39,17-07-2024
2516,4910,11,31-08-2024
2517,4755,162,15-03-2024
2518,3714,80,22-09-2024
2519,1597,10,28-04-2024
2520,3597,48,04-08-2024
2521,2621,55,05-09-2024
2522,1100,183,11-08-2024
2523,1555,170,15-08-2024
2524,4221,23,03-10-2024
2525,4576,120,20-05-2024
2526,1731,127,05-04-2024
2527,3686,31,26-01-2024
2528,3049,124,10-03-2024
2529,1874,89,20-01-2024
2530,4129,67,13-01-2024
2531,3148,37,20-07-2024
2532,967,25,24-10-2024
2533,3389,71,08-05-2024
2534,3896,192,12-08-2024
2535,481,175,17-01-2024
2536,2108,106,01-05-2024
2537,3717,151,19-01-2024
2538,714,164,29-10-2024
2539,3729,48,12-01-2024
2540,2457,160,09-03-2024
2541,474,68,18-04-2024
2542,1073,160,10-02-2024
2543,2009,188,20-09-2024
2544,2792,191,24-06-2024
2545,3090,162,13-01-2024
2546,1288,187,24-03-2024
2547,68,168,06-06-2024
2548,2774,126,05-10-2024
2549,1205,31,07-04-2024
2550,5,44,12-03-2024
2551,1815,166,04-04-2024
2552,849,7,05-11-2024
2553,2316,8,09-07-2024
2554,1156,6,07-10-2024
2555,1698,179,06-04-2024
2556,2434,46,25-03-2024
2557,3497,141,31-01-2024
2558,3930,162,20-03-2024
2559,117,146,26-04-2024
2560,1936,101,03-09-2024
2561,4777,81,27-02-2024
2562,3372,198,30-04-2024
2563,1258,103,25-01-2024
2564,3846,136,23-04-2024
2565,4362,33,31-08-2024
2566,3457,12,19-06-2024
2567,593,126,18-02-2024
2568,1665,184,07-11-2024
2569,3309,154,18-07-2024
2570,1498,78,10-08-2024
2571,224,81,06-07-2024
2572,1896,85,01-06-2024
2573,3246,187,04-03-2024
2574,1915,113,30-01-2024
2575,998,0,22-10-2024
2576,690,114,05-07-2024
2577,4454,105,31-10-2024
2578,2284,163,01-07-2024
2579,2156,15,23-08-2024
2580,2412,74,13-09-2024
2581,1134,197,11-10-2024
2582,4103,42,09-10-2024
2583,3743,177,24-04-2024
2584,404,59,09-10-2024
2585,4086,102,24-02-2024
2586,502,144,06-09-2024
2587,1987,132,24-08-2024
2588,4846,5,09-03-2024
2589,874,189,08-02-2024
2590,4532,23,14-01-2024
2591,2827,52,10-02-2024
2592,1333,198,11-07-2024
2593,4248,176,22-02-2024
2594,1516,100,11-07-2024
2595,3037,63,13-04-2024
2596,4842,127,29-07-2024
2597,3439,102,24-10-2024
2598,3566,155,21-02-2024
2599,3158,49,01-02-2024
2600,3507,150,02-10-2024
2601,423,66,12-05-2024
2602,1002,144,03-02-2024
2603,3395,165,05-07-2024
2604,2832,158,24-10-2024
2605,3583,85,10-05-2024
2606,2578,121,08-01-2024
2607,4250,144,11-10-2024
2608,4600,53,09-07-2024
2609,3482,104,22-09-2024
2610,1678,172,08-08-2024
2611,1721,48,12-06-2024
2612,1710,35,01-04-2024
2613,2379,63,01-02-2024
2614,1220,185,28-03-2024
2615,4176,121,25-02-2024
2616,1437,126,16-04-2024
2617,4223,60,23-09-2024
2618,2908,106,24-01-2024
2619,2337,58,14-09-2024
2620,3078,158,09-10-2024
2621,3386,172,16-04-2024
2622,2090,200,15-08-2024
2623,2532,171,31-05-2024
2624,2843,67,01-02-2024
2625,2853,193,29-08-2024
2626,1878,144,12-06-2024
2627,4723,34,28-09-2024
2628,3818,67,07-09-2024
2629,3152,2,02-09-2024
2630,213,195,03-05-2024
2631,2995,140,05-02-2024
2632,3768,98,25-08-2024
2633,1369,163,02-06-2024
2634,3142,73,01-06-2024
2635,2298,111,07-03-2024
2636,4620,69,05-07-2024
2637,649,37,05-02-2024
2638,3665,42,17-04-2024
2639,749,169,16-05-2024
2640,4012,54,07-07-2024
2641,2421,129,21-01-2024
2642,4155,99,13-06-2024
2643,3071,2,02-05-2024
2644,3438,25,25-09-2024
2645,4859,21,25-07-2024
2646,1318,86,24-09-2024
2647,2117,178,17-06-2024
2648,1526,176,29-10-2024
2649,406,151,16-07-2024
2650,2959,43,18-06-2024
2651,3577,170,04-03-2024
2652,1643,179,26-10-2024
2653,4909,33,24-03-2024
2654,2251,146,20-06-2024
2655,450,171,17-07-2024
2656,519,168,24-05-2024
2657,4421,193,27-09-2024
2658,1929,183,18-10-2024
2659,1720,196,23-06-2024
2660,1178,76,28-06-2024
2661,3314,183,07-02-2024
2662,3556,200,19-09-2024
2663,1045,15,28-06-2024
2664,1528,34,17-02-2024
2665,2216,176,10-03-2024
2666,2475,174,26-01-2024
2667,690,162,11-08-2024
2668,1291,73,17-08-2024
2669,457,52,09-08-2024
2670,3888,106,16-03-2024
2671,4186,137,26-09-2024
2672,2031,177,11-09-2024
2673,4269,103,22-08-2024
2674,4316,118,01-11-2024
2675,3352,48,03-02-2024
2676,850,82,10-07-2024
2677,2028,82,27-05-2024
2678,968,129,07-10-2024
2679,4035,62,15-10-2024
2680,1156,109,04-07-2024
2681,3294,107,01-01-2024
2682,2834,160,15-09-2024
2683,3675,98,19-10-2024
2684,3621,61,09-07-2024
2685,4548,131,04-09-2024
2686,2681,39,05-01-2024
2687,1670,128,01-01-2024
2688,1914,90,19-02-2024
2689,1245,175,07-03-2024
2690,155,176,08-09-2024
2691,1749,174,19-06-2024
2692,1392,153,12-08-2024
2693,495,127,13-06-2024
2694,4854,75,27-10-2024
2695,1088,181,03-03-2024
2696,2769,115,13-10-2024
2697,871,71,17-04-2024
2698,2030,31,28-04-2024
2699,4804,39,10-05-2024
2700,4690,133,12-03-2024
2701,3448,83,20-06-2024
2702,1997,72,15-07-2024
2703,394,86,22-04-2024
2704,2420,142,17-03-2024
2705,2103,121,01-01-2024
2706,4920,39,28-09-2024
2707,868,81,05-01-2024
2708,3346,45,26-03-2024
2709,3850,198,23-08-2024
2710,302,56,30-07-2024
2711,2589,129,12-07-2024
2712,1297,79,13-07-2024
2713,4966,77,04-09-2024
2714,1285,120,20-10-2024
2715,4562,44,16-01-2024
2716,2623,94,12-06-2024
2717,4351,154,31-10-2024
2718,4558,67,21-04-2024
2719,4246,136,13-06-2024
2720,1418,76,12-05-2024
2721,3462,187,07-08-2024
2722,3383,197,29-04-2024
2723,4720,123,13-10-2024
2724,4250,6,19-08-2024
2725,409,70,04-02-2024
2726,2455,76,12-09-2024
2727,2360,5,23-10-2024
2728,3335,162,28-07-2024
2729,396,134,10-06-2024
2730,526,168,29-07-2024
2731,4146,135,07-09-2024
2732,1511,91,11-10-2024
2733,1931,76,28-04-2024
2734,3505,64,21-08-2024
2735,2242,171,09-09-2024
2736,3728,186,17-07-2024
2737,4435,60,07-07-2024
2738,1452,18,27-09-2024
2739,4928,57,15-04-2024
2740,2847,144,21-08-2024
2741,3552,86,02-10-2024
2742,2857,41,16-03-2024
2743,4816,45,28-09-2024
2744,1604,63,10-03-2024
2745,240,97,03-01-2024
2746,763,142,22-03-2024
2747,3574,157,07-10-2024
2748,2836,1,13-08-2024
2749,3414,53,24-02-2024
2750,1114,8,05-03-2024
2751,2553,43,26-05-2024
2752,4179,63,02-08-2024
2753,2242,60,05-06-2024
2754,3668,132,13-07-2024
2755,1632,127,01-07-2024
2756,3022,196,10-01-2024
2757,2209,130,08-09-2024
2758,1977,142,23-09-2024
2759,1426,180,21-03-2024
2760,4200,139,01-07-2024
2761,4727,45,22-05-2024
2762,777,24,24-05-2024
2763,4142,179,13-10-2024
2764,2362,80,03-11-2024
2765,4136,84,09-07-2024
2766,2443,65,25-07-2024
2767,3579,181,22-05-2024
2768,4158,131,01-11-2024
2769,2289,44,21-04-2024
2770,2685,173,07-05-2024
2771,3861,30,07-07-2024
2772,3663,66,30-09-2024
2773,1586,52,26-09-2024
2774,415,46,30-05-2024
2775,3427,86,05-05-2024
2776,2842,3,24-03-2024
2777,784,190,02-01-2024
2778,4898,83,13-08-2024
2779,3941,185,25-02-2024
2780,152,43,11-04-2024
2781,4759,117,17-10-2024
2782,606,182,11-06-2024
2783,2729,79,21-04-2024
2784,3249,180,20-03-2024
2785,86,67,08-01-2024
2786,1420,31,15-07-2024
2787,693,139,13-02-2024
2788,4500,157,27-03-2024
2789,731,143,20-02-2024
2790,882,46,28-02-2024
2791,3697,117,08-03-2024
2792,2675,178,14-05-2024
2793,1677,44,27-06-2024
2794,1763,101,23-05-2024
2795,4133,183,08-01-2024
2796,4437,108,10-04-2024
2797,3745,194,30-01-2024
2798,3914,2,23-02-2024
2799,2650,136,04-03-2024
2800,1001,200,12-06-2024
2801,2414,11,01-06-2024
2802,2745,193,28-04-2024
2803,4005,165,19-10-2024
2804,674,47,02-04-2024
2805,1010,133,25-09-2024
2806,2046,161,05-11-2024
2807,740,152,25-05-2024
2808,1843,164,10-10-2024
2809,690,69,22-10-2024
2810,2804,82,02-01-2024
2811,1274,120,10-08-2024
2812,3027,186,19-04-2024
2813,2937,140,02-05-2024
2814,3510,34,23-05-2024
2815,2137,7,14-10-2024
2816,4164,51,08-09-2024
2817,4053,139,07-09-2024
2818,3144,131,21-06-2024
2819,3487,172,31-03-2024
2820,1910,49,08-02-2024
2821,1725,176,21-04-2024
2822,4515,178,26-10-2024
2823,688,186,09-08-2024
2824,4918,191,28-02-2024
2825,543,52,13-09-2024
2826,2742,186,13-06-2024
2827,1658,141,12-06-2024
2828,2505,40,09-03-2024
2829,338,197,26-02-2024
2830,4260,99,12-09-2024
2831,166,183,08-04-2024
2832,3108,20,09-07-2024
2833,2601,131,19-06-2024
2834,4251,167,15-06-2024
2835,1138,101,01-01-2024
2836,4170,134,19-03-2024
2837,3449,88,03-08-2024
2838,865,84,29-02-2024
2839,66,89,08-11-2024
2840,4017,40,21-09-2024
2841,2863,102,14-07-2024
2842,1394,95,24-01-2024
2843,1545,126,05-07-2024
2844,1527,107,28-01-2024
2845,322,33,24-01-2024
2846,1203,32,20-01-2024
2847,1031,155,26-02-2024
2848,2164,138,09-04-2024
2849,974,11,02-05-2024
2850,2667,98,23-07-2024
2851,1903,68,27-10-2024
2852,136,48,05-10-2024
2853,3823,167,24-07-2024
2854,1437,152,19-09-2024
2855,2489,149,21-10-2024
2856,2641,200,15-06-2024
2857,2423,12,15-04-2024
2858,2119,103,13-02-2024
2859,3859,150,01-09-2024
2860,662,123,27-06-2024
2861,1963,144,11-09-2024
2862,349,191,16-08-2024
2863,1006,19,02-04-2024
2864,1425,5,20-08-2024
2865,4471,47,22-08-2024
2866,4294,79,31-05-2024
2867,3290,191,25-08-2024
2868,853,110,04-07-2024
2869,4491,158,22-08-2024
2870,1078,188,04-04-2024
2871,481,50,12-09-2024
2872,805,22,20-10-2024
2873,505,67,30-10-2024
2874,2836,4,02-11-2024
2875,3760,186,05-09-2024
2876,4362,172,27-03-2024
2877,2514,131,20-10-2024
2878,1105,151,04-11-2024
2879,2812,162,25-08-2024
2880,2646,152,24-10-2024
2881,3841,127,19-03-2024
2882,1454,182,05-04-2024
2883,3095,59,15-07-2024
2884,4040,7,16-03-2024
2885,2521,184,08-10-2024
2886,2502,114,17-03-2024
2887,2330,145,23-07-2024
2888,3474,159,22-06-2024
2889,1852,95,15-06-2024
2890,4040,13,03-08-2024
2891,1329,144,17-07-2024
2892,1732,78,22-03-2024
2893,2185,191,02-08-2024
2894,3476,71,06-10-2024
2895,1095,155,05-11-2024
2896,2532,6,03-06-2024
2897,4121,3,21-07-2024
2898,4580,197,13-08-2024
2899,2313,50,03-11-2024
2900,28,169,24-07-2024
2901,2836,106,28-02-2024
2902,3457,34,14-05-2024
2903,2644,61,18-07-2024
2904,2514,39,17-02-2024
2905,822,185,22-06-2024
2906,1743,36,22-03-2024
2907,4772,30,04-08-2024
2908,3527,88,06-10-2024
2909,2413,137,17-06-2024
2910,3957,24,28-07-2024
2911,2792,100,09-02-2024
2912,3,138,27-05-2024
2913,4764,59,15-05-2024
2914,2527,23,11-03-2024
2915,463,78,15-10-2024
2916,4817,119,25-02-2024
2917,3708,65,06-04-2024
2918,4912,149,09-05-2024
2919,659,200,15-01-2024
2920,151,90,09-07-2024
2921,24,169,03-09-2024
2922,2039,51,22-08-2024
2923,234,14,03-10-2024
2924,827,152,02-09-2024
2925,3848,186,27-08-2024
2926,2707,4,01-04-2024
2927,2347,121,05-07-2024
2928,3288,109,30-07-2024
2929,1983,103,09-07-2024
2930,226,50,31-03-2024
2931,2472,167,11-10-2024
2932,160,67,02-09-2024
2933,4712,134,19-05-2024
2934,2605,106,21-02-2024
2935,2952,133,14-02-2024
2936,2827,20,13-08-2024
2937,3481,144,22-08-2024
2938,1038,144,22-07-2024
2939,4410,141,10-01-2024
2940,1085,176,26-05-2024
2941,172,61,19-07-2024
2942,3544,175,09-04-2024
2943,2320,101,19-08-2024
2944,54,127,05-06-2024
2945,935,84,12-01-2024
2946,2469,54,15-09-2024
2947,4429,71,17-03-2024
2948,3859,10,22-03-2024
2949,3355,175,22-04-2024
2950,295,159,09-03-2024
2951,641,80,18-08-2024
2952,1588,143,29-10-2024
2953,1506,121,27-08-2024
2954,4528,21,08-10-2024
2955,3469,125,16-05-2024
2956,1583,172,23-01-2024
2957,3721,67,29-07-2024
2958,110,161,02-06-2024
2959,3644,60,29-06-2024
2960,2198,58,29-02-2024
2961,4374,101,06-10-2024
2962,4642,159,29-02-2024
2963,2021,19,07-06-2024
2964,582,38,14-09-2024
2965,4015,52,02-09-2024
2966,3588,199,17-06-2024
2967,2228,176,12-03-2024
2968,4243,21,26-07-2024
2969,4111,80,04-02-2024
2970,16,58,22-01-2024
2971,2964,88,23-06-2024
2972,4569,77,05-06-2024
2973,1555,101,20-06-2024
2974,3019,19,26-06-2024
2975,2608,190,14-10-2024
2976,3757,23,21-06-2024
2977,3425,152,27-10-2024
2978,4748,71,28-07-2024
2979,1368,35,09-06-2024
2980,155,54,21-06-2024
2981,1126,147,17-09-2024
2982,47,112,03-10-2024
2983,4276,101,29-03-2024
2984,4238,17,29-09-2024
2985,3607,78,21-08-2024
2986,4520,51,06-07-2024
2987,1069,141,30-01-2024
2988,3734,84,25-07-2024
2989,4261,152,27-01-2024
2990,2631,66,24-08-2024
2991,3227,31,18-01-2024
2992,2235,48,19-05-2024
2993,2076,63,10-09-2024
2994,3981,89,11-08-2024
2995,1541,70,19-06-2024
2996,3117,45,12-04-2024
2997,4972,5,16-06-2024
2998,4241,155,13-07-2024
2999,1252,98,01-11-2024
3000,4133,47,10-08-2024
3001,2325,197,08-08-2024
3002,4319,191,29-03-2024
3003,2994,11,25-03-2024
3004,1928,149,13-01-2024
3005,130,100,20-05-2024
3006,1827,2,24-03-2024
3007,1682,162,25-09-2024
3008,1241,18,07-07-2024
3009,2035,155,18-04-2024
3010,4568,65,17-01-2024
3011,2682,172,16-09-2024
3012,4933,132,13-06-2024
3013,4444,32,02-03-2024
3014,2080,24,09-04-2024
3015,2009,111,24-02-2024
3016,2112,142,30-05-2024
3017,3978,102,15-02-2024
3018,1351,166,22-01-2024
3019,1035,180,02-10-2024
3020,3340,22,01-04-2024
3021,1992,53,03-04-2024
3022,1619,105,28-02-2024
3023,3270,186,18-04-2024
3024,720,182,03-08-2024
3025,2299,137,26-09-2024
3026,1068,59,02-07-2024
3027,1525,127,12-07-2024
3028,1241,35,13-03-2024
3029,4612,68,31-05-2024
3030,660,148,15-05-2024
3031,4472,125,12-02-2024
3032,1237,108,24-07-2024
3033,118,97,27-07-2024
3034,4945,124,16-04-2024
3035,2961,127,29-10-2024
3036,1225,75,23-08-2024
3037,1884,46,13-02-2024
3038,4506,24,26-08-2024
3039,2644,63,27-07-2024
3040,2046,167,07-06-2024
3041,3185,147,19-10-2024
3042,4887,182,01-06-2024
3043,3239,76,01-02-2024
3044,1979,84,23-03-2024
3045,900,65,24-02-2024
3046,2101,9,13-08-2024
3047,3629,171,26-04-2024
3048,1105,30,09-01-2024
3049,1557,0,04-06-2024
3050,647,122,02-04-2024
3051,3899,80,21-05-2024
3052,2883,169,02-07-2024
3053,538,17,11-03-2024
3054,1085,97,12-04-2024
3055,1659,35,30-06-2024
3056,364,136,05-06-2024
3057,4672,17,20-03-2024
3058,2615,132,20-08-2024
3059,3633,168,01-08-2024
3060,316,84,15-05-2024
3061,1353,13,03-07-2024
3062,961,56,24-10-2024
3063,4206,174,27-02-2024
3064,3189,28,03-06-2024
3065,3806,100,13-09-2024
3066,1100,150,28-09-2024
3067,3070,149,22-07-2024
3068,2358,5,05-05-2024
3069,2919,67,14-01-2024
3070,43,47,05-01-2024
3071,2469,51,29-06-2024
3072,3506,143,24-02-2024
3073,595,146,02-08-2024
3074,2950,132,19-09-2024
3075,2646,93,01-10-2024
3076,4602,40,26-04-2024
3077,154,70,29-03-2024
3078,612,81,16-07-2024
3079,4275,56,08-09-2024
3080,1567,186,03-10-2024
3081,2671,76,26-09-2024
3082,1186,76,17-05-2024
3083,1887,118,22-07-2024
3084,2909,153,27-10-2024
3085,79,153,03-11-2024
3086,652,34,04-01-2024
3087,3783,164,11-01-2024
3088,1190,138,12-08-2024
3089,46,166,29-08-2024
3090,3535,116,16-08-2024
3091,1066,76,17-07-2024
3092,4345,196,15-06-2024
3093,2446,35,17-06-2024
3094,749,151,23-09-2024
3095,3944,57,28-09-2024
3096,412,11,08-08-2024
3097,4896,77,03-03-2024
3098,2813,57,31-10-2024
3099,1730,89,27-09-2024
3100,2732,145,13-04-2024
3101,2420,161,07-09-2024
3102,4041,26,05-11-2024
3103,1419,48,01-05-2024
3104,775,169,25-09-2024
3105,3194,46,07-01-2024
3106,4176,82,06-05-2024
3107,167,15,26-01-2024
3108,584,122,13-04-2024
3109,2091,108,27-08-2024
3110,1865,148,12-01-2024
3111,4222,50,30-04-2024
3112,3386,16,14-07-2024
3113,2859,97,20-10-2024
3114,3010,192,30-06-2024
3115,676,172,17-10-2024
3116,3337,69,27-03-2024
3117,3350,127,13-05-2024
3118,3357,120,06-10-2024
3119,2670,165,23-08-2024
3120,4629,121,08-07-2024
3121,4070,175,25-05-2024
3122,94,40,16-04-2024
3123,1390,146,28-03-2024
3124,918,100,21-04-2024
3125,2847,46,04-11-2024
3126,3220,118,04-05-2024
3127,1030,38,01-04-2024
3128,141,101,28-05-2024
3129,833,20,24-04-2024
3130,1162,155,28-08-2024
3131,2004,184,07-08-2024
3132,3355,68,01-06-2024
3133,1376,26,08-02-2024
3134,4268,190,04-10-2024
3135,117,186,24-01-2024
3136,836,172,08-07-2024
3137,1752,61,12-07-2024
3138,4011,154,07-10-2024
3139,2473,28,10-08-2024
3140,2970,18,23-08-2024
3141,4862,139,04-09-2024
3142,204,64,21-06-2024
3143,2547,116,26-06-2024
3144,4316,9,25-02-2024
3145,4394,188,28-02-2024
3146,1995,179,03-03-2024
3147,4444,186,24-02-2024
3148,4480,31,27-09-2024
3149,3958,41,15-06-2024
3150,105,0,29-04-2024
3151,722,154,27-05-2024
3152,3887,4,10-10-2024
3153,1786,49,19-09-2024
3154,2047,190,02-02-2024
3155,1955,167,20-10-2024
3156,1526,77,05-05-2024
3157,4959,19,03-04-2024
3158,680,110,02-04-2024
3159,3827,152,14-01-2024
3160,2280,44,05-01-2024
3161,4814,47,27-02-2024
3162,1381,51,11-07-2024
3163,1513,124,05-01-2024
3164,60,32,22-02-2024
3165,3473,157,27-06-2024
3166,4379,119,28-10-2024
3167,3370,146,21-05-2024
3168,4582,104,15-10-2024
3169,3698,93,24-01-2024
3170,4651,116,03-07-2024
3171,2063,127,11-06-2024
3172,1442,88,08-11-2024
3173,4161,168,25-08-2024
3174,1404,144,01-07-2024
3175,2443,173,23-10-2024
3176,2591,160,26-09-2024
3177,1299,167,18-06-2024
3178,3287,149,26-09-2024
3179,835,174,06-08-2024
3180,2684,32,04-04-2024
3181,1386,154,27-07-2024
3182,1517,61,25-09-2024
3183,2492,68,16-01-2024
3184,2724,163,03-05-2024
3185,1429,69,12-02-2024
3186,1085,40,07-04-2024
3187,1464,50,19-05-2024
3188,1625,197,03-04-2024
3189,2386,59,03-08-2024
3190,635,25,26-05-2024
3191,3290,168,09-09-2024
3192,4748,99,18-08-2024
3193,1773,92,20-09-2024
3194,849,82,04-01-2024
3195,1783,23,15-02-2024
3196,3619,159,17-06-2024
3197,2774,149,19-07-2024
3198,2098,28,28-01-2024
3199,1429,91,01-03-2024
3200,1177,190,22-10-2024
3201,4590,44,15-01-2024
3202,2402,47,12-07-2024
3203,1618,10,12-05-2024
3204,3202,146,03-01-2024
3205,2197,60,22-01-2024
3206,2778,9,10-01-2024
3207,4273,68,05-06-2024
3208,3385,69,25-08-2024
3209,201,114,26-10-2024
3210,4481,123,27-08-2024
3211,4533,77,22-09-2024
3212,1200,174,01-02-2024
3213,4714,185,15-05-2024
3214,869,134,22-05-2024
3215,4476,97,24-07-2024
3216,3966,37,14-05-2024
3217,3754,157,08-08-2024
3218,38,38,26-03-2024
3219,365,35,15-08-2024
3220,44,6,13-09-2024
3221,4950,140,01-03-2024
3222,3732,25,25-02-2024
3223,3828,196,10-04-2024
3224,104,13,09-04-2024
3225,3190,0,03-05-2024
3226,4894,167,18-05-2024
3227,2836,22,18-06-2024
3228,212,149,11-05-2024
3229,1100,10,11-03-2024
3230,2027,39,23-03-2024
3231,917,159,11-03-2024
3232,4743,34,19-02-2024
3233,1068,106,07-02-2024
3234,209,190,27-04-2024
3235,966,83,15-10-2024
3236,4650,33,27-07-2024
3237,2609,22,26-08-2024
3238,2627,108,30-04-2024
3239,3799,85,18-04-2024
3240,2069,45,24-10-2024
3241,3818,66,02-02-2024
3242,1772,72,14-03-2024
3243,4064,63,29-08-2024
3244,3811,15,07-11-2024
3245,1517,84,27-10-2024
3246,1514,92,10-08-2024
3247,2292,18,11-08-2024
3248,2466,193,25-05-2024
3249,1429,81,11-09-2024
3250,500,51,03-02-2024
3251,2684,161,22-06-2024
3252,1033,13,05-06-2024
3253,4601,55,07-08-2024
3254,3159,160,20-08-2024
3255,2068,91,18-03-2024
3256,4502,167,22-03-2024
3257,2821,151,21-01-2024
3258,4646,167,02-04-2024
3259,4862,93,02-08-2024
3260,1279,98,31-01-2024
3261,2438,71,03-05-2024
3262,4858,48,17-06-2024
3263,2850,89,14-08-2024
3264,4267,27,07-05-2024
3265,3433,133,16-08-2024
3266,4039,73,17-01-2024
3267,2632,105,06-07-2024
3268,1604,157,06-01-2024
3269,155,101,15-05-2024
3270,1898,77,13-10-2024
3271,1997,137,13-09-2024
3272,3952,36,18-09-2024
3273,871,52,23-10-2024
3274,2038,86,18-06-2024
3275,4544,12,20-08-2024
3276,1476,0,23-05-2024
3277,3460,29,02-10-2024
3278,4417,74,26-01-2024
3279,655,39,06-01-2024
3280,2118,134,16-06-2024
3281,602,67,22-03-2024
3282,3174,43,08-06-2024
3283,4880,52,13-02-2024
3284,4881,128,09-09-2024
3285,103,86,31-10-2024
3286,1331,56,25-01-2024
3287,3403,192,24-02-2024
3288,2409,108,20-07-2024
3289,1107,132,07-07-2024
3290,3940,119,23-04-2024
3291,4277,137,16-01-2024
3292,4738,170,30-09-2024
3293,4953,93,14-07-2024
3294,2395,31,08-09-2024
3295,3902,140,13-02-2024
3296,1033,112,25-01-2024
3297,1488,23,25-06-2024
3298,983,64,15-03-2024
3299,1675,4,10-01-2024
3300,4040,182,23-09-2024
3301,4708,66,25-05-2024
3302,2619,145,12-08-2024
3303,25,70,04-11-2024
3304,2336,123,21-08-2024
3305,1864,24,30-03-2024
3306,1769,148,24-07-2024
3307,4863,20,26-02-2024
3308,941,14,27-01-2024
3309,2243,28,16-04-2024
3310,3028,192,01-05-2024
3311,3474,73,21-02-2024
3312,4186,91,30-07-2024
3313,1136,159,20-06-2024
3314,4830,18,08-11-2024
3315,593,19,20-07-2024
3316,1976,95,14-08-2024
3317,2563,70,21-08-2024
3318,4746,139,21-10-2024
3319,4325,13,13-08-2024
3320,302,199,07-08-2024
3321,2346,195,02-06-2024
3322,1321,75,22-02-2024
3323,4201,160,15-07-2024
3324,391,81,11-08-2024
3325,4442,72,01-04-2024
3326,1229,24,03-01-2024
3327,3137,100,30-10-2024
3328,3247,71,06-09-2024
3329,2807,64,13-03-2024
3330,4794,97,02-08-2024
3331,793,66,21-04-2024
3332,4040,138,22-01-2024
3333,3343,47,20-05-2024
3334,2983,107,26-02-2024
3335,2252,178,30-01-2024
3336,1426,96,14-07-2024
3337,3213,165,19-05-2024
3338,2984,112,19-01-2024
3339,3844,129,04-05-2024
3340,389,57,28-05-2024
3341,2772,50,21-01-2024
3342,4724,49,05-08-2024
3343,1455,30,14-03-2024
3344,1476,116,15-10-2024
3345,712,163,11-02-2024
3346,1394,165,09-08-2024
3347,4150,130,07-02-2024
3348,3436,185,28-02-2024
3349,1643,60,10-09-2024
3350,53,59,07-06-2024
3351,1832,39,21-01-2024
3352,3868,111,12-04-2024
3353,1157,187,29-09-2024
3354,4829,92,10-10-2024
3355,2187,26,31-07-2024
3356,4213,198,17-05-2024
3357,2296,122,16-10-2024
3358,3203,162,24-07-2024
3359,4259,172,08-08-2024
3360,1080,163,12-06-2024
3361,203,53,06-05-2024
3362,957,99,12-04-2024
3363,4844,193,26-08-2024
3364,3093,94,02-08-2024
3365,3752,40,27-01-2024
3366,1866,86,31-07-2024
3367,3764,57,15-04-2024
3368,1232,7,15-04-2024
3369,1725,157,07-01-2024
3370,3357,183,18-08-2024
3371,1665,51,03-04-2024
3372,2459,44,30-07-2024
3373,847,173,15-06-2024
3374,3556,197,17-05-2024
3375,3563,39,29-04-2024
3376,1432,92,27-06-2024
3377,1159,86,27-01-2024
3378,4165,85,29-08-2024
3379,3074,64,26-10-2024
3380,2150,103,13-03-2024
3381,1227,47,13-07-2024
3382,4339,141,06-09-2024
3383,3366,196,20-01-2024
3384,2972,129,23-09-2024
3385,3394,140,24-05-2024
3386,3864,188,08-04-2024
3387,2225,149,17-07-2024
3388,4700,78,26-06-2024
3389,2249,127,28-04-2024
3390,771,107,24-07-2024
3391,2389,37,02-07-2024
3392,4345,171,15-01-2024
3393,2710,197,10-05-2024
3394,4054,139,03-06-2024
3395,2719,71,27-05-2024
3396,2399,176,29-02-2024
3397,2621,192,28-03-2024
3398,2107,19,11-01-2024
3399,3896,159,01-11-2024
3400,4633,25,09-10-2024
3401,4019,143,19-01-2024
3402,3069,77,24-05-2024
3403,4885,23,01-06-2024
3404,2777,185,03-01-2024
3405,1520,18,14-08-2024
3406,3451,181,08-09-2024
3407,2044,59,29-04-2024
3408,2332,54,15-04-2024
3409,2635,9,31-08-2024
3410,3591,64,31-05-2024
3411,3840,165,11-02-2024
3412,2470,142,20-05-2024
3413,1351,98,05-01-2024
3414,4267,53,07-02-2024
3415,3865,124,23-02-2024
3416,439,38,29-10-2024
3417,4985,185,18-09-2024
3418,3385,32,29-10-2024
3419,1900,19,08-10-2024
3420,2150,156,26-03-2024
3421,239,167,09-05-2024
3422,4074,59,21-01-2024
3423,3317,176,10-06-2024
3424,3833,70,02-06-2024
3425,622,31,01-09-2024
3426,3220,149,25-05-2024
3427,3785,135,26-05-2024
3428,4797,42,17-06-2024
3429,286,86,22-01-2024
3430,1523,35,19-05-2024
3431,3861,46,12-01-2024
3432,1159,179,15-05-2024
3433,1717,162,27-08-2024
3434,4689,173,09-01-2024
3435,1666,126,17-07-2024
3436,4899,167,20-05-2024
3437,725,60,07-09-2024
3438,12,0,24-05-2024
3439,3538,55,27-09-2024
3440,4417,175,26-06-2024
3441,4208,36,15-06-2024
3442,3899,185,08-05-2024
3443,4425,69,07-07-2024
3444,3399,144,27-07-2024
3445,2979,183,11-08-2024
3446,4779,92,23-03-2024
3447,1859,0,08-11-2024
3448,4225,20,03-07-2024
3449,2598,71,10-08-2024
3450,528,86,28-09-2024
3451,1275,194,06-04-2024
3452,4693,19,14-08-2024
3453,799,114,07-02-2024
3454,2887,128,21-08-2024
3455,1290,177,29-04-2024
3456,3851,115,08-07-2024
3457,159,66,13-04-2024
3458,4756,116,28-03-2024
3459,4364,120,28-06-2024
3460,3946,26,29-02-2024
3461,1861,103,08-08-2024
3462,3384,85,18-08-2024
3463,4579,142,17-01-2024
3464,4574,165,30-09-2024
3465,3266,179,15-03-2024
3466,3700,185,06-05-2024
3467,4109,175,29-02-2024
3468,2028,117,02-02-2024
3469,3102,11,26-09-2024
3470,1373,172,03-11-2024
3471,4173,128,24-10-2024
3472,2919,133,28-10-2024
3473,3999,21,08-08-2024
3474,141,70,11-10-2024
3475,3961,75,30-05-2024
3476,3714,40,08-01-2024
3477,2948,121,18-08-2024
3478,6,142,18-02-2024
3479,2616,173,11-01-2024
3480,3017,177,23-02-2024
3481,3200,59,25-06-2024
3482,3978,60,13-06-2024
3483,1656,65,30-10-2024
3484,3834,69,15-04-2024
3485,4887,101,12-07-2024
3486,1067,112,28-01-2024
3487,2813,116,23-10-2024
3488,4049,144,25-10-2024
3489,2234,176,29-04-2024
3490,372,185,13-03-2024
3491,3677,188,07-04-2024
3492,2089,137,19-09-2024
3493,1481,0,10-09-2024
3494,738,54,29-03-2024
3495,4080,20,06-03-2024
3496,4783,121,01-02-2024
3497,4941,77,09-02-2024
3498,1017,66,29-01-2024
3499,4420,171,02-09-2024
3500,4587,6,13-08-2024
3501,3436,65,20-01-2024
3502,238,45,20-02-2024
3503,1089,116,18-06-2024
3504,521,145,08-09-2024
3505,4896,113,10-06-2024
3506,408,195,22-10-2024
3507,180,118,18-09-2024
3508,4147,148,21-02-2024
3509,924,153,01-04-2024
3510,808,100,07-07-2024
3511,554,46,23-06-2024
3512,1195,146,15-03-2024
3513,1039,2,02-09-2024
3514,2860,172,02-08-2024
3515,3901,178,12-02-2024
3516,2986,130,31-10-2024
3517,365,143,26-03-2024
3518,2039,143,02-11-2024
3519,518,60,06-04-2024
3520,1265,101,03-01-2024
3521,2844,108,25-08-2024
3522,1927,139,27-07-2024
3523,2281,47,04-04-2024
3524,2836,104,07-02-2024
3525,858,134,12-04-2024
3526,2979,24,23-05-2024
3527,2720,195,04-03-2024
3528,4871,90,07-04-2024
3529,1459,23,09-07-2024
3530,3620,141,26-07-2024
3531,3424,186,25-10-2024
3532,4449,58,04-11-2024
3533,3532,193,06-01-2024
3534,1753,114,21-03-2024
3535,3153,103,29-04-2024
3536,3504,122,29-05-2024
3537,2858,3,25-03-2024
3538,4060,178,06-11-2024
3539,2395,191,17-03-2024
3540,3265,36,13-10-2024
3541,1188,83,11-03-2024
3542,4917,54,18-07-2024
3543,4146,30,21-06-2024
3544,4368,185,12-04-2024
3545,918,57,02-09-2024
3546,3429,146,29-02-2024
3547,515,3,07-11-2024
3548,2072,168,21-05-2024
3549,3289,144,10-06-2024
3550,2750,56,04-05-2024
3551,4971,33,05-06-2024
3552,869,21,02-08-2024
3553,2237,76,01-06-2024
3554,67,63,09-06-2024
3555,2325,172,22-10-2024
3556,1582,37,25-07-2024
3557,759,99,14-01-2024
3558,4762,76,17-10-2024
3559,4650,50,12-09-2024
3560,3152,63,09-05-2024
3561,1254,23,03-08-2024
3562,609,89,16-01-2024
3563,3951,135,13-01-2024
3564,2294,184,20-01-2024
3565,1064,155,04-10-2024
3566,4930,61,19-05-2024
3567,4080,113,03-08-2024
3568,1519,0,11-08-2024
3569,2513,22,12-09-2024
3570,1741,163,15-05-2024
3571,4706,78,28-09-2024
3572,2283,47,19-10-2024
3573,4893,192,24-03-2024
3574,2258,110,30-07-2024
3575,4495,40,14-02-2024
3576,3534,10,07-05-2024
3577,678,113,01-07-2024
3578,2004,18,24-05-2024
3579,4886,168,21-01-2024
3580,754,22,05-02-2024
3581,1088,138,01-05-2024
3582,2155,4,14-04-2024
3583,2575,102,26-03-2024
3584,927,92,22-09-2024
3585,4695,4,30-07-2024
3586,174,104,24-09-2024
3587,3410,106,16-10-2024
3588,2268,4,08-11-2024
3589,4521,156,09-05-2024
3590,3860,64,25-06-2024
3591,1338,78,28-07-2024
3592,3272,186,11-02-2024
3593,3304,146,05-08-2024
3594,2219,58,03-09-2024
3595,2349,85,20-01-2024
3596,3980,67,05-07-2024
3597,2274,141,25-06-2024
3598,1413,159,29-08-2024
3599,51,149,03-10-2024
3600,120,132,06-11-2024
3601,472,126,16-04-2024
3602,3192,198,28-08-2024
3603,1455,104,08-10-2024
3604,4716,82,11-02-2024
3605,1139,88,06-11-2024
3606,209,141,19-04-2024
3607,1489,199,25-07-2024
3608,4853,148,20-07-2024
3609,9,25,14-02-2024
3610,1224,196,14-05-2024
3611,4406,66,17-09-2024
3612,4932,37,21-10-2024
3613,4821,47,03-09-2024
3614,4813,127,01-11-2024
3615,2365,151,14-02-2024
3616,2765,79,24-04-2024
3617,203,189,15-04-2024
3618,1686,129,15-06-2024
3619,2607,53,06-06-2024
3620,940,97,05-02-2024
3621,321,181,19-08-2024
3622,3112,40,12-09-2024
3623,1912,94,18-08-2024
3624,1809,144,12-05-2024
3625,3905,190,08-04-2024
3626,3667,77,12-02-2024
3627,861,80,25-06-2024
3628,2342,13,06-02-2024
3629,2249,99,14-01-2024
3630,4717,79,02-01-2024
3631,3373,129,06-06-2024
3632,2714,37,21-05-2024
3633,4665,121,10-06-2024
3634,2341,71,24-02-2024
3635,4164,87,02-06-2024
3636,2449,200,31-05-2024
3637,217,116,15-06-2024
3638,2175,197,27-07-2024
3639,3603,165,02-08-2024
3640,116,193,20-05-2024
3641,3709,22,22-04-2024
3642,2934,90,31-10-2024
3643,210,183,01-05-2024
3644,4640,69,16-09-2024
3645,1678,184,09-05-2024
3646,215,128,01-04-2024
3647,369,159,28-10-2024
3648,1011,70,03-09-2024
3649,2230,99,23-09-2024
3650,520,39,03-06-2024
3651,3560,49,26-03-2024
3652,2908,13,12-07-2024
3653,2481,56,07-11-2024
3654,2570,115,11-07-2024
3655,2097,123,14-06-2024
3656,2611,178,17-06-2024
3657,381,27,20-05-2024
3658,2805,67,22-08-2024
3659,2334,25,29-08-2024
3660,793,143,16-05-2024
3661,1062,173,28-08-2024
3662,1419,45,20-08-2024
3663,2740,34,18-01-2024
3664,304,84,06-03-2024
3665,2791,49,14-09-2024
3666,3646,88,29-03-2024
3667,4327,158,17-04-2024
3668,3045,141,19-04-2024
3669,3869,123,27-10-2024
3670,925,163,05-11-2024
3671,121,80,21-02-2024
3672,2210,184,31-03-2024
3673,2162,159,07-11-2024
3674,2068,30,05-08-2024
3675,3969,126,09-02-2024
3676,2133,172,15-06-2024
3677,611,114,11-03-2024
3678,2038,26,12-03-2024
3679,4385,184,28-05-2024
3680,2554,72,15-06-2024
3681,454,124,14-04-2024
3682,551,35,17-07-2024
3683,3678,32,30-04-2024
3684,4799,14,26-08-2024
3685,2656,193,07-09-2024
3686,3152,75,11-02-2024
3687,2312,68,23-07-2024
3688,3402,115,08-09-2024
3689,1096,54,01-06-2024
3690,1167,111,07-02-2024
3691,3340,67,01-05-2024
3692,1074,46,29-05-2024
3693,1503,77,03-03-2024
3694,2434,183,01-08-2024
3695,3606,118,19-07-2024
3696,729,45,31-03-2024
3697,1600,146,05-06-2024
3698,4065,16,25-03-2024
3699,1495,157,03-10-2024
3700,113,55,10-05-2024
3701,2128,47,27-07-2024
3702,2338,148,24-01-2024
3703,1457,30,13-09-2024
3704,2923,170,25-05-2024
3705,4245,75,18-10-2024
3706,4053,9,21-03-2024
3707,4608,74,18-03-2024
3708,742,177,03-02-2024
3709,3223,28,12-09-2024
3710,3707,5,20-05-2024
3711,916,120,01-02-2024
3712,4668,93,01-09-2024
3713,4513,174,18-03-2024
3714,1038,108,30-01-2024
3715,131,197,20-09-2024
3716,3744,128,17-03-2024
3717,2790,197,14-05-2024
3718,2459,187,16-06-2024
3719,2162,41,14-02-2024
3720,1977,180,12-02-2024
3721,1692,91,21-06-2024
3722,3042,39,02-01-2024
3723,2509,77,04-03-2024
3724,356,119,07-07-2024
3725,1489,17,15-07-2024
3726,3007,172,22-04-2024
3727,2512,12,03-07-2024
3728,2457,193,13-03-2024
3729,2316,38,25-04-2024
3730,3690,172,29-04-2024
3731,4645,148,26-06-2024
3732,1966,17,12-08-2024
3733,1192,46,02-11-2024
3734,4138,174,15-03-2024
3735,1453,198,22-06-2024
3736,4875,81,07-03-2024
3737,4372,128,17-10-2024
3738,4676,162,09-03-2024
3739,64,104,29-03-2024
3740,3610,109,25-10-2024
3741,4996,108,29-08-2024
3742,3777,193,17-10-2024
3743,4598,68,12-02-2024
3744,4142,166,06-07-2024
3745,2381,173,23-10-2024
3746,972,172,27-05-2024
3747,3576,17,30-01-2024
3748,3882,165,24-08-2024
3749,4918,152,28-09-2024
3750,1332,191,07-06-2024
3751,3305,139,04-08-2024
3752,4830,62,03-03-2024
3753,488,151,07-03-2024
3754,334,128,14-05-2024
3755,4936,176,21-07-2024
3756,925,92,31-07-2024
3757,4648,102,12-05-2024
3758,2652,192,15-09-2024
3759,808,9,21-07-2024
3760,3194,114,16-04-2024
3761,4583,47,13-09-2024
3762,1282,36,17-03-2024
3763,1594,136,16-02-2024
3764,4898,193,24-03-2024
3765,2966,160,03-09-2024
3766,4401,27,30-09-2024
3767,105,86,18-10-2024
3768,104,77,01-05-2024
3769,1149,44,27-09-2024
3770,2447,51,21-09-2024
3771,3053,93,21-09-2024
3772,3747,37,11-07-2024
3773,3188,71,28-04-2024
3774,3113,177,06-01-2024
3775,2277,59,23-07-2024
3776,4331,196,22-06-2024
3777,3250,163,29-04-2024
3778,1988,3,22-06-2024
3779,477,77,16-04-2024
3780,1403,163,11-01-2024
3781,3975,102,24-06-2024
3782,351,128,16-03-2024
3783,4711,142,24-08-2024
3784,4777,54,04-07-2024
3785,820,27,28-02-2024
3786,3313,24,11-08-2024
3787,2493,190,01-09-2024
3788,3594,183,12-06-2024
3789,211,1,10-02-2024
3790,575,147,16-10-2024
3791,1827,125,08-07-2024
3792,191,160,14-05-2024
3793,4441,106,07-06-2024
3794,3630,45,12-05-2024
3795,3615,120,19-06-2024
3796,3670,8,07-07-2024
3797,1418,140,17-08-2024
3798,3050,46,10-08-2024
3799,1446,8,22-01-2024
3800,4193,106,29-05-2024
3801,807,101,18-02-2024
3802,891,110,15-07-2024
3803,4954,81,04-04-2024
3804,3785,14,14-10-2024
3805,2875,39,22-04-2024
3806,1730,58,11-04-2024
3807,782,138,27-02-2024
3808,2128,111,07-05-2024
3809,2216,25,18-02-2024
3810,3040,111,03-02-2024
3811,2407,18,15-07-2024
3812,2675,85,15-01-2024
3813,1604,98,19-08-2024
3814,749,2,02-05-2024
3815,630,146,11-04-2024
3816,3835,124,09-05-2024
3817,24,98,01-05-2024
3818,1196,50,31-01-2024
3819,896,96,15-08-2024
3820,2577,26,14-09-2024
3821,4564,144,18-02-2024
3822,4732,193,22-04-2024
3823,359,121,10-02-2024
3824,4980,23,23-05-2024
3825,193,116,20-02-2024
3826,4983,80,18-07-2024
3827,2401,42,16-06-2024
3828,4560,189,02-04-2024
3829,3389,87,30-04-2024
3830,4329,109,31-07-2024
3831,1429,180,07-04-2024
3832,1558,22,03-01-2024
3833,4787,63,26-01-2024
3834,2420,198,14-06-2024
3835,2986,152,27-10-2024
3836,1778,182,03-02-2024
3837,3336,78,17-09-2024
3838,177,190,24-06-2024
3839,3043,118,19-01-2024
3840,2420,10,09-09-2024
3841,2742,75,16-09-2024
3842,407,167,27-05-2024
3843,1439,62,07-04-2024
3844,357,91,23-08-2024
3845,2375,128,15-02-2024
3846,329,62,28-04-2024
3847,4744,166,28-04-2024
3848,1983,156,06-05-2024
3849,397,133,23-03-2024
3850,401,42,05-04-2024
3851,3277,81,10-07-2024
3852,1126,13,24-09-2024
3853,1988,98,15-05-2024
3854,3917,48,10-03-2024
3855,1548,147,08-01-2024
3856,775,176,07-02-2024
3857,1769,150,19-05-2024
3858,99,139,28-05-2024
3859,1568,26,26-08-2024
3860,1033,68,07-02-2024
3861,2348,62,17-04-2024
3862,4038,170,18-06-2024
3863,1513,70,18-09-2024
3864,2385,56,12-02-2024
3865,2570,141,27-05-2024
3866,3209,139,22-09-2024
3867,4784,23,26-04-2024
3868,3376,76,30-01-2024
3869,4425,9,16-05-2024
3870,4184,182,03-07-2024
3871,2501,77,29-03-2024
3872,4035,100,13-03-2024
3873,127,68,03-07-2024
3874,3704,83,14-06-2024
3875,2549,51,20-07-2024
3876,3801,38,14-04-2024
3877,676,52,03-01-2024
3878,4052,23,08-10-2024
3879,2006,66,28-08-2024
3880,466,164,04-02-2024
3881,2119,101,19-03-2024
3882,1823,192,13-04-2024
3883,2318,186,28-01-2024
3884,673,61,01-09-2024
3885,3217,109,09-07-2024
3886,676,169,15-07-2024
3887,4688,131,27-01-2024
3888,4863,142,07-01-2024
3889,3524,25,28-08-2024
3890,1749,103,03-01-2024
3891,4814,116,08-07-2024
3892,4523,157,13-02-2024
3893,1864,100,10-08-2024
3894,4649,34,25-05-2024
3895,4256,81,06-07-2024
3896,1247,160,06-09-2024
3897,262,10,09-02-2024
3898,1205,49,12-09-2024
3899,4127,62,26-04-2024
3900,187,25,13-05-2024
3901,2253,3,09-02-2024
3902,2730,95,01-05-2024
3903,4257,67,14-08-2024
3904,1115,32,19-05-2024
3905,4682,112,08-02-2024
3906,368,114,18-04-2024
3907,795,121,14-08-2024
3908,4652,52,25-09-2024
3909,171,122,10-09-2024
3910,1503,4,19-05-2024
3911,1146,23,06-05-2024
3912,3608,13,25-07-2024
3913,4310,66,27-10-2024
3914,1418,98,14-03-2024
3915,1858,177,29-07-2024
3916,10,52,07-07-2024
3917,3584,65,23-03-2024
3918,1282,22,28-05-2024
3919,1672,194,01-08-2024
3920,939,66,15-01-2024
3921,2336,100,30-06-2024
3922,3367,132,08-03-2024
3923,3474,120,18-08-2024
3924,3467,185,02-06-2024
3925,1295,158,14-06-2024
3926,155,80,09-10-2024
3927,1957,166,31-01-2024
3928,662,28,19-07-2024
3929,3700,153,20-01-2024
3930,658,197,26-07-2024
3931,2900,43,09-04-2024
3932,348,89,03-04-2024
3933,3041,171,21-07-2024
3934,465,83,20-07-2024
3935,571,90,27-01-2024
3936,4852,188,28-05-2024
3937,2749,185,29-07-2024
3938,2386,84,30-04-2024
3939,4152,114,24-07-2024
3940,674,15,24-02-2024
3941,3137,1,30-06-2024
3942,1924,58,04-10-2024
3943,4429,138,06-03-2024
3944,84,109,16-03-2024
3945,317,47,10-09-2024
3946,2010,72,10-01-2024
3947,3899,18,18-08-2024
3948,1258,133,22-08-2024
3949,2694,118,13-01-2024
3950,2017,105,25-06-2024
3951,2246,85,07-01-2024
3952,2956,148,01-11-2024
3953,1673,65,01-05-2024
3954,292,136,07-10-2024
3955,3474,148,29-05-2024
3956,3905,169,16-04-2024
3957,3578,72,07-04-2024
3958,735,131,12-05-2024
3959,1613,198,02-01-2024
3960,3709,34,01-04-2024
3961,4844,156,09-01-2024
3962,3142,12,14-09-2024
3963,3776,115,03-01-2024
3964,4012,8,26-05-2024
3965,1438,19,17-09-2024
3966,1690,81,02-01-2024
3967,891,178,11-04-2024
3968,732,88,18-05-2024
3969,1266,114,03-10-2024
3970,3669,39,08-10-2024
3971,3205,26,18-02-2024
3972,4716,31,18-09-2024
3973,4395,59,24-08-2024
3974,1043,69,26-08-2024
3975,4874,133,19-01-2024
3976,3184,15,17-07-2024
3977,2589,140,02-02-2024
3978,4394,111,18-07-2024
3979,4715,29,05-07-2024
3980,197,51,30-03-2024
3981,4066,28,22-03-2024
3982,1032,198,21-01-2024
3983,4796,23,12-01-2024
3984,722,145,09-03-2024
3985,1555,171,10-07-2024
3986,1039,170,04-09-2024
3987,2659,91,26-05-2024
3988,1816,84,02-04-2024
3989,1371,85,04-10-2024
3990,1530,79,23-02-2024
3991,4640,30,26-06-2024
3992,1056,118,12-03-2024
3993,563,145,05-03-2024
3994,2647,146,21-03-2024
3995,4740,169,30-10-2024
3996,3309,4,11-07-2024
3997,1034,174,27-03-2024
3998,418,72,14-06-2024
3999,2734,127,26-08-2024
4000,4467,161,05-05-2024
4001,2394,179,24-01-2024
4002,3130,65,11-04-2024
4003,4142,5,21-03-2024
4004,3469,77,26-02-2024
4005,312,144,09-09-2024
4006,3778,109,29-05-2024
4007,1678,22,18-01-2024
4008,2433,40,08-05-2024
4009,2108,59,15-08-2024
4010,4327,155,19-01-2024
4011,4726,198,11-04-2024
4012,4328,35,29-06-2024
4013,3405,137,31-03-2024
4014,4593,99,18-05-2024
4015,827,102,22-03-2024
4016,4687,120,07-05-2024
4017,2695,102,24-02-2024
4018,220,187,04-03-2024
4019,1593,0,11-06-2024
4020,1105,147,21-10-2024
4021,2938,95,12-09-2024
4022,1852,146,22-05-2024
4023,3343,189,11-04-2024
4024,3626,157,17-08-2024
4025,3752,165,21-03-2024
4026,4803,78,21-01-2024
4027,3502,99,04-11-2024
4028,3528,10,22-10-2024
4029,246,75,13-05-2024
4030,2070,149,22-03-2024
4031,194,64,06-08-2024
4032,4660,175,30-06-2024
4033,141,182,14-03-2024
4034,613,54,25-10-2024
4035,1796,19,28-04-2024
4036,14,101,23-05-2024
4037,3409,11,07-02-2024
4038,4392,141,16-03-2024
4039,2132,118,19-09-2024
4040,2328,173,12-09-2024
4041,4236,161,14-05-2024
4042,986,59,26-08-2024
4043,2122,182,16-08-2024
4044,1705,98,17-06-2024
4045,3145,176,24-04-2024
4046,1241,41,26-02-2024
4047,3499,173,12-06-2024
4048,1248,106,24-01-2024
4049,886,91,03-09-2024
4050,1591,158,27-05-2024
4051,4795,127,25-01-2024
4052,4887,134,04-10-2024
4053,1588,48,10-01-2024
4054,2961,124,24-08-2024
4055,2122,136,06-08-2024
4056,784,157,29-08-2024
4057,4781,194,01-10-2024
4058,826,44,27-06-2024
4059,3371,166,01-03-2024
4060,2163,194,30-06-2024
4061,709,58,09-04-2024
4062,878,47,05-01-2024
4063,4087,107,29-09-2024
4064,4572,172,02-05-2024
4065,764,185,04-02-2024
4066,853,77,10-04-2024
4067,2922,101,11-09-2024
4068,4454,168,28-09-2024
4069,1100,122,04-04-2024
4070,912,69,14-02-2024
4071,3489,38,30-05-2024
4072,3858,45,22-04-2024
4073,4460,163,05-02-2024
4074,2235,5,03-11-2024
4075,3273,25,27-01-2024
4076,2083,187,24-08-2024
4077,4357,135,26-08-2024
4078,4675,170,04-02-2024
4079,2058,60,29-09-2024
4080,937,98,18-03-2024
4081,293,36,17-06-2024
4082,1736,82,22-05-2024
4083,599,46,12-06-2024
4084,2687,143,30-04-2024
4085,2909,86,05-10-2024
4086,4010,73,20-01-2024
4087,725,177,05-09-2024
4088,1274,14,22-10-2024
4089,2580,114,01-03-2024
4090,86,69,28-09-2024
4091,2039,199,20-05-2024
4092,4621,129,22-04-2024
4093,2783,130,08-03-2024
4094,4046,43,15-06-2024
4095,961,99,16-01-2024
4096,735,193,17-01-2024
4097,4471,188,09-06-2024
4098,1857,141,19-02-2024
4099,3021,52,28-07-2024
4100,4987,8,19-10-2024
4101,1756,177,07-09-2024
4102,4176,188,11-08-2024
4103,4658,115,12-09-2024
4104,3747,103,12-03-2024
4105,2337,22,05-03-2024
4106,1177,173,14-03-2024
4107,332,14,21-07-2024
4108,2591,46,10-04-2024
4109,3347,52,20-03-2024
4110,1861,25,19-05-2024
4111,3069,147,28-06-2024
4112,1784,5,24-08-2024
4113,1248,181,27-08-2024
4114,3785,174,13-03-2024
4115,3893,166,27-07-2024
4116,2799,39,07-09-2024
4117,3248,99,19-08-2024
4118,3343,86,03-05-2024
4119,3877,168,10-08-2024
4120,756,133,26-04-2024
4121,2600,154,22-05-2024
4122,3520,143,06-08-2024
4123,3988,7,07-08-2024
4124,1862,174,05-03-2024
4125,608,82,01-03-2024
4126,739,37,06-05-2024
4127,262,119,25-01-2024
4128,599,46,05-09-2024
4129,870,14,06-07-2024
4130,2550,3,18-04-2024
4131,666,42,07-07-2024
4132,4654,115,05-05-2024
4133,3870,84,09-03-2024
4134,3754,84,19-08-2024
4135,4469,141,15-04-2024
4136,3623,16,29-08-2024
4137,3800,169,21-06-2024
4138,683,123,27-06-2024
4139,3064,102,18-05-2024
4140,1934,153,03-06-2024
4141,4334,79,22-05-2024
4142,4855,123,02-05-2024
4143,806,12,09-02-2024
4144,4048,7,04-03-2024
4145,2582,38,18-07-2024
4146,2752,55,28-10-2024
4147,2037,113,18-07-2024
4148,283,128,18-09-2024
4149,3041,123,27-08-2024
4150,4478,95,17-09-2024
4151,2489,190,09-05-2024
4152,1092,196,18-06-2024
4153,4662,33,19-03-2024
4154,4612,136,27-07-2024
4155,760,177,14-03-2024
4156,325,91,15-06-2024
4157,4299,142,09-07-2024
4158,818,179,07-06-2024
4159,3004,0,13-06-2024
4160,3217,35,14-05-2024
4161,3651,31,27-10-2024
4162,2687,1,25-06-2024
4163,4196,84,23-01-2024
4164,2333,193,22-03-2024
4165,3450,105,01-02-2024
4166,3649,24,12-10-2024
4167,3259,108,02-01-2024
4168,3193,184,31-01-2024
4169,4121,153,06-03-2024
4170,990,19,19-02-2024
4171,500,113,31-08-2024
4172,4835,129,28-01-2024
4173,2042,23,05-04-2024
4174,2907,158,28-03-2024
4175,3827,77,07-09-2024
4176,4758,23,22-10-2024
4177,579,91,28-09-2024
4178,424,88,19-07-2024
4179,2575,24,10-07-2024
4180,2862,4,18-05-2024
4181,1087,186,01-11-2024
4182,587,134,22-03-2024
4183,1165,19,05-09-2024
4184,2481,158,28-10-2024
4185,2725,1,21-09-2024
4186,1951,74,31-10-2024
4187,2831,5,11-04-2024
4188,3779,74,10-03-2024
4189,4772,26,29-01-2024
4190,237,160,27-04-2024
4191,2233,163,21-04-2024
4192,1893,67,13-10-2024
4193,3422,112,17-07-2024
4194,241,9,24-03-2024
4195,1297,89,03-11-2024
4196,4475,70,10-05-2024
4197,2649,124,22-04-2024
4198,1257,20,19-09-2024
4199,2582,133,28-10-2024
4200,4716,128,21-10-2024
4201,2235,47,08-05-2024
4202,1130,134,20-10-2024
4203,4116,100,31-10-2024
4204,4218,91,25-06-2024
4205,2137,63,22-04-2024
4206,494,100,06-08-2024
4207,4689,14,15-07-2024
4208,2975,36,23-07-2024
4209,1390,112,03-10-2024
4210,139,41,01-09-2024
4211,549,67,30-03-2024
4212,3111,123,28-08-2024
4213,2061,131,14-06-2024
4214,1734,111,21-07-2024
4215,1915,107,18-03-2024
4216,4083,177,06-08-2024
4217,4698,102,26-09-2024
4218,3441,172,19-02-2024
4219,1449,137,20-05-2024
4220,3320,66,28-02-2024
4221,2570,118,24-05-2024
4222,1142,28,21-04-2024
4223,3474,79,24-03-2024
4224,2303,130,14-01-2024
4225,2652,30,30-08-2024
4226,4019,40,15-03-2024
4227,4454,158,12-05-2024
4228,929,7,24-09-2024
4229,361,108,06-04-2024
4230,1996,56,20-10-2024
4231,4328,153,11-05-2024
4232,3935,148,08-03-2024
4233,3622,198,25-01-2024
4234,3022,116,16-05-2024
4235,613,163,25-01-2024
4236,4500,140,09-07-2024
4237,2101,126,16-03-2024
4238,1864,43,21-09-2024
4239,2934,65,21-04-2024
4240,1745,190,02-11-2024
4241,316,198,27-05-2024
4242,277,8,12-06-2024
4243,3984,110,09-01-2024
4244,3037,109,01-11-2024
4245,1383,57,16-06-2024
4246,2708,62,25-07-2024
4247,2060,119,08-10-2024
4248,2265,45,10-08-2024
4249,4242,24,05-09-2024
4250,1560,71,07-08-2024
4251,1099,6,03-10-2024
4252,352,137,12-10-2024
4253,2184,156,28-02-2024
4254,3175,33,17-10-2024
4255,4386,74,09-04-2024
4256,1034,72,01-07-2024
4257,596,130,09-02-2024
4258,271,165,19-05-2024
4259,2619,112,03-07-2024
4260,3182,96,29-10-2024
4261,456,126,04-05-2024
4262,2325,55,10-06-2024
4263,2706,5,10-02-2024
4264,4487,7,07-01-2024
4265,4217,103,30-07-2024
4266,1388,114,19-01-2024
4267,334,106,15-09-2024
4268,4456,161,30-01-2024
4269,783,89,16-01-2024
4270,1726,191,07-11-2024
4271,4041,185,23-03-2024
4272,4317,128,08-01-2024
4273,10,8,04-03-2024
4274,4383,98,10-03-2024
4275,2389,157,09-02-2024
4276,3476,26,04-10-2024
4277,3374,163,24-02-2024
4278,3360,116,22-03-2024
4279,3678,35,14-08-2024
4280,135,63,11-05-2024
4281,3884,65,21-05-2024
4282,359,19,11-02-2024
4283,1627,27,10-03-2024
4284,2926,126,07-02-2024
4285,392,61,11-06-2024
4286,4174,190,19-08-2024
4287,398,130,17-07-2024
4288,3369,99,28-03-2024
4289,2581,64,22-02-2024
4290,991,110,15-03-2024
4291,1681,123,29-02-2024
4292,3197,152,03-08-2024
4293,4845,159,17-05-2024
4294,4653,24,10-04-2024
4295,4459,108,08-02-2024
4296,2116,143,11-04-2024
4297,2277,77,19-02-2024
4298,1665,118,04-03-2024
4299,2058,136,07-06-2024
4300,2590,139,30-03-2024
4301,1325,114,31-08-2024
4302,3604,100,21-02-2024
4303,487,112,09-06-2024
4304,1648,80,15-10-2024
4305,1145,80,16-10-2024
4306,1417,89,19-02-2024
4307,3366,136,14-02-2024
4308,663,132,24-04-2024
4309,3864,154,12-04-2024
4310,4180,172,04-05-2024
4311,4316,88,19-03-2024
4312,4669,103,03-07-2024
4313,3934,76,11-02-2024
4314,1620,30,10-05-2024
4315,3438,72,07-09-2024
4316,1369,58,15-01-2024
4317,1731,22,13-04-2024
4318,2981,107,04-05-2024
4319,4605,112,18-02-2024
4320,1562,84,27-08-2024
4321,1685,150,01-06-2024
4322,3994,173,08-07-2024
4323,1111,105,30-07-2024
4324,3126,18,20-06-2024
4325,4407,128,10-07-2024
4326,2430,133,01-08-2024
4327,17,87,13-07-2024
4328,3232,17,13-01-2024
4329,4226,27,24-10-2024
4330,1701,91,31-01-2024
4331,1378,39,20-09-2024
4332,794,197,18-02-2024
4333,1266,70,05-09-2024
4334,255,36,17-05-2024
4335,486,159,22-10-2024
4336,3874,88,23-08-2024
4337,2474,151,08-02-2024
4338,3798,161,21-03-2024
4339,22,15,10-03-2024
4340,1440,27,13-06-2024
4341,2089,189,27-07-2024
4342,1588,190,25-04-2024
4343,4286,168,13-03-2024
4344,3426,153,16-03-2024
4345,959,17,08-03-2024
4346,410,109,01-10-2024
4347,301,121,23-09-2024
4348,2364,12,01-06-2024
4349,4646,96,14-03-2024
4350,3946,74,11-05-2024
4351,841,187,17-05-2024
4352,2548,108,04-11-2024
4353,159,136,14-04-2024
4354,2615,67,09-06-2024
4355,1425,95,25-08-2024
4356,1873,128,21-09-2024
4357,4862,30,16-01-2024
4358,936,56,21-03-2024
4359,4498,68,15-03-2024
4360,1541,178,05-10-2024
4361,2939,75,30-05-2024
4362,3571,191,12-10-2024
4363,4566,176,06-08-2024
4364,4326,95,01-10-2024
4365,2632,18,14-03-2024
4366,4439,149,03-02-2024
4367,1248,82,14-01-2024
4368,687,141,12-05-2024
4369,4693,92,21-06-2024
4370,3155,70,02-02-2024
4371,2653,61,08-08-2024
4372,4911,64,25-06-2024
4373,3882,56,06-04-2024
4374,295,47,09-03-2024
4375,2390,140,18-03-2024
4376,935,186,30-09-2024
4377,517,197,31-07-2024
4378,755,113,08-02-2024
4379,1432,197,17-05-2024
4380,2219,101,23-04-2024
4381,3704,181,12-05-2024
4382,1658,38,11-05-2024
4383,2979,32,23-02-2024
4384,3895,19,25-06-2024
4385,2884,66,05-08-2024
4386,3413,94,10-10-2024
4387,688,39,01-07-2024
4388,1204,41,18-06-2024
4389,4249,177,05-09-2024
4390,1596,20,29-10-2024
4391,149,9,03-03-2024
4392,4397,0,01-09-2024
4393,1666,6,27-05-2024
4394,4001,179,03-01-2024
4395,4848,2,11-03-2024
4396,4612,133,24-03-2024
4397,4340,115,08-05-2024
4398,3240,108,15-06-2024
4399,1248,123,20-04-2024
4400,1256,97,09-01-2024
4401,409,161,19-09-2024
4402,2516,167,14-08-2024
4403,2445,149,31-03-2024
4404,4070,1,06-01-2024
4405,3340,32,29-08-2024
4406,1050,127,25-08-2024
4407,2417,10,22-10-2024
4408,4579,88,27-08-2024
4409,1523,88,26-07-2024
4410,4172,36,17-06-2024
4411,1735,101,16-07-2024
4412,4777,67,23-08-2024
4413,2684,17,31-01-2024
4414,3319,110,20-08-2024
4415,3045,144,08-10-2024
4416,1442,3,24-05-2024
4417,1538,25,05-01-2024
4418,3821,41,06-07-2024
4419,515,134,27-09-2024
4420,62,84,05-08-2024
4421,1747,50,18-06-2024
4422,3511,77,11-07-2024
4423,1971,98,08-08-2024
4424,4620,122,01-06-2024
4425,2051,1,09-08-2024
4426,1627,19,09-08-2024
4427,2901,3,23-08-2024
4428,3410,196,07-08-2024
4429,3256,6,25-03-2024
4430,1352,139,16-09-2024
4431,1139,158,22-07-2024
4432,848,7,12-02-2024
4433,3520,160,09-08-2024
4434,4133,40,07-09-2024
4435,1888,141,17-02-2024
4436,617,37,31-08-2024
4437,1056,7,08-08-2024
4438,3676,113,22-04-2024
4439,4244,53,06-08-2024
4440,780,174,21-09-2024
4441,448,27,27-06-2024
4442,3603,125,15-04-2024
4443,464,130,30-05-2024
4444,1000,194,15-02-2024
4445,1857,101,08-03-2024
4446,2877,162,01-04-2024
4447,3019,98,13-09-2024
4448,447,196,02-02-2024
4449,4263,69,20-08-2024
4450,4642,104,27-09-2024
4451,4399,72,14-09-2024
4452,2357,105,04-01-2024
4453,4848,17,15-01-2024
4454,869,66,25-02-2024
4455,4755,95,22-04-2024
4456,3228,114,05-02-2024
4457,4870,71,20-05-2024
4458,4928,51,10-05-2024
4459,2393,92,13-02-2024
4460,1436,193,11-07-2024
4461,1922,143,06-05-2024
4462,689,185,20-07-2024
4463,4403,8,22-10-2024
4464,380,24,02-06-2024
4465,4214,88,25-03-2024
4466,2643,130,24-06-2024
4467,4748,101,22-03-2024
4468,4547,62,09-05-2024
4469,940,15,20-03-2024
4470,873,152,19-03-2024
4471,1016,170,05-03-2024
4472,3460,178,02-07-2024
4473,2676,100,14-01-2024
4474,467,95,20-02-2024
4475,3211,107,15-07-2024
4476,3448,19,28-10-2024
4477,1783,35,18-08-2024
4478,411,128,22-08-2024
4479,2075,42,05-06-2024
4480,58,12,07-06-2024
4481,1086,199,17-06-2024
4482,3009,151,13-07-2024
4483,3516,185,17-06-2024
4484,1121,111,26-07-2024
4485,345,158,23-05-2024
4486,2016,127,28-07-2024
4487,3821,46,16-10-2024
4488,2824,14,14-04-2024
4489,1110,75,23-03-2024
4490,4358,200,28-01-2024
4491,3571,188,04-02-2024
4492,4658,106,29-05-2024
4493,2131,79,03-03-2024
4494,4269,172,27-01-2024
4495,3214,128,24-01-2024
4496,1356,81,03-10-2024
4497,1445,39,17-09-2024
4498,4763,99,26-09-2024
4499,1308,28,06-06-2024
4500,3046,151,17-05-2024
4501,995,22,20-10-2024
4502,1924,88,02-02-2024
4503,1984,151,28-04-2024
4504,2170,68,29-09-2024
4505,1681,32,27-08-2024
4506,3317,142,08-04-2024
4507,783,79,28-06-2024
4508,2600,68,21-03-2024
4509,2363,23,01-11-2024
4510,2626,79,26-08-2024
4511,3360,61,05-06-2024
4512,1377,136,12-10-2024
4513,4666,151,21-05-2024
4514,3899,111,22-09-2024
4515,856,19,02-11-2024
4516,4818,95,22-04-2024
4517,1129,149,17-10-2024
4518,3586,24,19-03-2024
4519,2820,114,31-01-2024
4520,1440,173,08-01-2024
4521,1094,115,12-05-2024
4522,4534,103,17-05-2024
4523,902,194,19-06-2024
4524,1411,61,11-07-2024
4525,2708,81,26-01-2024
4526,409,115,14-09-2024
4527,4746,190,18-01-2024
4528,2762,68,20-03-2024
4529,3473,185,21-09-2024
4530,4481,46,22-01-2024
4531,1230,66,13-09-2024
4532,4650,124,27-10-2024
4533,4419,174,25-02-2024
4534,1908,133,28-06-2024
4535,3271,109,08-05-2024
4536,632,137,10-08-2024
4537,4318,112,09-06-2024
4538,4872,30,17-01-2024
4539,2317,122,04-08-2024
4540,2876,96,01-09-2024
4541,1974,132,30-07-2024
4542,181,127,12-08-2024
4543,3343,0,23-10-2024
4544,2459,27,08-05-2024
4545,961,182,31-07-2024
4546,3460,16,28-05-2024
4547,2341,88,24-08-2024
4548,4447,7,24-06-2024
4549,1635,113,24-08-2024
4550,1557,80,14-03-2024
4551,3788,189,08-05-2024
4552,1975,141,21-07-2024
4553,4046,33,26-04-2024
4554,125,9,20-03-2024
4555,3057,175,09-04-2024
4556,3654,76,03-03-2024
4557,523,192,14-03-2024
4558,2512,200,08-02-2024
4559,2686,106,11-04-2024
4560,641,176,08-08-2024
4561,1928,172,17-04-2024
4562,1075,7,25-10-2024
4563,35,158,09-05-2024
4564,3057,124,05-03-2024
4565,3663,10,15-10-2024
4566,4932,158,09-02-2024
4567,4303,191,06-03-2024
4568,492,100,14-05-2024
4569,1549,161,01-10-2024
4570,4106,148,31-07-2024
4571,4408,82,17-06-2024
4572,956,161,18-01-2024
4573,1876,149,13-06-2024
4574,4696,107,23-02-2024
4575,4453,47,06-09-2024
4576,1595,158,22-10-2024
4577,2068,144,02-01-2024
4578,2702,153,20-10-2024
4579,2730,49,30-08-2024
4580,4882,171,17-07-2024
4581,1298,68,11-02-2024
4582,3845,44,02-08-2024
4583,4948,65,18-01-2024
4584,1478,5,21-09-2024
4585,3611,53,15-04-2024
4586,1151,115,19-01-2024
4587,79,133,10-09-2024
4588,943,13,11-08-2024
4589,745,95,06-10-2024
4590,1099,40,10-10-2024
4591,2493,1,09-10-2024
4592,3729,143,28-08-2024
4593,61,53,15-08-2024
4594,4552,114,14-02-2024
4595,4868,4,03-05-2024
4596,1443,43,18-02-2024
4597,3017,132,05-11-2024
4598,3351,66,27-04-2024
4599,1648,12,16-10-2024
4600,2665,79,10-02-2024
4601,2684,80,23-04-2024
4602,1051,29,01-01-2024
4603,2512,6,19-05-2024
4604,3377,73,01-11-2024
4605,4438,51,24-01-2024
4606,2217,193,04-08-2024
4607,1293,95,15-05-2024
4608,22,95,06-01-2024
4609,3286,1,15-09-2024
4610,3962,128,31-01-2024
4611,4948,95,30-09-2024
4612,3637,2,04-04-2024
4613,3611,29,18-09-2024
4614,776,134,13-04-2024
4615,956,86,05-07-2024
4616,647,134,01-09-2024
4617,989,147,15-04-2024
4618,4753,12,04-10-2024
4619,4900,167,03-03-2024
4620,4843,183,21-08-2024
4621,3108,86,24-09-2024
4622,421,157,04-06-2024
4623,4067,64,26-03-2024
4624,2423,117,31-10-2024
4625,2985,74,10-06-2024
4626,2126,34,08-04-2024
4627,1766,12,29-01-2024
4628,2217,59,11-03-2024
4629,1719,19,07-03-2024
4630,4616,52,08-11-2024
4631,1622,70,08-06-2024
4632,4914,65,27-04-2024
4633,2945,19,24-06-2024
4634,1317,168,22-02-2024
4635,4696,197,04-05-2024
4636,3889,116,25-09-2024
4637,4870,167,13-04-2024
4638,2720,132,24-09-2024
4639,4741,144,26-03-2024
4640,132,45,28-09-2024
4641,1145,165,11-08-2024
4642,702,102,14-10-2024
4643,920,102,10-03-2024
4644,4214,99,20-04-2024
4645,4927,96,12-05-2024
4646,1167,40,23-03-2024
4647,3912,150,20-08-2024
4648,4315,64,08-10-2024
4649,3150,4,03-06-2024
4650,894,109,06-01-2024
4651,995,161,22-04-2024
4652,2019,71,19-02-2024
4653,348,167,08-04-2024
4654,4350,117,11-01-2024
4655,4858,173,27-07-2024
4656,2685,15,02-02-2024
4657,2480,185,25-06-2024
4658,4156,128,19-04-2024
4659,4621,53,01-10-2024
4660,4453,83,01-09-2024
4661,1308,24,17-04-2024
4662,4481,37,23-02-2024
4663,621,69,22-05-2024
4664,3020,71,18-09-2024
4665,1597,40,02-04-2024
4666,3693,115,09-08-2024
4667,1550,193,28-09-2024
4668,4286,116,29-09-2024
4669,1544,11,11-10-2024
4670,4956,107,08-11-2024
4671,3301,101,04-06-2024
4672,2590,87,24-07-2024
4673,1082,34,09-09-2024
4674,1451,144,11-05-2024
4675,4077,64,18-10-2024
4676,594,41,31-08-2024
4677,3436,159,13-03-2024
4678,2505,57,24-06-2024
4679,3844,63,04-11-2024
4680,1770,153,16-06-2024
4681,4106,52,14-07-2024
4682,1767,66,09-03-2024
4683,1011,195,08-01-2024
4684,2708,160,08-08-2024
4685,37,185,08-02-2024
4686,245,169,31-07-2024
4687,4125,133,08-09-2024
4688,2473,5,01-08-2024
4689,3624,197,09-02-2024
4690,3690,50,05-03-2024
4691,3053,88,29-02-2024
4692,463,124,29-04-2024
4693,3291,162,31-10-2024
4694,4412,174,25-10-2024
4695,1547,71,29-05-2024
4696,2624,183,31-05-2024
4697,977,31,17-02-2024
4698,1312,51,10-04-2024
4699,4382,191,02-03-2024
4700,4255,141,29-10-2024
4701,1312,138,24-10-2024
4702,1534,108,27-07-2024
4703,1143,85,16-01-2024
4704,4555,154,23-08-2024
4705,388,167,08-11-2024
4706,2912,140,08-07-2024
4707,1255,37,01-01-2024
4708,3200,100,03-03-2024
4709,1992,108,04-01-2024
4710,1220,180,24-08-2024
4711,3063,98,22-10-2024
4712,3451,117,30-06-2024
4713,3249,6,15-08-2024
4714,2272,198,01-10-2024
4715,2413,54,06-01-2024
4716,4627,125,23-08-2024
4717,2362,30,18-06-2024
4718,941,62,18-09-2024
4719,3107,194,05-04-2024
4720,2350,166,19-05-2024
4721,123,181,09-02-2024
4722,4237,179,23-09-2024
4723,2408,72,03-05-2024
4724,4130,103,29-08-2024
4725,2747,97,31-01-2024
4726,3189,58,30-01-2024
4727,294,162,01-07-2024
4728,2379,20,12-05-2024
4729,3204,195,09-09-2024
4730,1114,59,23-03-2024
4731,1852,137,01-04-2024
4732,2986,167,15-02-2024
4733,1490,116,19-06-2024
4734,67,123,22-01-2024
4735,3286,84,22-02-2024
4736,694,111,17-09-2024
4737,3901,129,16-05-2024
4738,3879,118,20-03-2024
4739,776,41,02-04-2024
4740,1884,141,12-07-2024
4741,4727,48,20-08-2024
4742,732,69,03-07-2024
4743,3843,104,01-01-2024
4744,4119,11,25-07-2024
4745,1315,186,31-05-2024
4746,238,134,20-01-2024
4747,4723,179,29-04-2024
4748,4516,118,08-09-2024
4749,1035,21,01-04-2024
4750,2523,10,30-06-2024
4751,1217,129,23-10-2024
4752,2425,105,04-07-2024
4753,1687,102,14-05-2024
4754,4019,159,01-08-2024
4755,4311,56,27-06-2024
4756,1150,101,10-03-2024
4757,2464,42,25-10-2024
4758,3034,176,22-05-2024
4759,3614,163,18-03-2024
4760,2647,146,30-06-2024
4761,2452,177,03-02-2024
4762,3562,131,10-07-2024
4763,97,133,23-02-2024
4764,4672,55,14-01-2024
4765,2063,175,22-09-2024
4766,4892,75,14-02-2024
4767,4564,90,05-05-2024
4768,1985,176,30-03-2024
4769,316,170,03-04-2024
4770,1278,189,29-03-2024
4771,2304,85,10-01-2024
4772,301,1,03-01-2024
4773,2935,1,18-03-2024
4774,3095,24,13-03-2024
4775,4719,67,10-05-2024
4776,1767,25,28-05-2024
4777,3884,124,11-08-2024
4778,914,9,10-06-2024
4779,920,122,15-04-2024
4780,3694,185,21-06-2024
4781,3559,93,23-10-2024
4782,3365,132,07-04-2024
4783,4032,194,27-01-2024
4784,1129,82,15-03-2024
4785,4507,103,01-04-2024
4786,2050,193,28-01-2024
4787,288,118,08-02-2024
4788,4977,98,18-05-2024
4789,2700,66,05-02-2024
4790,1843,165,19-08-2024
4791,3988,59,10-06-2024
4792,2267,115,14-07-2024
4793,3160,159,29-03-2024
4794,4771,57,24-08-2024
4795,4916,164,22-04-2024
4796,4614,195,28-07-2024
4797,2924,112,18-10-2024
4798,2540,48,02-11-2024
4799,3630,196,25-09-2024
4800,2433,134,26-04-2024
4801,919,152,02-03-2024
4802,4681,142,24-02-2024
4803,1258,42,09-06-2024
4804,4979,143,11-09-2024
4805,3256,170,16-06-2024
4806,3681,112,17-03-2024
4807,4656,197,03-02-2024
4808,1387,24,22-05-2024
4809,2339,45,27-04-2024
4810,3091,122,23-03-2024
4811,3156,154,07-01-2024
4812,2905,179,18-08-2024
4813,3977,3,26-08-2024
4814,3225,198,12-01-2024
4815,2087,4,21-03-2024
4816,3403,31,06-09-2024
4817,1979,150,10-09-2024
4818,3592,196,30-04-2024
4819,3467,122,25-09-2024
4820,2434,192,08-08-2024
4821,2963,54,15-02-2024
4822,1873,176,05-04-2024
4823,2900,104,30-01-2024
4824,1757,38,18-05-2024
4825,3695,88,27-05-2024
4826,1068,3,05-09-2024
4827,4730,18,13-05-2024
4828,4519,78,17-03-2024
4829,957,66,02-10-2024
4830,4550,180,27-05-2024
4831,4057,174,16-06-2024
4832,4994,80,11-07-2024
4833,2884,198,04-02-2024
4834,2112,3,21-03-2024
4835,1556,13,04-06-2024
4836,598,131,28-04-2024
4837,4656,59,11-06-2024
4838,2034,184,01-10-2024
4839,4649,20,17-03-2024
4840,1941,150,07-05-2024
4841,4739,54,02-02-2024
4842,2208,134,17-10-2024
4843,393,12,27-04-2024
4844,3716,157,06-05-2024
4845,2555,89,06-03-2024
4846,3871,74,12-03-2024
4847,1189,150,19-07-2024
4848,3030,5,20-10-2024
4849,2994,139,05-09-2024
4850,2444,131,22-02-2024
4851,1783,127,23-03-2024
4852,1038,109,24-02-2024
4853,1844,100,06-05-2024
4854,4757,172,23-09-2024
4855,1935,45,25-03-2024
4856,2115,111,29-04-2024
4857,2856,133,17-07-2024
4858,626,5,13-09-2024
4859,3863,4,04-05-2024
4860,778,26,08-10-2024
4861,4481,21,13-03-2024
4862,4420,19,05-10-2024
4863,2719,72,19-08-2024
4864,3394,141,22-06-2024
4865,4926,21,23-10-2024
4866,345,172,25-08-2024
4867,3195,174,08-08-2024
4868,4868,64,23-03-2024
4869,258,114,03-10-2024
4870,1193,196,09-04-2024
4871,3139,157,19-08-2024
4872,3783,151,06-06-2024
4873,4268,41,17-05-2024
4874,881,86,19-06-2024
4875,4510,200,26-06-2024
4876,4323,153,02-05-2024
4877,1077,110,01-08-2024
4878,4405,121,03-04-2024
4879,1324,31,06-09-2024
4880,138,58,26-03-2024
4881,778,25,14-05-2024
4882,3957,50,09-03-2024
4883,3271,12,16-02-2024
4884,4120,100,16-09-2024
4885,2664,99,23-08-2024
4886,3566,35,11-07-2024
4887,3498,199,01-01-2024
4888,2764,3,22-09-2024
4889,206,11,30-05-2024
4890,4257,40,24-04-2024
4891,4010,70,03-01-2024
4892,2627,173,17-06-2024
4893,1369,177,22-04-2024
4894,2525,128,04-02-2024
4895,2703,21,25-02-2024
4896,4222,177,17-03-2024
4897,4664,67,25-09-2024
4898,4136,34,01-11-2024
4899,2804,144,13-10-2024
4900,2856,132,05-09-2024
4901,1640,114,30-01-2024
4902,3890,20,05-05-2024
4903,4144,197,19-04-2024
4904,216,131,16-01-2024
4905,4742,81,01-03-2024
4906,4840,121,29-04-2024
4907,3598,145,11-04-2024
4908,2936,136,27-06-2024
4909,222,146,14-07-2024
4910,3258,107,20-03-2024
4911,4793,93,04-01-2024
4912,1501,91,24-06-2024
4913,4438,106,09-05-2024
4914,1403,39,06-01-2024
4915,2196,8,11-02-2024
4916,341,48,04-06-2024
4917,2323,101,17-03-2024
4918,418,186,25-02-2024
4919,4509,61,12-07-2024
4920,3603,26,03-09-2024
4921,1126,164,09-01-2024
4922,3250,199,14-03-2024
4923,2778,66,09-09-2024
4924,1522,62,14-04-2024
4925,1348,133,09-08-2024
4926,1216,154,14-02-2024
4927,1909,174,08-04-2024
4928,4166,32,09-02-2024
4929,4614,46,07-01-2024
4930,3267,19,19-09-2024
4931,1649,121,14-05-2024
4932,4235,40,18-02-2024
4933,947,147,27-05-2024
4934,2687,151,23-08-2024
4935,3863,190,01-09-2024
4936,4618,132,03-06-2024
4937,1909,59,19-03-2024
4938,4932,101,09-06-2024
4939,4359,2,25-04-2024
4940,2310,36,05-03-2024
4941,4828,159,29-06-2024
4942,2929,179,29-02-2024
4943,4517,20,10-10-2024
4944,2187,61,29-01-2024
4945,2043,143,13-03-2024
4946,4037,191,06-06-2024
4947,1058,89,11-04-2024
4948,3594,169,22-09-2024
4949,2084,120,01-05-2024
4950,222,35,20-04-2024
4951,359,36,19-03-2024
4952,1075,119,30-05-2024
4953,2779,151,07-07-2024
4954,826,106,11-06-2024
4955,3659,199,16-07-2024
4956,940,190,08-09-2024
4957,4120,126,25-10-2024
4958,3446,123,05-07-2024
4959,2510,75,25-08-2024
4960,2269,8,17-06-2024
4961,3978,140,04-07-2024
4962,1002,114,12-09-2024
4963,2813,129,28-04-2024
4964,598,54,31-05-2024
4965,461,90,05-07-2024
4966,856,158,01-09-2024
4967,3136,92,13-03-2024
4968,4190,101,30-05-2024
4969,2280,47,19-08-2024
4970,4396,4,18-07-2024
4971,1006,94,07-06-2024
4972,795,97,02-10-2024
4973,2454,93,16-03-2024
4974,3569,117,02-01-2024
4975,1066,7,02-11-2024
4976,2990,127,04-02-2024
4977,4006,124,25-09-2024
4978,2220,118,31-03-2024
4979,4230,107,21-03-2024
4980,4476,62,26-03-2024
4981,1203,43,21-02-2024
4982,4379,159,08-07-2024
4983,3453,73,26-08-2024
4984,4876,88,27-10-2024
4985,2776,157,05-08-2024
4986,3326,177,13-10-2024
4987,3800,82,07-11-2024
4988,912,173,06-10-2024
4989,3437,52,01-08-2024
4990,3630,193,22-02-2024
4991,1192,62,06-02-2024
4992,2382,52,24-06-2024
4993,2987,23,01-01-2024
4994,455,188,07-03-2024
4995,584,91,05-09-2024
4996,4517,94,10-06-2024
4997,1802,183,15-09-2024
4998,4600,1,06-07-2024
4999,4899,16,16-02-2024
5000,3592,160,22-08-2024
5001,124,145,08-08-2024
5002,2764,110,29-05-2024
5003,680,157,28-01-2024
5004,3214,130,25-04-2024
5005,756,70,22-08-2024
5006,3321,144,19-04-2024
5007,381,106,29-08-2024
5008,4543,154,06-02-2024
5009,1267,7,28-07-2024
5010,4688,95,16-05-2024
5011,3818,86,16-02-2024
5012,663,163,29-04-2024
5013,2636,110,12-10-2024
5014,116,116,27-06-2024
5015,3247,94,17-05-2024
5016,1532,53,13-06-2024
5017,3944,171,17-02-2024
5018,4493,168,10-06-2024
5019,4583,198,14-10-2024
5020,3524,90,17-01-2024
5021,2395,182,05-11-2024
5022,3928,81,22-03-2024
5023,2032,90,30-07-2024
5024,802,172,19-04-2024
5025,2308,162,14-08-2024
5026,4287,122,06-05-2024
5027,2405,3,25-09-2024
5028,4905,110,28-02-2024
5029,2655,187,03-06-2024
5030,1830,152,12-01-2024
5031,780,157,11-06-2024
5032,2046,13,19-07-2024
5033,4447,169,12-03-2024
5034,2273,140,02-03-2024
5035,2655,195,13-07-2024
5036,4877,154,27-06-2024
5037,114,124,07-08-2024
5038,1959,191,01-05-2024
5039,2732,112,03-10-2024
5040,1368,133,05-06-2024
5041,4822,118,28-01-2024
5042,2985,196,29-04-2024
5043,120,132,29-10-2024
5044,3897,129,02-02-2024
5045,26,153,19-10-2024
5046,1951,75,05-01-2024
5047,3174,121,07-08-2024
5048,1946,124,27-05-2024
5049,806,124,28-05-2024
5050,4360,144,28-01-2024
5051,3560,82,18-09-2024
5052,2417,166,23-05-2024
5053,3266,159,26-08-2024
5054,620,107,06-03-2024
5055,4374,5,29-08-2024
5056,567,72,14-03-2024
5057,2260,6,02-03-2024
5058,4723,16,11-10-2024
5059,2559,59,11-05-2024
5060,4692,99,24-06-2024
5061,1466,86,23-07-2024
5062,2275,113,20-08-2024
5063,1592,134,18-01-2024
5064,1711,144,31-07-2024
5065,218,76,14-07-2024
5066,1584,129,10-05-2024
5067,3898,2,05-11-2024
5068,1373,58,17-01-2024
5069,2951,161,13-06-2024
5070,277,10,08-08-2024
5071,567,149,06-01-2024
5072,392,126,15-03-2024
5073,3257,142,22-01-2024
5074,101,25,30-09-2024
5075,2622,139,26-10-2024
5076,505,176,27-03-2024
5077,3412,17,20-04-2024
5078,4091,64,12-10-2024
5079,2749,47,17-10-2024
5080,489,35,06-07-2024
5081,731,151,13-10-2024
5082,4943,163,10-10-2024
5083,3688,20,22-10-2024
5084,2569,195,12-10-2024
5085,57,88,28-01-2024
5086,1774,124,31-01-2024
5087,4110,188,12-03-2024
5088,685,111,20-01-2024
5089,4555,127,23-02-2024
5090,1702,11,01-07-2024
5091,1383,90,23-03-2024
5092,2331,77,10-01-2024
5093,1750,86,09-09-2024
5094,4694,180,23-02-2024
5095,2443,68,01-04-2024
5096,589,70,24-07-2024
5097,621,43,30-08-2024
5098,2981,165,20-05-2024
5099,1443,42,04-09-2024
5100,2835,76,10-08-2024
5101,2895,188,08-05-2024
5102,4819,164,29-09-2024
5103,540,85,07-02-2024
5104,4092,167,26-09-2024
5105,4422,67,23-09-2024
5106,4461,105,24-02-2024
5107,2360,103,18-08-2024
5108,1163,158,31-08-2024
5109,1547,182,29-02-2024
5110,3384,138,14-01-2024
5111,316,73,29-06-2024
5112,4778,192,29-02-2024
5113,3716,184,27-02-2024
5114,1316,22,17-03-2024
5115,3812,86,18-01-2024
5116,3683,122,02-11-2024
5117,4965,22,20-03-2024
5118,3811,125,04-04-2024
5119,1606,105,24-05-2024
5120,4203,155,12-10-2024
5121,1582,120,02-08-2024
5122,1273,35,28-02-2024
5123,4414,182,27-03-2024
5124,1855,6,28-03-2024
5125,2740,83,11-08-2024
5126,3162,61,29-07-2024
5127,1275,165,27-08-2024
5128,4696,155,19-09-2024
5129,1198,168,19-05-2024
5130,2731,191,27-01-2024
5131,618,112,10-02-2024
5132,506,71,28-09-2024
5133,903,113,16-02-2024
5134,784,81,03-04-2024
5135,3842,102,31-08-2024
5136,2638,199,23-10-2024
5137,4742,11,28-08-2024
5138,2007,98,14-08-2024
5139,857,118,12-07-2024
5140,4136,107,23-10-2024
5141,2848,34,14-10-2024
5142,1330,86,01-07-2024
5143,3758,164,04-11-2024
5144,3660,186,04-04-2024
5145,2287,23,29-07-2024
5146,1387,96,13-09-2024
5147,3832,130,26-06-2024
5148,3635,159,21-08-2024
5149,4445,64,02-03-2024
5150,796,141,19-06-2024
5151,3864,161,02-08-2024
5152,3387,17,30-06-2024
5153,3213,110,31-05-2024
5154,874,175,18-06-2024
5155,3122,140,26-07-2024
5156,4931,11,01-03-2024
5157,428,42,05-04-2024
5158,836,172,01-06-2024
5159,1304,56,03-01-2024
5160,2867,108,03-09-2024
5161,2030,121,02-08-2024
5162,3157,19,04-10-2024
5163,1574,178,23-04-2024
5164,1401,65,11-03-2024
5165,266,52,20-02-2024
5166,1054,135,18-08-2024
5167,2950,81,26-10-2024
5168,4447,187,28-05-2024
5169,627,41,21-10-2024
5170,4129,38,07-06-2024
5171,4147,164,07-05-2024
5172,381,99,10-02-2024
5173,73,75,28-04-2024
5174,3248,35,09-04-2024
5175,3281,162,23-09-2024
5176,196,32,11-04-2024
5177,4244,65,05-11-2024
5178,2554,143,16-07-2024
5179,583,135,26-05-2024
5180,1125,47,11-05-2024
5181,3004,82,27-06-2024
5182,691,162,15-04-2024
5183,1068,73,17-03-2024
5184,2502,18,10-01-2024
5185,4042,108,05-06-2024
5186,4509,46,01-03-2024
5187,2040,73,10-01-2024
5188,4115,153,28-05-2024
5189,3865,169,23-07-2024
5190,2657,172,26-01-2024
5191,3660,196,30-04-2024
5192,1100,69,19-09-2024
5193,1325,119,19-09-2024
5194,283,182,04-08-2024
5195,2535,136,03-09-2024
5196,2742,173,26-04-2024
5197,1806,35,07-08-2024
5198,3791,61,26-08-2024
5199,619,141,31-08-2024
5200,1958,142,17-02-2024
5201,2224,191,16-08-2024
5202,3109,90,15-07-2024
5203,1018,191,30-09-2024
5204,4603,191,19-06-2024
5205,4071,49,24-02-2024
5206,1781,124,20-01-2024
5207,3202,107,08-03-2024
5208,1677,53,17-08-2024
5209,3983,174,18-07-2024
5210,2325,162,31-01-2024
5211,3013,128,25-01-2024
5212,4817,80,21-03-2024
5213,4357,187,04-01-2024
5214,322,120,21-10-2024
5215,2884,76,02-01-2024
5216,2520,39,20-07-2024
5217,4958,94,15-04-2024
5218,2906,24,02-04-2024
5219,4405,2,08-09-2024
5220,3269,143,25-03-2024
5221,4988,17,15-08-2024
5222,4908,17,16-02-2024
5223,4237,146,22-04-2024
5224,4853,59,02-02-2024
5225,2876,116,12-08-2024
5226,4637,124,30-09-2024
5227,3121,47,01-08-2024
5228,4895,127,15-02-2024
5229,2483,129,20-10-2024
5230,2026,65,30-01-2024
5231,3067,111,29-09-2024
5232,3915,64,02-09-2024
5233,4453,47,19-06-2024
5234,1279,141,17-08-2024
5235,530,105,08-06-2024
5236,95,106,06-04-2024
5237,207,168,16-03-2024
5238,3864,135,09-01-2024
5239,182,158,30-08-2024
5240,1739,85,11-05-2024
5241,1312,0,01-01-2024
5242,4565,54,25-06-2024
5243,620,104,19-10-2024
5244,1688,140,18-04-2024
5245,2918,131,09-08-2024
5246,4533,93,11-05-2024
5247,3298,4,21-01-2024
5248,2884,146,19-04-2024
5249,3644,34,19-04-2024
5250,3683,82,02-04-2024
5251,830,101,07-03-2024
5252,4033,105,20-06-2024
5253,1848,200,07-02-2024
5254,2823,35,17-08-2024
5255,59,180,05-03-2024
5256,2309,85,09-08-2024
5257,2238,64,04-08-2024
5258,2972,28,09-09-2024
5259,994,155,03-01-2024
5260,467,189,25-02-2024
5261,1038,165,01-10-2024
5262,4381,95,20-07-2024
5263,82,58,19-04-2024
5264,4404,13,09-09-2024
5265,2004,166,12-04-2024
5266,2287,49,23-10-2024
5267,4312,182,13-02-2024
5268,2782,12,05-11-2024
5269,3526,185,31-10-2024
5270,4802,41,07-06-2024
5271,3513,3,03-02-2024
5272,3980,44,18-09-2024
5273,141,131,26-05-2024
5274,2100,106,17-08-2024
5275,2037,8,23-03-2024
5276,3340,111,22-09-2024
5277,2648,191,07-06-2024
5278,2631,34,10-03-2024
5279,3566,49,16-04-2024
5280,1893,81,23-01-2024
5281,2275,181,20-07-2024
5282,4042,81,14-10-2024
5283,1605,178,23-07-2024
5284,488,87,24-10-2024
5285,1745,102,08-05-2024
5286,4793,172,14-02-2024
5287,3994,32,11-09-2024
5288,1348,121,10-09-2024
5289,3660,98,15-06-2024
5290,3429,66,31-03-2024
5291,4531,18,21-02-2024
5292,4968,177,03-04-2024
5293,3474,142,15-07-2024
5294,4547,85,10-02-2024
5295,4721,36,17-03-2024
5296,1195,9,09-07-2024
5297,3116,114,06-01-2024
5298,2955,65,12-10-2024
5299,3213,12,04-05-2024
5300,1074,86,06-07-2024
5301,1321,122,03-10-2024
5302,320,189,15-09-2024
5303,3553,199,24-04-2024
5304,1150,166,30-01-2024
5305,2438,116,15-01-2024
5306,1493,76,04-04-2024
5307,4341,185,03-07-2024
5308,4959,1,08-06-2024
5309,4915,31,02-03-2024
5310,361,25,09-03-2024
5311,2472,187,09-06-2024
5312,2198,66,10-10-2024
5313,4709,176,09-05-2024
5314,3060,171,21-08-2024
5315,185,159,13-04-2024
5316,2392,160,17-02-2024
5317,974,27,06-10-2024
5318,4491,178,06-05-2024
5319,2987,69,19-02-2024
5320,1648,140,19-05-2024
5321,3708,97,05-11-2024
5322,1139,97,26-07-2024
5323,690,93,22-03-2024
5324,2828,9,23-07-2024
5325,2459,37,15-05-2024
5326,2877,155,02-02-2024
5327,3723,121,07-11-2024
5328,3970,83,16-06-2024
5329,1814,151,31-03-2024
5330,2286,167,02-05-2024
5331,2110,36,10-07-2024
5332,1259,27,19-07-2024
5333,1522,59,29-01-2024
5334,2319,122,06-11-2024
5335,1289,185,16-02-2024
5336,1731,94,08-06-2024
5337,1465,107,19-04-2024
5338,4387,15,01-11-2024
5339,3684,23,28-10-2024
5340,2463,197,17-04-2024
5341,1423,20,04-10-2024
5342,3995,83,17-06-2024
5343,1232,170,08-06-2024
5344,2070,55,13-07-2024
5345,2224,98,16-04-2024
5346,1367,174,08-11-2024
5347,1661,97,04-07-2024
5348,753,166,11-02-2024
5349,253,171,14-03-2024
5350,4830,140,07-03-2024
5351,4365,190,22-09-2024
5352,2733,50,28-08-2024
5353,2460,37,23-01-2024
5354,2677,109,03-11-2024
5355,4680,81,09-02-2024
5356,2774,25,28-10-2024
5357,4865,130,23-01-2024
5358,1858,183,10-03-2024
5359,3390,163,22-08-2024
5360,405,198,09-09-2024
5361,936,197,09-02-2024
5362,2126,109,11-05-2024
5363,408,35,21-07-2024
5364,573,85,26-10-2024
5365,3533,44,18-09-2024
5366,1389,69,12-05-2024
5367,844,135,23-09-2024
5368,27,50,16-02-2024
5369,547,117,08-02-2024
5370,3086,7,01-08-2024
5371,3579,102,22-05-2024
5372,4873,165,23-07-2024
5373,1922,128,01-02-2024
5374,1136,44,16-02-2024
5375,4742,22,21-01-2024
5376,3283,164,06-02-2024
5377,974,193,20-04-2024
5378,489,192,29-05-2024
5379,3473,172,18-01-2024
5380,1481,79,21-02-2024
5381,3090,112,15-03-2024
5382,1367,42,24-10-2024
5383,1338,14,16-10-2024
5384,1928,24,23-05-2024
5385,4521,23,07-04-2024
5386,4653,13,11-05-2024
5387,4917,71,03-09-2024
5388,2568,120,01-11-2024
5389,4526,178,17-08-2024
5390,3095,5,03-06-2024
5391,304,124,16-07-2024
5392,3442,10,04-03-2024
5393,4457,174,17-07-2024
5394,1208,26,17-08-2024
5395,3621,143,06-01-2024
5396,1619,155,07-02-2024
5397,3576,79,31-10-2024
5398,2974,145,15-04-2024
5399,2078,76,19-01-2024
5400,2484,195,27-07-2024
5401,1520,152,14-02-2024
5402,3072,96,24-02-2024
5403,3753,34,26-09-2024
5404,4490,69,04-04-2024
5405,1883,28,10-05-2024
5406,1105,72,15-06-2024
5407,4290,96,29-03-2024
5408,2402,20,01-02-2024
5409,4195,150,03-06-2024
5410,4145,3,11-07-2024
5411,321,40,28-05-2024
5412,3000,160,02-06-2024
5413,3339,130,20-01-2024
5414,3632,46,25-02-2024
5415,1940,165,24-06-2024
5416,3820,157,06-02-2024
5417,1215,4,03-06-2024
5418,1740,176,05-08-2024
5419,135,82,14-08-2024
5420,3507,135,10-03-2024
5421,3066,39,28-06-2024
5422,2696,16,24-07-2024
5423,1277,64,02-09-2024
5424,2960,149,03-08-2024
5425,4006,38,03-08-2024
5426,173,139,16-04-2024
5427,4307,46,30-06-2024
5428,4320,106,18-07-2024
5429,2256,104,26-10-2024
5430,1506,83,23-09-2024
5431,1193,122,02-11-2024
5432,106,135,27-06-2024
5433,2581,82,04-02-2024
5434,559,39,30-07-2024
5435,3797,27,30-01-2024
5436,3510,58,27-08-2024
5437,4934,139,18-03-2024
5438,4647,78,25-07-2024
5439,4548,63,30-03-2024
5440,1200,3,29-04-2024
5441,2761,123,12-07-2024
5442,4917,46,17-09-2024
5443,308,143,21-06-2024
5444,571,134,17-10-2024
5445,4920,83,18-01-2024
5446,1564,1,15-05-2024
5447,3597,191,04-02-2024
5448,4995,176,05-01-2024
5449,3093,138,08-09-2024
5450,3263,71,23-10-2024
5451,992,82,15-10-2024
5452,4720,19,05-10-2024
5453,4601,12,09-04-2024
5454,2221,118,03-07-2024
5455,1643,123,31-03-2024
5456,4164,28,01-01-2024
5457,909,195,31-08-2024
5458,1716,195,03-08-2024
5459,3052,127,12-01-2024
5460,722,196,12-03-2024
5461,1325,183,19-07-2024
5462,4008,30,04-03-2024
5463,3806,121,06-02-2024
5464,4489,17,24-03-2024
5465,4024,169,14-02-2024
5466,879,15,30-09-2024
5467,3412,63,31-01-2024
5468,2682,33,27-09-2024
5469,1241,180,25-04-2024
5470,3259,125,17-07-2024
5471,1748,198,08-03-2024
5472,3048,127,30-04-2024
5473,82,46,01-09-2024
5474,4919,131,05-02-2024
5475,3676,10,14-10-2024
5476,2466,96,26-04-2024
5477,1427,100,13-10-2024
5478,1257,156,31-03-2024
5479,29,120,09-01-2024
5480,1097,81,16-04-2024
5481,2229,109,22-10-2024
5482,3700,134,24-04-2024
5483,2974,13,30-04-2024
5484,1581,29,28-05-2024
5485,3682,155,08-08-2024
5486,1187,112,29-06-2024
5487,848,54,25-07-2024
5488,923,121,31-08-2024
5489,2630,106,16-08-2024
5490,99,34,25-04-2024
5491,3226,30,26-02-2024
5492,945,91,05-11-2024
5493,3482,167,07-05-2024
5494,4891,74,06-08-2024
5495,2670,169,09-06-2024
5496,1283,80,26-03-2024
5497,2035,86,26-04-2024
5498,1468,164,13-08-2024
5499,925,82,18-10-2024
5500,217,78,07-01-2024
5501,2013,88,22-10-2024
5502,641,189,09-01-2024
5503,1197,62,05-02-2024
5504,2648,66,17-08-2024
5505,3988,126,24-06-2024
5506,3389,82,12-06-2024
5507,3275,63,23-07-2024
5508,3082,56,06-10-2024
5509,156,8,10-10-2024
5510,863,151,24-08-2024
5511,4455,89,28-03-2024
5512,4511,145,05-04-2024
5513,133,11,17-04-2024
5514,4350,194,19-05-2024
5515,4749,91,03-01-2024
5516,1930,43,24-01-2024
5517,1081,134,10-04-2024
5518,174,152,10-02-2024
5519,3601,28,28-08-2024
5520,3387,170,21-05-2024
5521,4128,113,04-02-2024
5522,1266,118,15-09-2024
5523,1218,72,03-02-2024
5524,4033,12,17-03-2024
5525,2828,63,01-09-2024
5526,305,151,18-01-2024
5527,4768,153,24-03-2024
5528,4180,113,11-01-2024
5529,254,169,21-06-2024
5530,1602,122,28-10-2024
5531,3560,16,31-05-2024
5532,1508,97,31-05-2024
5533,157,188,28-01-2024
5534,4994,20,04-07-2024
5535,1924,34,02-01-2024
5536,3751,140,30-05-2024
5537,1616,193,29-09-2024
5538,4398,93,11-02-2024
5539,2713,74,30-05-2024
5540,550,85,23-09-2024
5541,4802,161,07-10-2024
5542,2314,192,05-06-2024
5543,1096,24,04-08-2024
5544,2034,29,11-10-2024
5545,1138,98,13-04-2024
5546,4796,108,09-06-2024
5547,527,188,30-04-2024
5548,4329,13,05-11-2024
5549,1291,131,25-09-2024
5550,1284,112,28-07-2024
5551,3139,18,18-09-2024
5552,884,0,22-02-2024
5553,1279,84,05-11-2024
5554,2310,143,05-09-2024
5555,3427,184,13-01-2024
5556,983,48,20-08-2024
5557,721,68,21-07-2024
5558,3571,162,08-07-2024
5559,3768,73,19-02-2024
5560,1926,54,25-07-2024
5561,4785,65,30-04-2024
5562,510,19,25-10-2024
5563,1269,120,22-07-2024
5564,3149,178,28-01-2024
5565,1258,196,17-07-2024
5566,661,97,11-02-2024
5567,1058,81,26-07-2024
5568,3762,30,31-05-2024
5569,313,12,10-08-2024
5570,3659,18,01-06-2024
5571,3468,164,22-08-2024
5572,4007,139,24-02-2024
5573,3048,195,28-03-2024
5574,1614,161,30-10-2024
5575,3159,111,19-04-2024
5576,664,167,08-04-2024
5577,4111,91,09-04-2024
5578,2055,102,22-01-2024
5579,1652,179,06-05-2024
5580,2301,198,23-05-2024
5581,546,180,19-06-2024
5582,1767,69,25-02-2024
5583,3914,71,30-04-2024
5584,1368,84,12-07-2024
5585,3889,78,20-10-2024
5586,61,184,28-06-2024
5587,733,98,07-03-2024
5588,2722,174,02-02-2024
5589,1897,99,03-11-2024
5590,302,92,27-03-2024
5591,530,88,30-10-2024
5592,2431,39,09-08-2024
5593,4137,120,08-06-2024
5594,229,175,17-03-2024
5595,1159,194,09-09-2024
5596,2942,132,05-06-2024
5597,3910,53,29-02-2024
5598,1284,3,10-01-2024
5599,4559,181,01-10-2024
5600,4363,176,14-08-2024
5601,2514,0,29-01-2024
5602,2919,40,07-06-2024
5603,2932,28,03-01-2024
5604,3463,48,13-09-2024
5605,560,104,15-04-2024
5606,3261,28,14-08-2024
5607,929,194,19-09-2024
5608,1175,30,24-04-2024
5609,2159,123,12-02-2024
5610,3752,45,04-07-2024
5611,2026,83,12-10-2024
5612,1447,34,29-09-2024
5613,1328,137,02-03-2024
5614,490,136,16-03-2024
5615,4170,93,27-01-2024
5616,3186,37,30-08-2024
5617,1584,126,12-01-2024
5618,427,71,25-01-2024
5619,565,91,19-06-2024
5620,2145,99,22-01-2024
5621,2764,26,28-09-2024
5622,3342,163,07-11-2024
5623,4467,197,31-05-2024
5624,2443,73,13-06-2024
5625,507,91,23-07-2024
5626,2306,108,25-05-2024
5627,3998,0,04-04-2024
5628,4895,197,19-06-2024
5629,1643,190,22-02-2024
5630,541,141,08-02-2024
5631,1276,100,27-09-2024
5632,3502,31,30-07-2024
5633,4901,161,04-11-2024
5634,1100,42,20-05-2024
5635,3863,78,01-11-2024
5636,4032,174,03-08-2024
5637,3710,164,11-08-2024
5638,879,125,24-03-2024
5639,2020,113,14-05-2024
5640,4866,157,18-07-2024
5641,2738,175,07-04-2024
5642,2324,154,09-10-2024
5643,519,130,06-10-2024
5644,4300,58,18-10-2024
5645,4920,167,11-09-2024
5646,4957,13,20-01-2024
5647,3243,186,08-11-2024
5648,3697,108,28-04-2024
5649,2484,142,05-07-2024
5650,4041,157,16-01-2024
5651,4132,34,29-10-2024
5652,224,92,22-05-2024
5653,588,173,26-09-2024
5654,3416,71,26-06-2024
5655,1947,64,04-02-2024
5656,4117,44,08-11-2024
5657,3038,59,02-03-2024
5658,4784,126,10-06-2024
5659,4970,198,03-05-2024
5660,804,82,30-05-2024
5661,666,70,14-05-2024
5662,4554,85,29-05-2024
5663,1166,101,26-09-2024
5664,121,197,18-04-2024
5665,1752,172,09-02-2024
5666,2690,64,21-09-2024
5667,718,145,15-06-2024
5668,1955,187,02-05-2024
5669,4508,0,02-06-2024
5670,1919,76,31-05-2024
5671,3501,156,11-06-2024
5672,3534,0,26-06-2024
5673,640,117,06-02-2024
5674,3923,10,10-05-2024
5675,3479,129,27-06-2024
5676,3714,61,27-10-2024
5677,53,112,03-11-2024
5678,2231,169,13-02-2024
5679,4532,46,02-02-2024
5680,2479,77,16-02-2024
5681,3677,93,24-02-2024
5682,3563,127,16-01-2024
5683,1885,126,10-07-2024
5684,1692,144,07-01-2024
5685,3453,64,10-02-2024
5686,4157,82,21-07-2024
5687,324,185,24-09-2024
5688,185,178,12-09-2024
5689,1962,96,07-01-2024
5690,4378,59,25-09-2024
5691,283,136,11-05-2024
5692,4065,170,31-08-2024
5693,2655,67,23-07-2024
5694,2565,183,25-10-2024
5695,1285,96,08-08-2024
5696,348,0,15-03-2024
5697,4344,41,24-10-2024
5698,1895,197,22-05-2024
5699,1168,20,09-08-2024
5700,4812,46,13-06-2024
5701,3794,153,09-07-2024
5702,427,44,02-09-2024
5703,454,43,17-08-2024
5704,379,191,13-03-2024
5705,896,126,08-11-2024
5706,2837,59,07-06-2024
5707,2495,155,11-03-2024
5708,2886,19,20-05-2024
5709,3773,72,07-10-2024
5710,2347,142,11-05-2024
5711,4583,101,23-02-2024
5712,1185,73,14-05-2024
5713,3581,9,27-06-2024
5714,4993,146,12-06-2024
5715,441,67,31-01-2024
5716,2821,116,15-05-2024
5717,749,76,11-01-2024
5718,271,22,03-10-2024
5719,1470,46,03-10-2024
5720,4364,25,02-04-2024
5721,3736,152,13-03-2024
5722,4406,112,14-05-2024
5723,692,144,23-08-2024
5724,4999,25,05-11-2024
5725,2732,197,31-08-2024
5726,4402,53,18-07-2024
5727,310,150,07-09-2024
5728,3799,88,10-04-2024
5729,4151,109,26-07-2024
5730,3176,135,19-01-2024
5731,2092,192,19-07-2024
5732,2828,94,11-06-2024
5733,2813,34,26-01-2024
5734,2245,165,14-07-2024
5735,1974,100,16-06-2024
5736,2476,34,18-09-2024
5737,3600,6,22-10-2024
5738,4588,65,16-09-2024
5739,4513,167,25-09-2024
5740,4826,5,03-09-2024
5741,567,64,19-07-2024
5742,2643,26,14-10-2024
5743,2582,4,15-03-2024
5744,4211,45,18-10-2024
5745,3616,10,04-01-2024
5746,1004,83,08-04-2024
5747,806,130,20-03-2024
5748,1540,62,18-04-2024
5749,2099,178,26-02-2024
5750,15,104,03-03-2024
5751,3769,35,18-08-2024
5752,3998,95,22-08-2024
5753,1994,108,15-09-2024
5754,2754,62,11-07-2024
5755,1849,112,28-07-2024
5756,1549,53,25-05-2024
5757,2635,2,25-03-2024
5758,3150,178,20-02-2024
5759,1011,185,18-02-2024
5760,3453,39,25-09-2024
5761,788,112,24-09-2024
5762,1500,167,02-01-2024
5763,577,24,26-01-2024
5764,3616,166,03-10-2024
5765,3071,157,03-04-2024
5766,3061,128,26-03-2024
5767,2482,13,14-08-2024
5768,3294,105,30-07-2024
5769,4422,43,07-08-2024
5770,666,102,25-03-2024
5771,2358,62,04-01-2024
5772,3465,139,07-08-2024
5773,510,187,06-01-2024
5774,1838,159,18-04-2024
5775,1557,126,03-01-2024
5776,643,145,19-01-2024
5777,2670,54,06-04-2024
5778,4727,132,09-07-2024
5779,2081,129,12-06-2024
5780,996,42,13-05-2024
5781,3904,21,03-08-2024
5782,2450,127,30-04-2024
5783,2444,148,12-10-2024
5784,2362,187,11-09-2024
5785,4396,39,08-08-2024
5786,4036,182,13-09-2024
5787,2045,12,07-01-2024
5788,3155,178,11-02-2024
5789,3609,88,28-04-2024
5790,4308,98,17-01-2024
5791,2583,44,11-05-2024
5792,2708,60,17-06-2024
5793,3992,67,09-05-2024
5794,1766,92,12-10-2024
5795,3095,168,01-01-2024
5796,3638,119,27-02-2024
5797,1370,42,16-05-2024
5798,3297,23,23-06-2024
5799,903,40,31-07-2024
5800,840,83,08-07-2024
5801,2047,3,15-01-2024
5802,1578,42,18-09-2024
5803,3845,124,14-10-2024
5804,1235,198,07-11-2024
5805,4774,17,20-08-2024
5806,3286,134,19-01-2024
5807,577,64,25-08-2024
5808,3463,90,06-05-2024
5809,1401,173,25-08-2024
5810,2801,124,22-01-2024
5811,1314,29,25-02-2024
5812,4375,6,21-09-2024
5813,4184,63,28-06-2024
5814,3169,74,12-10-2024
5815,1487,101,21-08-2024
5816,4620,140,06-08-2024
5817,4243,72,03-01-2024
5818,940,142,15-04-2024
5819,192,145,31-05-2024
5820,4266,159,15-03-2024
5821,2831,119,02-06-2024
5822,57,142,22-08-2024
5823,1650,146,27-01-2024
5824,3700,115,29-10-2024
5825,286,192,19-08-2024
5826,2970,179,23-10-2024
5827,2529,33,11-08-2024
5828,4435,144,13-02-2024
5829,3310,147,19-07-2024
5830,1443,130,24-10-2024
5831,4791,72,15-03-2024
5832,779,175,25-10-2024
5833,561,109,21-07-2024
5834,437,74,12-06-2024
5835,1339,109,13-04-2024
5836,690,140,25-07-2024
5837,197,71,19-10-2024
5838,2260,18,29-07-2024
5839,4116,108,13-03-2024
5840,1457,141,27-05-2024
5841,3734,65,21-02-2024
5842,2109,59,07-06-2024
5843,3212,39,15-08-2024
5844,3011,14,10-06-2024
5845,3599,197,31-01-2024
5846,444,145,09-06-2024
5847,2495,27,29-09-2024
5848,1752,190,16-03-2024
5849,4277,118,31-05-2024
5850,4129,160,21-06-2024
5851,2180,74,17-09-2024
5852,4520,58,03-07-2024
5853,2828,22,26-01-2024
5854,2449,46,25-06-2024
5855,4698,91,02-10-2024
5856,1339,38,26-06-2024
5857,1275,1,03-05-2024
5858,3135,82,12-03-2024
5859,2408,4,20-08-2024
5860,726,20,08-06-2024
5861,4348,53,05-10-2024
5862,2855,135,21-09-2024
5863,3477,170,09-08-2024
5864,1283,140,01-10-2024
5865,2134,145,26-04-2024
5866,50,54,18-09-2024
5867,4868,74,02-11-2024
5868,3347,24,10-03-2024
5869,2040,106,24-09-2024
5870,1934,184,29-05-2024
5871,546,131,29-08-2024
5872,4931,166,08-02-2024
5873,998,79,18-05-2024
5874,1264,187,15-04-2024
5875,481,157,01-10-2024
5876,3636,108,28-07-2024
5877,691,68,02-09-2024
5878,4948,164,26-08-2024
5879,321,183,28-06-2024
5880,1662,13,28-07-2024
5881,2810,115,30-07-2024
5882,2207,49,10-10-2024
5883,486,0,04-02-2024
5884,558,119,17-09-2024
5885,3321,18,04-09-2024
5886,4213,145,12-04-2024
5887,2198,59,07-02-2024
5888,618,138,25-09-2024
5889,140,145,23-02-2024
5890,247,33,10-04-2024
5891,3008,134,07-05-2024
5892,1384,180,04-03-2024
5893,4126,152,04-11-2024
5894,4611,26,21-06-2024
5895,4884,18,19-10-2024
5896,2367,90,02-07-2024
5897,2368,197,14-01-2024
5898,250,78,20-05-2024
5899,1075,106,15-01-2024
5900,15,87,03-11-2024
5901,3789,4,26-07-2024
5902,1412,13,08-11-2024
5903,2939,114,02-07-2024
5904,1607,111,11-05-2024
5905,2645,129,11-05-2024
5906,3158,171,16-01-2024
5907,1133,108,05-05-2024
5908,268,60,15-06-2024
5909,1554,18,04-03-2024
5910,389,113,13-04-2024
5911,3083,49,24-04-2024
5912,348,96,26-07-2024
5913,2229,130,01-02-2024
5914,2295,91,30-07-2024
5915,998,70,15-10-2024
5916,2927,11,06-11-2024
5917,2303,188,16-10-2024
5918,2816,188,07-10-2024
5919,3684,174,27-07-2024
5920,258,101,25-07-2024
5921,2071,119,13-09-2024
5922,4615,80,29-05-2024
5923,4902,157,20-06-2024
5924,1094,17,19-07-2024
5925,2570,140,17-08-2024
5926,1930,144,04-10-2024
5927,3533,20,22-05-2024
5928,1460,172,10-01-2024
5929,4864,89,09-02-2024
5930,1989,109,28-03-2024
5931,1118,130,10-08-2024
5932,2110,164,13-02-2024
5933,4755,20,12-08-2024
5934,3664,40,19-03-2024
5935,2270,174,23-07-2024
5936,1957,107,28-06-2024
5937,4915,13,25-01-2024
5938,2315,13,19-06-2024
5939,3338,192,18-04-2024
5940,3124,178,04-10-2024
5941,3062,175,01-02-2024
5942,521,190,26-04-2024
5943,2220,117,06-03-2024
5944,3395,4,09-01-2024
5945,2565,135,09-02-2024
5946,2354,127,03-04-2024
5947,87,146,17-04-2024
5948,2385,104,30-08-2024
5949,3907,102,11-09-2024
5950,3624,136,02-11-2024
5951,1317,24,27-07-2024
5952,773,112,30-04-2024
5953,2992,125,23-03-2024
5954,854,26,02-08-2024
5955,2001,28,17-10-2024
5956,2652,197,08-03-2024
5957,801,60,30-07-2024
5958,3716,116,14-09-2024
5959,3481,129,23-10-2024
5960,167,86,30-01-2024
5961,28,55,30-04-2024
5962,794,168,07-01-2024
5963,1692,20,23-04-2024
5964,3218,108,31-05-2024
5965,2594,137,09-03-2024
5966,3617,174,01-05-2024
5967,1274,26,03-07-2024
5968,3751,4,25-07-2024
5969,2627,22,18-06-2024
5970,4189,195,23-09-2024
5971,436,130,09-10-2024
5972,3158,110,17-03-2024
5973,4686,188,04-11-2024
5974,1648,74,18-05-2024
5975,1322,13,19-06-2024
5976,280,112,19-10-2024
5977,3312,106,12-03-2024
5978,3940,31,24-03-2024
5979,4645,114,08-06-2024
5980,448,138,14-09-2024
5981,1753,165,04-03-2024
5982,4307,198,06-07-2024
5983,817,167,29-03-2024
5984,1376,151,31-03-2024
5985,4487,181,19-01-2024
5986,305,133,13-07-2024
5987,2912,13,13-09-2024
5988,2022,107,09-08-2024
5989,1550,189,05-01-2024
5990,1022,104,03-04-2024
5991,1312,112,28-04-2024
5992,4817,31,03-05-2024
5993,4618,6,28-10-2024
5994,3477,148,25-04-2024
5995,2231,103,30-04-2024
5996,3771,10,03-06-2024
5997,30,89,11-09-2024
5998,629,33,13-07-2024
5999,2846,154,20-04-2024
6000,3782,74,08-11-2024
6001,697,181,06-04-2024
6002,1564,82,22-10-2024
6003,605,117,10-03-2024
6004,1322,193,25-01-2024
6005,3838,7,17-10-2024
6006,1459,133,17-01-2024
6007,2390,111,18-08-2024
6008,4700,47,05-05-2024
6009,1650,151,24-04-2024
6010,987,93,21-08-2024
6011,1712,168,30-05-2024
6012,4023,22,06-08-2024
6013,1437,58,11-06-2024
6014,3372,107,09-02-2024
6015,525,75,08-07-2024
6016,2340,140,27-06-2024
6017,3339,85,07-11-2024
6018,1126,24,05-10-2024
6019,1402,187,15-09-2024
6020,3004,72,14-03-2024
6021,1874,162,23-01-2024
6022,2569,53,30-10-2024
6023,2743,122,02-07-2024
6024,1618,97,07-08-2024
6025,2858,46,02-01-2024
6026,2893,30,10-08-2024
6027,2550,109,28-08-2024
6028,3065,81,30-01-2024
6029,3434,155,26-09-2024
6030,4318,90,07-10-2024
6031,403,179,09-08-2024
6032,4054,73,25-08-2024
6033,2086,85,05-09-2024
6034,733,136,02-09-2024
6035,3227,118,10-09-2024
6036,966,191,03-11-2024
6037,4723,43,13-07-2024
6038,2774,64,06-11-2024
6039,1615,3,18-04-2024
6040,1065,99,03-06-2024
6041,1562,13,22-06-2024
6042,2250,156,11-06-2024
6043,3640,167,27-01-2024
6044,499,1,29-06-2024
6045,4322,46,08-01-2024
6046,4438,50,19-08-2024
6047,3555,151,11-08-2024
6048,130,120,24-05-2024
6049,1979,134,15-02-2024
6050,453,172,05-02-2024
6051,835,132,19-10-2024
6052,3314,116,16-01-2024
6053,2753,42,24-03-2024
6054,400,28,04-10-2024
6055,1684,148,16-05-2024
6056,2065,138,05-06-2024
6057,2211,123,10-10-2024
6058,2104,121,04-03-2024
6059,4581,42,03-05-2024
6060,4440,78,06-07-2024
6061,2436,64,26-09-2024
6062,4641,128,03-06-2024
6063,2205,77,21-02-2024
6064,1011,160,27-01-2024
6065,885,29,23-01-2024
6066,303,88,09-10-2024
6067,4217,73,31-08-2024
6068,3798,18,19-08-2024
6069,3193,24,14-01-2024
6070,1999,85,25-02-2024
6071,3519,110,23-07-2024
6072,798,43,11-01-2024
6073,2947,24,14-05-2024
6074,4887,64,25-06-2024
6075,1991,136,21-10-2024
6076,2481,186,17-08-2024
6077,786,3,30-09-2024
6078,1598,17,13-05-2024
6079,4132,19,25-05-2024
6080,2450,131,10-01-2024
6081,2146,27,10-01-2024
6082,4092,46,08-11-2024
6083,1853,193,22-01-2024
6084,94,149,24-10-2024
6085,4421,10,09-04-2024
6086,3220,35,25-04-2024
6087,2462,25,16-04-2024
6088,1114,11,29-01-2024
6089,677,18,13-05-2024
6090,2072,15,14-06-2024
6091,2688,33,25-10-2024
6092,2759,167,28-05-2024
6093,4749,169,21-09-2024
6094,2524,0,02-04-2024
6095,1804,130,17-01-2024
6096,4570,45,25-05-2024
6097,2469,116,09-10-2024
6098,1321,131,23-06-2024
6099,3876,145,01-03-2024
6100,46,166,11-07-2024
6101,3329,85,24-05-2024
6102,2707,19,17-06-2024
6103,895,1,01-03-2024
6104,3060,57,07-11-2024
6105,2282,159,13-03-2024
6106,3727,101,09-01-2024
6107,90,175,04-03-2024
6108,362,138,14-02-2024
6109,2313,59,24-06-2024
6110,42,25,04-05-2024
6111,2787,107,28-07-2024
6112,1364,45,08-08-2024
6113,2460,193,10-03-2024
6114,3442,146,06-08-2024
6115,2320,149,23-03-2024
6116,3552,168,07-08-2024
6117,3358,107,29-09-2024
6118,4467,108,09-01-2024
6119,3271,72,04-05-2024
6120,2919,169,16-03-2024
6121,4261,7,27-06-2024
6122,2877,197,12-01-2024
6123,1721,5,15-02-2024
6124,701,68,16-10-2024
6125,4151,180,29-03-2024
6126,1126,117,06-09-2024
6127,1133,69,04-07-2024
6128,4843,150,02-10-2024
6129,2321,193,01-06-2024
6130,3320,182,29-09-2024
6131,4401,146,14-10-2024
6132,979,127,12-01-2024
6133,720,125,15-09-2024
6134,4099,69,26-06-2024
6135,2743,28,12-03-2024
6136,2044,64,02-01-2024
6137,4298,76,17-09-2024
6138,1192,105,25-03-2024
6139,2660,161,29-02-2024
6140,1792,165,11-10-2024
6141,3788,53,18-04-2024
6142,1337,29,20-07-2024
6143,2901,112,24-08-2024
6144,243,60,16-03-2024
6145,3660,127,28-10-2024
6146,405,39,24-02-2024
6147,300,128,29-03-2024
6148,3971,150,08-09-2024
6149,4591,100,29-06-2024
6150,3793,170,06-07-2024
6151,4280,89,22-05-2024
6152,1244,82,12-06-2024
6153,677,100,09-07-2024
6154,1090,185,03-07-2024
6155,3706,28,25-08-2024
6156,73,198,15-04-2024
6157,912,71,25-05-2024
6158,2532,24,30-05-2024
6159,2729,22,30-07-2024
6160,4894,21,06-05-2024
6161,4225,40,20-03-2024
6162,854,17,13-03-2024
6163,699,156,17-04-2024
6164,696,70,15-02-2024
6165,2695,143,23-10-2024
6166,4185,106,23-04-2024
6167,3635,182,15-07-2024
6168,4015,31,19-04-2024
6169,2471,58,01-03-2024
6170,1231,153,11-06-2024
6171,1465,32,09-09-2024
6172,4176,61,06-08-2024
6173,3859,141,22-08-2024
6174,1831,19,16-07-2024
6175,3097,146,01-08-2024
6176,3069,144,09-10-2024
6177,1933,165,14-01-2024
6178,2882,168,08-07-2024
6179,802,123,20-06-2024
6180,93,139,19-05-2024
6181,4129,160,03-07-2024
6182,2035,147,03-09-2024
6183,4353,160,20-04-2024
6184,1544,85,18-06-2024
6185,477,87,04-11-2024
6186,2927,173,13-05-2024
6187,3185,95,24-07-2024
6188,2455,178,11-05-2024
6189,3017,98,19-09-2024
6190,711,83,18-10-2024
6191,4688,16,19-06-2024
6192,81,83,01-08-2024
6193,1003,185,24-05-2024
6194,2128,61,02-06-2024
6195,1523,135,26-04-2024
6196,1266,175,22-05-2024
6197,1632,185,04-02-2024
6198,256,187,28-10-2024
6199,4804,147,27-09-2024
6200,4420,162,13-08-2024
6201,1157,152,10-03-2024
6202,1348,189,17-04-2024
6203,200,198,23-02-2024
6204,4029,71,23-06-2024
6205,216,72,08-08-2024
6206,4897,16,04-04-2024
6207,1177,139,13-04-2024
6208,3302,69,29-05-2024
6209,880,183,28-07-2024
6210,219,162,21-09-2024
6211,3667,9,19-02-2024
6212,1512,191,10-09-2024
6213,3094,12,27-08-2024
6214,2517,80,16-09-2024
6215,2737,75,05-08-2024
6216,3195,189,21-05-2024
6217,4186,154,05-02-2024
6218,757,146,03-06-2024
6219,1123,35,14-05-2024
6220,1418,103,26-02-2024
6221,1637,53,12-03-2024
6222,820,125,16-09-2024
6223,4025,200,21-07-2024
6224,1769,29,09-07-2024
6225,4123,196,21-03-2024
6226,1547,85,06-05-2024
6227,2010,103,11-02-2024
6228,2954,67,03-02-2024
6229,4494,177,01-08-2024
6230,2216,7,30-06-2024
6231,1818,49,05-07-2024
6232,4161,84,24-07-2024
6233,1390,182,01-06-2024
6234,2504,24,03-04-2024
6235,145,17,10-04-2024
6236,4872,158,31-08-2024
6237,2474,87,27-01-2024
6238,3892,57,16-04-2024
6239,2628,26,20-04-2024
6240,4493,102,05-08-2024
6241,2992,25,04-07-2024
6242,3200,135,15-09-2024
6243,4513,198,07-07-2024
6244,2195,15,20-06-2024
6245,4687,102,26-04-2024
6246,4395,32,21-06-2024
6247,1664,88,07-06-2024
6248,2229,125,28-10-2024
6249,1666,143,17-03-2024
6250,346,81,14-08-2024
6251,2394,171,22-06-2024
6252,419,187,12-09-2024
6253,3602,190,07-10-2024
6254,698,28,31-01-2024
6255,1274,181,08-01-2024
6256,3935,148,16-03-2024
6257,3169,48,27-01-2024
6258,4589,29,22-07-2024
6259,864,68,27-07-2024
6260,657,4,19-06-2024
6261,2323,24,28-10-2024
6262,528,109,10-03-2024
6263,2098,184,12-07-2024
6264,2470,174,07-07-2024
6265,4894,72,08-08-2024
6266,2885,192,11-06-2024
6267,850,127,22-01-2024
6268,2678,122,08-06-2024
6269,496,89,16-09-2024
6270,3347,193,28-07-2024
6271,4872,129,15-07-2024
6272,2047,74,04-11-2024
6273,2809,156,21-07-2024
6274,342,141,17-09-2024
6275,143,111,28-05-2024
6276,3416,179,19-06-2024
6277,2152,49,16-09-2024
6278,2133,87,04-10-2024
6279,386,190,30-10-2024
6280,3181,18,19-04-2024
6281,737,130,10-10-2024
6282,3646,100,08-03-2024
6283,4091,187,04-01-2024
6284,3923,26,08-05-2024
6285,2208,191,23-09-2024
6286,418,135,29-09-2024
6287,421,83,12-01-2024
6288,2149,154,15-09-2024
6289,1463,29,05-05-2024
6290,3658,79,01-07-2024
6291,2165,188,26-07-2024
6292,1078,21,24-04-2024
6293,961,95,05-06-2024
6294,4952,80,09-03-2024
6295,991,86,26-02-2024
6296,7,76,28-01-2024
6297,1891,123,06-06-2024
6298,4709,103,22-03-2024
6299,1979,2,11-04-2024
6300,2930,16,26-10-2024
6301,4266,45,07-06-2024
6302,2539,36,08-05-2024
6303,1244,99,05-02-2024
6304,337,11,25-07-2024
6305,493,78,07-10-2024
6306,4173,55,06-06-2024
6307,3911,92,03-05-2024
6308,3034,49,26-10-2024
6309,1645,196,13-02-2024
6310,4893,194,14-05-2024
6311,4780,80,31-03-2024
6312,3274,26,03-02-2024
6313,2890,91,21-02-2024
6314,1605,67,25-01-2024
6315,3788,159,23-04-2024
6316,4242,183,28-01-2024
6317,4297,42,19-09-2024
6318,67,135,31-03-2024
6319,2917,33,03-10-2024
6320,2369,50,21-07-2024
6321,2832,8,18-02-2024
6322,3784,188,01-09-2024
6323,4492,182,27-08-2024
6324,4368,191,13-07-2024
6325,2019,190,06-09-2024
6326,4959,185,07-07-2024
6327,121,116,30-08-2024
6328,201,105,19-01-2024
6329,657,13,25-07-2024
6330,265,67,17-10-2024
6331,4104,50,11-10-2024
6332,3650,15,16-06-2024
6333,3826,72,13-09-2024
6334,1509,107,16-07-2024
6335,3895,9,14-06-2024
6336,1308,81,02-05-2024
6337,3898,0,01-11-2024
6338,4742,53,11-02-2024
6339,4552,30,05-09-2024
6340,3420,157,08-04-2024
6341,3732,123,18-06-2024
6342,3730,136,08-06-2024
6343,4948,98,21-01-2024
6344,3336,97,31-10-2024
6345,154,67,02-11-2024
6346,3333,196,09-02-2024
6347,1372,199,10-07-2024
6348,489,79,06-01-2024
6349,911,123,06-11-2024
6350,2703,92,24-10-2024
6351,4984,143,13-10-2024
6352,2051,69,15-05-2024
6353,1060,44,08-08-2024
6354,933,27,02-04-2024
6355,3103,124,26-08-2024
6356,1518,48,10-06-2024
6357,3219,134,28-06-2024
6358,530,92,15-01-2024
6359,606,144,11-02-2024
6360,2770,157,24-09-2024
6361,460,64,10-05-2024
6362,4356,38,23-05-2024
6363,3117,88,25-09-2024
6364,4033,23,05-03-2024
6365,2696,172,12-03-2024
6366,541,36,30-05-2024
6367,4006,138,29-04-2024
6368,4480,37,31-01-2024
6369,590,89,13-10-2024
6370,4111,29,21-02-2024
6371,3963,145,12-04-2024
6372,4173,9,29-05-2024
6373,4152,13,25-05-2024
6374,1376,23,10-05-2024
6375,2966,136,29-02-2024
6376,4688,11,24-09-2024
6377,4246,4,12-09-2024
6378,88,134,12-10-2024
6379,4077,102,21-08-2024
6380,1947,160,20-05-2024
6381,836,5,05-10-2024
6382,2314,95,07-07-2024
6383,2841,114,05-08-2024
6384,2250,153,24-06-2024
6385,2452,168,04-11-2024
6386,2847,10,16-03-2024
6387,3694,42,03-05-2024
6388,1125,39,14-02-2024
6389,1103,50,27-05-2024
6390,2897,93,29-07-2024
6391,62,188,02-04-2024
6392,4785,49,24-02-2024
6393,1278,73,03-01-2024
6394,101,16,10-03-2024
6395,681,35,02-03-2024
6396,3902,72,05-11-2024
6397,299,193,28-06-2024
6398,1964,46,05-10-2024
6399,28,149,18-02-2024
6400,821,137,02-02-2024
6401,136,54,24-03-2024
6402,885,116,10-09-2024
6403,859,24,01-02-2024
6404,1236,184,13-07-2024
6405,2163,24,20-01-2024
6406,1849,173,24-01-2024
6407,4750,47,25-02-2024
6408,1776,110,01-02-2024
6409,3644,7,16-10-2024
6410,4730,131,17-04-2024
6411,2151,173,21-08-2024
6412,4923,77,20-07-2024
6413,631,79,20-01-2024
6414,922,57,13-01-2024
6415,236,184,06-10-2024
6416,782,67,24-10-2024
6417,3772,149,26-07-2024
6418,401,183,08-04-2024
6419,4557,127,20-06-2024
6420,2181,42,23-09-2024
6421,4235,160,02-05-2024
6422,740,44,09-05-2024
6423,329,87,19-05-2024
6424,4213,119,22-06-2024
6425,1879,104,22-09-2024
6426,4758,99,07-07-2024
6427,592,92,05-04-2024
6428,3608,166,22-04-2024
6429,2248,199,23-09-2024
6430,1962,165,07-09-2024
6431,3732,128,25-03-2024
6432,959,155,28-02-2024
6433,4714,190,05-08-2024
6434,4173,133,11-03-2024
6435,2631,53,29-03-2024
6436,2224,21,23-08-2024
6437,546,34,27-01-2024
6438,1467,9,14-03-2024
6439,2082,174,19-02-2024
6440,362,92,14-09-2024
6441,4938,139,01-10-2024
6442,3347,186,26-01-2024
6443,4739,187,01-08-2024
6444,3262,134,03-11-2024
6445,4292,83,03-09-2024
6446,1541,145,03-04-2024
6447,2030,161,10-06-2024
6448,4694,189,31-05-2024
6449,4145,94,13-08-2024
6450,4530,41,09-10-2024
6451,2713,35,11-04-2024
6452,4535,39,30-08-2024
6453,4457,55,19-07-2024
6454,2383,151,06-04-2024
6455,4169,48,19-05-2024
6456,3587,194,16-08-2024
6457,1308,131,18-07-2024
6458,4053,152,05-09-2024
6459,211,114,04-01-2024
6460,4627,57,22-07-2024
6461,2487,25,15-04-2024
6462,3951,114,31-05-2024
6463,3265,136,21-08-2024
6464,876,182,19-07-2024
6465,4861,99,19-10-2024
6466,1398,55,12-07-2024
6467,4116,69,21-03-2024
6468,1058,77,23-02-2024
6469,586,166,12-08-2024
6470,3158,121,30-10-2024
6471,159,144,24-06-2024
6472,1616,74,02-05-2024
6473,1526,174,17-07-2024
6474,4482,181,15-04-2024
6475,729,87,20-10-2024
6476,880,54,10-05-2024
6477,3336,128,14-06-2024
6478,4490,86,25-02-2024
6479,3034,161,03-07-2024
6480,4487,101,11-02-2024
6481,284,49,08-09-2024
6482,2518,1,14-03-2024
6483,753,127,30-06-2024
6484,3659,193,21-01-2024
6485,1460,179,30-08-2024
6486,3922,52,25-02-2024
6487,616,11,10-04-2024
6488,415,83,26-04-2024
6489,610,128,01-06-2024
6490,4566,112,24-08-2024
6491,3152,190,22-07-2024
6492,4327,168,17-04-2024
6493,4719,8,15-05-2024
6494,2142,6,07-08-2024
6495,365,19,29-07-2024
6496,691,110,26-08-2024
6497,1557,86,09-10-2024
6498,4074,8,12-01-2024
6499,1063,109,21-08-2024
6500,4127,12,24-01-2024
6501,316,21,27-05-2024
6502,397,17,04-06-2024
6503,2578,197,11-01-2024
6504,2700,66,10-08-2024
6505,1442,6,25-04-2024
6506,4602,102,30-06-2024
6507,4385,51,22-07-2024
6508,60,102,18-03-2024
6509,1853,11,22-01-2024
6510,1040,133,10-06-2024
6511,4430,105,27-02-2024
6512,4472,34,14-06-2024
6513,3930,172,23-04-2024
6514,943,163,06-06-2024
6515,550,108,06-10-2024
6516,1574,139,08-05-2024
6517,3715,188,13-07-2024
6518,2269,94,25-07-2024
6519,3066,60,07-08-2024
6520,1653,169,17-08-2024
6521,2967,101,02-08-2024
6522,2895,73,13-07-2024
6523,4992,8,09-03-2024
6524,4157,113,13-04-2024
6525,2486,66,14-04-2024
6526,4134,186,21-10-2024
6527,968,152,26-04-2024
6528,688,8,31-05-2024
6529,890,80,04-04-2024
6530,372,195,01-02-2024
6531,3788,100,25-02-2024
6532,1435,2,09-10-2024
6533,823,170,24-07-2024
6534,1241,43,22-09-2024
6535,85,142,18-04-2024
6536,2737,105,05-11-2024
6537,1104,96,24-02-2024
6538,2878,44,23-09-2024
6539,683,3,17-01-2024
6540,1082,67,12-08-2024
6541,4739,184,08-03-2024
6542,3716,192,27-06-2024
6543,2884,75,28-04-2024
6544,2104,187,15-08-2024
6545,4898,5,05-04-2024
6546,3132,164,23-09-2024
6547,4119,69,08-08-2024
6548,933,154,18-01-2024
6549,2173,200,16-08-2024
6550,4120,57,19-07-2024
6551,1441,72,05-02-2024
6552,2356,25,23-09-2024
6553,3121,109,01-02-2024
6554,1716,66,25-02-2024
6555,553,82,23-02-2024
6556,3835,60,15-01-2024
6557,4253,111,11-03-2024
6558,4780,178,19-10-2024
6559,1919,190,29-01-2024
6560,4447,164,12-05-2024
6561,2155,126,11-09-2024
6562,923,66,07-02-2024
6563,167,121,23-02-2024
6564,3095,180,07-09-2024
6565,4585,113,22-09-2024
6566,1689,108,16-07-2024
6567,935,15,17-05-2024
6568,3124,30,31-01-2024
6569,2666,123,22-03-2024
6570,3886,131,28-05-2024
6571,1872,28,16-07-2024
6572,952,53,18-04-2024
6573,2230,130,13-01-2024
6574,3371,55,06-05-2024
6575,4463,121,22-04-2024
6576,2006,92,12-02-2024
6577,1308,100,04-10-2024
6578,2352,94,30-05-2024
6579,2649,149,16-09-2024
6580,2286,19,08-05-2024
6581,4063,149,05-03-2024
6582,988,112,30-03-2024
6583,4417,39,08-07-2024
6584,2423,58,04-01-2024
6585,588,103,01-01-2024
6586,883,156,24-10-2024
6587,2001,20,27-07-2024
6588,2749,200,24-06-2024
6589,1143,198,12-07-2024
6590,2359,94,03-07-2024
6591,3022,134,24-05-2024
6592,3646,74,31-01-2024
6593,1214,134,26-08-2024
6594,1054,52,21-01-2024
6595,1107,126,18-10-2024
6596,2274,115,18-01-2024
6597,3412,86,20-03-2024
6598,4681,119,09-03-2024
6599,4203,33,02-03-2024
6600,3910,88,08-10-2024
6601,1684,130,16-06-2024
6602,1892,168,11-01-2024
6603,254,116,03-07-2024
6604,2543,17,03-04-2024
6605,3052,129,21-04-2024
6606,3337,55,22-10-2024
6607,11,197,29-06-2024
6608,2229,159,16-07-2024
6609,1495,187,17-10-2024
6610,2928,53,21-04-2024
6611,3040,40,03-04-2024
6612,4250,39,03-03-2024
6613,722,121,14-06-2024
6614,1535,148,30-06-2024
6615,810,146,09-04-2024
6616,972,93,25-07-2024
6617,3693,199,30-04-2024
6618,4408,90,12-06-2024
6619,1176,81,15-04-2024
6620,1073,198,03-09-2024
6621,2314,150,26-03-2024
6622,4769,155,31-01-2024
6623,3462,27,28-10-2024
6624,4350,134,25-01-2024
6625,1513,198,08-11-2024
6626,1706,39,22-03-2024
6627,3828,20,24-02-2024
6628,3447,127,25-03-2024
6629,1633,144,31-03-2024
6630,2838,77,30-07-2024
6631,1070,162,14-09-2024
6632,4851,125,17-05-2024
6633,1003,195,10-04-2024
6634,2477,59,04-04-2024
6635,1513,144,22-06-2024
6636,1233,110,04-10-2024
6637,2359,76,17-06-2024
6638,1505,59,05-07-2024
6639,2877,195,01-04-2024
6640,4145,141,22-01-2024
6641,3909,41,17-10-2024
6642,1345,11,18-05-2024
6643,818,93,31-07-2024
6644,496,70,13-05-2024
6645,4583,98,27-07-2024
6646,1261,120,08-03-2024
6647,3513,175,30-01-2024
6648,848,131,29-08-2024
6649,3275,26,13-06-2024
6650,1249,132,15-10-2024
6651,1011,108,17-04-2024
6652,461,152,22-10-2024
6653,2029,57,12-05-2024
6654,4147,25,21-08-2024
6655,4390,55,25-08-2024
6656,4075,134,11-06-2024
6657,3539,11,30-07-2024
6658,3607,46,27-02-2024
6659,2075,28,23-02-2024
6660,3052,142,15-04-2024
6661,3911,158,21-03-2024
6662,27,151,06-02-2024
6663,1853,176,22-02-2024
6664,4202,173,21-09-2024
6665,3057,63,15-09-2024
6666,958,161,01-02-2024
6667,4916,147,27-02-2024
6668,204,85,18-05-2024
6669,2092,87,22-05-2024
6670,1380,70,13-07-2024
6671,3411,162,13-07-2024
6672,824,91,26-08-2024
6673,3519,164,20-07-2024
6674,1588,15,16-03-2024
6675,1942,29,12-10-2024
6676,4301,139,27-08-2024
6677,4916,22,06-03-2024
6678,4912,89,24-09-2024
6679,1141,153,21-03-2024
6680,4674,59,09-01-2024
6681,375,87,04-07-2024
6682,496,159,30-07-2024
6683,4515,51,16-02-2024
6684,1666,69,13-04-2024
6685,3337,189,13-02-2024
6686,4263,130,19-02-2024
6687,1638,17,28-10-2024
6688,1540,94,25-10-2024
6689,4156,139,08-05-2024
6690,990,80,30-06-2024
6691,2074,65,09-01-2024
6692,2657,44,14-09-2024
6693,1198,2,09-06-2024
6694,3093,11,23-06-2024
6695,4935,99,23-01-2024
6696,3213,167,26-06-2024
6697,2576,158,12-07-2024
6698,783,41,28-08-2024
6699,4464,200,30-09-2024
6700,2160,159,19-09-2024
6701,4758,82,10-10-2024
6702,3752,36,06-10-2024
6703,2695,72,10-09-2024
6704,3687,143,08-09-2024
6705,4232,49,13-03-2024
6706,2322,77,26-04-2024
6707,685,67,08-04-2024
6708,3806,101,03-10-2024
6709,1088,14,13-05-2024
6710,3569,150,26-04-2024
6711,509,168,12-10-2024
6712,2541,185,01-07-2024
6713,1431,37,06-05-2024
6714,1316,63,11-09-2024
6715,616,139,21-08-2024
6716,528,111,19-06-2024
6717,1367,80,27-01-2024
6718,101,37,10-02-2024
6719,1698,83,30-03-2024
6720,2250,111,12-02-2024
6721,587,78,25-05-2024
6722,3859,177,20-10-2024
6723,3750,47,26-09-2024
6724,3363,151,10-06-2024
6725,254,18,06-11-2024
6726,1884,69,23-07-2024
6727,3682,136,07-07-2024
6728,3434,135,22-03-2024
6729,3446,135,15-02-2024
6730,1151,195,18-09-2024
6731,1112,116,17-01-2024
6732,4855,158,20-02-2024
6733,3356,120,25-04-2024
6734,1778,200,02-03-2024
6735,1720,150,30-05-2024
6736,4237,111,08-11-2024
6737,4170,194,24-04-2024
6738,3962,48,03-05-2024
6739,2574,8,21-08-2024
6740,4782,158,08-10-2024
6741,4298,34,07-11-2024
6742,634,140,15-06-2024
6743,3244,167,30-03-2024
6744,4990,98,10-08-2024
6745,2239,147,18-04-2024
6746,1033,85,14-06-2024
6747,1916,81,24-07-2024
6748,3735,32,21-04-2024
6749,2566,159,24-05-2024
6750,4442,151,18-07-2024
6751,1390,195,24-03-2024
6752,3794,63,02-10-2024
6753,2894,65,08-02-2024
6754,1268,193,05-01-2024
6755,4714,72,06-11-2024
6756,218,113,10-08-2024
6757,3465,38,06-01-2024
6758,1566,141,15-03-2024
6759,4510,194,14-05-2024
6760,1295,85,03-08-2024
6761,330,64,20-09-2024
6762,2032,1,13-05-2024
6763,4157,4,14-07-2024
6764,1580,157,03-10-2024
6765,555,141,03-07-2024
6766,1551,138,22-02-2024
6767,1787,106,26-05-2024
6768,2162,60,14-03-2024
6769,4588,32,21-09-2024
6770,1193,99,13-03-2024
6771,236,69,26-09-2024
6772,3872,193,07-11-2024
6773,3904,103,02-07-2024
6774,1420,169,15-05-2024
6775,2430,29,14-01-2024
6776,3666,59,13-03-2024
6777,2434,9,09-07-2024
6778,3550,172,03-09-2024
6779,2739,86,28-01-2024
6780,1078,123,23-08-2024
6781,3577,51,01-03-2024
6782,4691,136,31-05-2024
6783,353,149,28-04-2024
6784,3688,39,12-03-2024
6785,4540,165,12-02-2024
6786,4725,125,16-10-2024
6787,721,4,03-01-2024
6788,4778,81,08-03-2024
6789,1173,28,01-04-2024
6790,4118,150,01-08-2024
6791,4728,194,30-10-2024
6792,4827,112,19-06-2024
6793,4051,6,04-03-2024
6794,1649,52,19-07-2024
6795,4235,73,31-07-2024
6796,2481,146,13-01-2024
6797,2306,62,08-07-2024
6798,2103,21,06-04-2024
6799,1236,199,17-06-2024
6800,1571,36,09-06-2024
6801,1908,19,13-10-2024
6802,713,191,28-10-2024
6803,264,155,04-10-2024
6804,3701,152,04-09-2024
6805,2225,72,29-04-2024
6806,1511,50,09-08-2024
6807,4936,125,10-07-2024
6808,3497,145,17-01-2024
6809,2172,195,27-05-2024
6810,1636,110,08-09-2024
6811,1053,189,30-08-2024
6812,3272,103,01-05-2024
6813,2421,59,12-08-2024
6814,1279,123,02-10-2024
6815,11,43,28-08-2024
6816,433,29,02-01-2024
6817,26,113,09-10-2024
6818,3252,25,12-10-2024
6819,4960,145,22-09-2024
6820,3677,163,01-09-2024
6821,2464,6,15-02-2024
6822,4530,147,06-08-2024
6823,3202,190,06-06-2024
6824,3845,41,14-09-2024
6825,3409,108,01-09-2024
6826,3383,178,13-04-2024
6827,4847,8,26-03-2024
6828,3663,105,16-10-2024
6829,978,165,14-09-2024
6830,2557,112,03-10-2024
6831,516,86,03-04-2024
6832,2485,152,14-05-2024
6833,3047,73,09-06-2024
6834,871,194,25-02-2024
6835,2068,20,14-03-2024
6836,1796,40,13-08-2024
6837,4454,122,09-05-2024
6838,1224,156,02-11-2024
6839,3963,113,11-01-2024
6840,4138,190,07-03-2024
6841,3577,171,29-01-2024
6842,3772,126,31-01-2024
6843,4501,91,16-02-2024
6844,4785,197,16-07-2024
6845,764,147,02-07-2024
6846,4472,147,03-01-2024
6847,2898,157,23-09-2024
6848,1199,137,18-01-2024
6849,245,20,02-01-2024
6850,78,44,16-01-2024
6851,4135,121,27-07-2024
6852,1523,112,24-02-2024
6853,234,158,10-03-2024
6854,626,65,19-02-2024
6855,4534,79,22-01-2024
6856,1685,25,19-05-2024
6857,1752,137,01-04-2024
6858,772,92,20-02-2024
6859,284,8,18-10-2024
6860,4660,67,05-03-2024
6861,657,60,17-01-2024
6862,521,158,29-07-2024
6863,4196,7,15-08-2024
6864,2991,18,01-04-2024
6865,4139,156,11-08-2024
6866,874,132,06-10-2024
6867,4555,43,19-05-2024
6868,4803,174,28-05-2024
6869,4708,3,24-10-2024
6870,4922,161,20-01-2024
6871,1790,55,24-07-2024
6872,2816,113,09-08-2024
6873,2677,116,24-07-2024
6874,1909,14,12-01-2024
6875,373,79,23-04-2024
6876,628,151,13-06-2024
6877,3210,14,28-05-2024
6878,4201,132,28-01-2024
6879,20,187,22-06-2024
6880,3600,21,15-02-2024
6881,567,179,07-01-2024
6882,2011,119,05-02-2024
6883,887,192,21-04-2024
6884,1224,156,01-07-2024
6885,1781,121,27-07-2024
6886,4410,49,11-03-2024
6887,3260,175,12-04-2024
6888,3407,47,29-06-2024
6889,4859,111,16-05-2024
6890,3819,158,07-08-2024
6891,959,104,26-08-2024
6892,1065,168,07-10-2024
6893,442,177,08-02-2024
6894,79,1,25-10-2024
6895,1507,106,17-02-2024
6896,4927,182,08-07-2024
6897,4252,150,15-03-2024
6898,2482,144,08-08-2024
6899,1267,110,18-01-2024
6900,1271,139,03-11-2024
6901,1431,87,01-06-2024
6902,190,0,11-06-2024
6903,4586,29,05-05-2024
6904,2767,9,23-01-2024
6905,1667,130,12-10-2024
6906,2056,103,05-06-2024
6907,3195,183,18-07-2024
6908,791,53,25-07-2024
6909,3652,72,01-09-2024
6910,3329,12,09-10-2024
6911,1147,30,14-07-2024
6912,2358,179,21-05-2024
6913,1387,174,28-06-2024
6914,633,193,05-10-2024
6915,465,99,15-06-2024
6916,3540,33,29-10-2024
6917,4749,27,16-01-2024
6918,2408,3,11-03-2024
6919,147,108,29-06-2024
6920,1785,134,17-03-2024
6921,41,39,17-02-2024
6922,830,8,13-06-2024
6923,3797,1,08-01-2024
6924,4405,83,02-04-2024
6925,2781,125,15-05-2024
6926,3259,28,21-01-2024
6927,4815,58,29-02-2024
6928,96,167,24-09-2024
6929,3944,87,28-04-2024
6930,2795,137,12-05-2024
6931,4064,68,07-01-2024
6932,3533,158,01-06-2024
6933,3745,29,18-03-2024
6934,4845,17,19-02-2024
6935,1604,186,15-10-2024
6936,4725,95,28-06-2024
6937,3171,167,31-10-2024
6938,614,148,24-01-2024
6939,380,192,25-09-2024
6940,792,56,26-09-2024
6941,3518,16,18-09-2024
6942,4169,90,15-05-2024
6943,4025,117,29-02-2024
6944,3957,105,16-04-2024
6945,27,69,04-02-2024
6946,2809,161,13-09-2024
6947,3635,91,15-06-2024
6948,3992,125,24-08-2024
6949,1051,112,09-04-2024
6950,3271,153,29-10-2024
6951,1989,146,24-10-2024
6952,2891,200,03-09-2024
6953,2721,64,15-10-2024
6954,668,10,01-05-2024
6955,3677,112,16-06-2024
6956,3104,30,26-04-2024
6957,3650,11,28-05-2024
6958,982,93,27-07-2024
6959,2333,48,10-06-2024
6960,4950,181,27-05-2024
6961,497,20,30-06-2024
6962,1525,18,03-06-2024
6963,2993,17,27-10-2024
6964,4912,149,03-09-2024
6965,4638,103,13-09-2024
6966,1989,25,11-10-2024
6967,4353,147,03-10-2024
6968,1199,16,08-04-2024
6969,452,133,08-06-2024
6970,936,55,26-08-2024
6971,1221,88,16-02-2024
6972,3829,8,17-04-2024
6973,1599,45,05-03-2024
6974,2076,6,04-10-2024
6975,2802,21,15-07-2024
6976,514,197,28-04-2024
6977,4554,72,04-01-2024
6978,3858,167,07-01-2024
6979,319,107,02-01-2024
6980,4327,17,06-01-2024
6981,3490,99,27-09-2024
6982,1212,71,12-02-2024
6983,1691,196,23-03-2024
6984,1635,33,22-10-2024
6985,2921,82,21-06-2024
6986,2019,57,12-04-2024
6987,1234,141,15-03-2024
6988,2583,23,22-06-2024
6989,3495,191,17-07-2024
6990,3043,81,15-04-2024
6991,370,187,08-07-2024
6992,4191,65,11-10-2024
6993,4851,184,07-02-2024
6994,4527,30,07-01-2024
6995,611,179,21-10-2024
6996,2405,123,03-07-2024
6997,4583,121,03-04-2024
6998,4482,152,16-07-2024
6999,4207,2,10-03-2024
7000,3538,107,14-03-2024
7001,4733,25,11-03-2024
7002,2787,74,27-02-2024
7003,2966,143,06-05-2024
7004,469,174,07-10-2024
7005,4125,44,14-09-2024
7006,1949,132,23-09-2024
7007,3553,13,29-07-2024
7008,1641,158,24-09-2024
7009,477,66,27-03-2024
7010,3686,114,27-03-2024
7011,621,83,05-07-2024
7012,4167,145,15-06-2024
7013,3310,193,30-10-2024
7014,3474,81,26-10-2024
7015,4073,25,04-03-2024
7016,2873,127,06-09-2024
7017,4868,73,10-10-2024
7018,1707,127,24-02-2024
7019,3519,12,22-03-2024
7020,2956,168,06-10-2024
7021,241,64,01-04-2024
7022,3107,60,14-04-2024
7023,2650,62,07-05-2024
7024,3841,149,18-01-2024
7025,4314,66,14-02-2024
7026,1531,194,12-05-2024
7027,3615,175,17-04-2024
7028,4291,141,16-02-2024
7029,2066,179,01-07-2024
7030,1334,75,10-07-2024
7031,1561,72,06-06-2024
7032,962,101,23-05-2024
7033,3931,2,28-06-2024
7034,713,124,28-07-2024
7035,1335,126,12-06-2024
7036,1687,14,18-06-2024
7037,4630,10,31-01-2024
7038,1630,190,17-01-2024
7039,3121,86,28-09-2024
7040,329,23,10-09-2024
7041,207,187,20-01-2024
7042,2605,97,14-01-2024
7043,294,23,08-01-2024
7044,708,37,16-05-2024
7045,4005,83,20-08-2024
7046,2284,49,03-02-2024
7047,3372,19,17-02-2024
7048,3229,177,24-07-2024
7049,3864,184,28-05-2024
7050,2053,129,04-03-2024
7051,534,68,07-09-2024
7052,4232,123,11-10-2024
7053,84,6,14-04-2024
7054,4149,95,13-07-2024
7055,2196,130,24-08-2024
7056,4677,146,19-10-2024
7057,1213,138,02-04-2024
7058,1289,12,30-08-2024
7059,4290,162,24-03-2024
7060,2750,155,30-08-2024
7061,145,132,21-03-2024
7062,1658,181,27-04-2024
7063,1266,16,16-07-2024
7064,1932,71,15-09-2024
7065,3026,64,12-08-2024
7066,2186,37,03-02-2024
7067,2072,106,20-04-2024
7068,1344,56,22-01-2024
7069,2518,75,19-02-2024
7070,137,164,02-06-2024
7071,2086,21,16-08-2024
7072,4614,79,06-09-2024
7073,2385,31,19-09-2024
7074,791,181,31-05-2024
7075,2414,1,28-03-2024
7076,2259,35,03-02-2024
7077,4406,123,04-05-2024
7078,2709,77,28-09-2024
7079,389,92,15-05-2024
7080,2401,166,02-09-2024
7081,239,19,16-05-2024
7082,2878,34,19-09-2024
7083,1333,174,23-07-2024
7084,2460,155,19-01-2024
7085,350,117,08-09-2024
7086,3048,147,08-01-2024
7087,2237,58,14-07-2024
7088,1351,178,05-07-2024
7089,4215,11,23-05-2024
7090,4727,89,12-07-2024
7091,4916,111,26-10-2024
7092,1005,143,11-05-2024
7093,401,23,28-06-2024
7094,1672,127,07-05-2024
7095,656,149,08-02-2024
7096,3892,117,24-09-2024
7097,4667,122,23-03-2024
7098,3346,32,12-02-2024
7099,2998,144,16-07-2024
7100,1170,69,23-10-2024
7101,3210,184,27-03-2024
7102,2895,21,12-10-2024
7103,933,81,08-10-2024
7104,2009,69,02-08-2024
7105,1550,182,22-02-2024
7106,1951,25,15-03-2024
7107,586,171,09-07-2024
7108,425,122,22-01-2024
7109,1202,126,15-09-2024
7110,650,41,15-10-2024
7111,1105,57,27-07-2024
7112,3367,70,19-04-2024
7113,4497,49,16-04-2024
7114,330,197,09-04-2024
7115,1284,50,30-05-2024
7116,3845,126,27-07-2024
7117,2736,34,04-09-2024
7118,3981,49,04-05-2024
7119,1151,148,07-01-2024
7120,1641,0,10-02-2024
7121,1875,137,16-09-2024
7122,4592,167,17-03-2024
7123,3143,50,02-09-2024
7124,922,184,29-07-2024
7125,12,132,04-02-2024
7126,331,150,04-04-2024
7127,921,137,15-07-2024
7128,759,85,22-05-2024
7129,3818,8,04-10-2024
7130,2897,82,19-09-2024
7131,2277,48,25-04-2024
7132,282,167,12-02-2024
7133,4618,109,01-08-2024
7134,1335,53,29-04-2024
7135,127,186,09-03-2024
7136,4827,7,27-08-2024
7137,3820,170,28-03-2024
7138,546,16,03-03-2024
7139,3929,106,05-06-2024
7140,1132,21,14-10-2024
7141,4089,124,18-04-2024
7142,1615,133,05-05-2024
7143,2024,39,25-06-2024
7144,1070,155,18-01-2024
7145,3668,20,26-01-2024
7146,2036,194,01-07-2024
7147,3332,125,23-06-2024
7148,1854,93,06-04-2024
7149,196,174,29-03-2024
7150,2221,98,08-07-2024
7151,3637,47,13-09-2024
7152,584,54,15-01-2024
7153,4370,60,26-01-2024
7154,1522,73,19-01-2024
7155,2052,153,12-06-2024
7156,2737,89,20-05-2024
7157,663,107,15-03-2024
7158,2365,85,04-06-2024
7159,2122,105,18-01-2024
7160,4758,84,14-05-2024
7161,3763,68,24-04-2024
7162,3950,163,02-11-2024
7163,4032,182,08-10-2024
7164,2852,88,07-08-2024
7165,679,17,07-07-2024
7166,1184,36,02-02-2024
7167,3709,15,12-03-2024
7168,2973,45,02-07-2024
7169,4799,131,12-08-2024
7170,1247,67,31-03-2024
7171,3844,103,31-01-2024
7172,646,107,31-08-2024
7173,2129,43,15-01-2024
7174,1425,148,26-07-2024
7175,3144,7,01-03-2024
7176,829,86,30-05-2024
7177,906,46,05-03-2024
7178,1153,35,08-09-2024
7179,2299,3,08-09-2024
7180,165,65,05-07-2024
7181,4857,83,30-06-2024
7182,4673,54,01-05-2024
7183,4720,20,11-06-2024
7184,4348,35,27-10-2024
7185,3599,149,09-10-2024
7186,4235,142,20-08-2024
7187,123,52,23-08-2024
7188,1766,95,30-09-2024
7189,1585,141,26-08-2024
7190,2819,72,18-10-2024
7191,3500,173,01-01-2024
7192,198,101,17-06-2024
7193,394,26,26-09-2024
7194,203,64,09-01-2024
7195,531,146,26-04-2024
7196,3011,10,14-02-2024
7197,4333,186,15-07-2024
7198,1909,136,17-06-2024
7199,239,17,27-08-2024
7200,3794,26,30-05-2024
7201,1304,178,05-01-2024
7202,1724,28,25-08-2024
7203,2447,130,19-05-2024
7204,2148,113,29-05-2024
7205,104,0,05-06-2024
7206,2935,58,08-02-2024
7207,3419,88,02-02-2024
7208,4783,162,13-10-2024
7209,991,72,03-08-2024
7210,4240,115,13-03-2024
7211,1705,143,01-08-2024
7212,3483,121,12-08-2024
7213,2806,161,20-02-2024
7214,3808,104,03-02-2024
7215,1821,198,01-10-2024
7216,4307,15,07-01-2024
7217,4092,88,05-07-2024
7218,1109,68,01-05-2024
7219,726,101,14-07-2024
7220,4506,119,16-06-2024
7221,590,96,28-04-2024
7222,3679,156,26-03-2024
7223,3004,46,20-05-2024
7224,811,153,06-08-2024
7225,351,181,02-04-2024
7226,2515,154,09-01-2024
7227,1030,134,15-08-2024
7228,3115,139,10-07-2024
7229,4672,158,04-05-2024
7230,984,19,27-03-2024
7231,256,74,17-03-2024
7232,1776,135,25-09-2024
7233,3717,57,26-05-2024
7234,3253,22,17-03-2024
7235,888,76,13-02-2024
7236,580,193,11-04-2024
7237,2297,33,12-08-2024
7238,1034,90,22-02-2024
7239,368,170,13-07-2024
7240,4466,136,01-09-2024
7241,1356,13,17-08-2024
7242,4562,42,07-06-2024
7243,1344,48,12-08-2024
7244,1723,91,06-02-2024
7245,1335,173,19-07-2024
7246,2673,95,23-09-2024
7247,2440,110,06-06-2024
7248,2201,86,16-02-2024
7249,838,63,13-09-2024
7250,2203,198,03-07-2024
7251,2205,97,04-05-2024
7252,2670,57,08-09-2024
7253,1380,123,02-06-2024
7254,2168,67,30-07-2024
7255,2048,57,16-06-2024
7256,1934,37,25-03-2024
7257,4470,166,07-04-2024
7258,4882,64,03-05-2024
7259,3018,33,13-09-2024
7260,3556,114,16-04-2024
7261,504,13,06-11-2024
7262,357,105,17-08-2024
7263,3957,121,28-05-2024
7264,1413,24,18-04-2024
7265,2190,123,16-09-2024
7266,3889,159,22-09-2024
7267,1706,158,06-03-2024
7268,844,24,08-03-2024
7269,3321,200,12-01-2024
7270,1413,27,10-06-2024
7271,907,114,25-10-2024
7272,1055,74,08-08-2024
7273,548,140,22-10-2024
7274,1194,155,10-08-2024
7275,4162,52,15-09-2024
7276,75,27,29-02-2024
7277,1371,157,11-05-2024
7278,1040,107,27-10-2024
7279,2869,125,13-05-2024
7280,3328,43,24-07-2024
7281,4825,11,27-10-2024
7282,4083,168,03-04-2024
7283,2550,159,22-01-2024
7284,1079,122,05-01-2024
7285,2209,146,17-03-2024
7286,536,162,06-11-2024
7287,2384,179,15-05-2024
7288,3354,156,26-07-2024
7289,3328,105,23-01-2024
7290,1369,131,14-09-2024
7291,4443,107,29-09-2024
7292,359,184,01-10-2024
7293,1664,179,02-08-2024
7294,3829,36,28-10-2024
7295,2992,126,27-06-2024
7296,1300,102,23-05-2024
7297,1307,5,06-06-2024
7298,3514,200,31-08-2024
7299,3924,89,05-04-2024
7300,3825,47,08-04-2024
7301,967,149,16-10-2024
7302,2855,99,22-04-2024
7303,980,178,27-08-2024
7304,2502,96,07-02-2024
7305,1162,16,06-10-2024
7306,3057,58,16-01-2024
7307,2680,98,15-07-2024
7308,383,116,20-07-2024
7309,2749,19,15-05-2024
7310,1904,72,31-03-2024
7311,951,50,22-04-2024
7312,2242,198,04-08-2024
7313,2247,152,31-07-2024
7314,4614,79,03-04-2024
7315,3205,132,03-02-2024
7316,4332,83,24-08-2024
7317,2212,42,19-10-2024
7318,4894,159,13-03-2024
7319,1865,20,20-06-2024
7320,1322,51,08-10-2024
7321,928,31,04-03-2024
7322,2172,27,24-06-2024
7323,2273,22,20-06-2024
7324,2398,177,15-07-2024
7325,134,57,31-10-2024
7326,140,107,22-03-2024
7327,1294,59,22-04-2024
7328,2804,35,19-01-2024
7329,2673,132,11-07-2024
7330,620,62,14-08-2024
7331,4767,193,23-09-2024
7332,362,118,31-08-2024
7333,501,189,13-03-2024
7334,384,144,23-02-2024
7335,4430,24,13-07-2024
7336,2609,190,31-01-2024
7337,3140,22,04-08-2024
7338,1648,45,04-02-2024
7339,4970,129,29-05-2024
7340,4211,40,14-09-2024
7341,4696,156,03-07-2024
7342,3283,116,03-02-2024
7343,4425,64,09-07-2024
7344,465,157,24-06-2024
7345,1191,111,15-09-2024
7346,3134,45,06-02-2024
7347,3089,194,16-02-2024
7348,1146,86,03-01-2024
7349,890,96,28-03-2024
7350,484,99,20-04-2024
7351,1355,16,17-01-2024
7352,2179,32,08-03-2024
7353,2941,71,21-01-2024
7354,4949,42,09-07-2024
7355,1005,167,25-03-2024
7356,1006,80,18-06-2024
7357,2180,185,26-01-2024
7358,3466,121,12-07-2024
7359,4774,8,30-04-2024
7360,4246,164,04-05-2024
7361,2966,88,25-06-2024
7362,769,184,20-10-2024
7363,4779,47,11-04-2024
7364,1952,38,10-02-2024
7365,3868,83,02-07-2024
7366,4628,180,31-08-2024
7367,3584,158,26-08-2024
7368,4516,170,26-01-2024
7369,1251,133,13-07-2024
7370,3057,67,15-04-2024
7371,76,45,05-09-2024
7372,1022,26,24-07-2024
7373,776,193,03-01-2024
7374,3337,175,07-01-2024
7375,3514,174,03-11-2024
7376,88,51,25-01-2024
7377,3629,68,11-01-2024
7378,3658,130,18-10-2024
7379,1418,19,06-01-2024
7380,2732,56,05-02-2024
7381,273,39,29-03-2024
7382,2487,112,02-04-2024
7383,4923,1,23-01-2024
7384,4587,161,23-09-2024
7385,1601,54,04-09-2024
7386,685,42,06-03-2024
7387,1550,64,07-10-2024
7388,2851,173,15-02-2024
7389,2512,181,17-04-2024
7390,706,23,31-07-2024
7391,4607,188,16-08-2024
7392,1520,157,08-01-2024
7393,1625,171,09-04-2024
7394,1650,136,04-01-2024
7395,1593,96,31-01-2024
7396,251,172,06-02-2024
7397,71,18,09-10-2024
7398,4384,88,06-04-2024
7399,2876,59,01-11-2024
7400,3185,100,26-10-2024
7401,3415,99,06-09-2024
7402,4187,6,09-08-2024
7403,4793,62,03-03-2024
7404,3699,119,12-02-2024
7405,3547,69,17-05-2024
7406,4933,160,13-09-2024
7407,4158,18,04-09-2024
7408,4088,51,04-08-2024
7409,4454,73,09-10-2024
7410,3850,14,31-01-2024
7411,4903,5,13-08-2024
7412,647,188,28-02-2024
7413,2239,96,30-06-2024
7414,1153,187,25-10-2024
7415,1951,169,10-07-2024
7416,363,125,27-02-2024
7417,4211,149,13-04-2024
7418,3391,92,22-04-2024
7419,1456,55,07-04-2024
7420,3969,114,07-09-2024
7421,4534,149,23-06-2024
7422,2194,184,03-10-2024
7423,3106,195,12-06-2024
7424,1370,117,22-04-2024
7425,1551,171,05-05-2024
7426,3090,31,26-05-2024
7427,382,118,30-01-2024
7428,4401,56,20-07-2024
7429,2646,39,11-10-2024
7430,451,106,15-10-2024
7431,3965,179,30-04-2024
7432,3133,54,14-06-2024
7433,3248,195,05-08-2024
7434,1089,26,10-08-2024
7435,2995,33,08-02-2024
7436,1787,165,24-05-2024
7437,964,127,24-09-2024
7438,803,77,03-09-2024
7439,2273,51,30-07-2024
7440,4375,68,16-10-2024
7441,2323,30,17-03-2024
7442,587,41,21-03-2024
7443,2165,127,03-06-2024
7444,1236,97,07-05-2024
7445,641,179,29-08-2024
7446,246,119,22-10-2024
7447,3371,157,21-06-2024
7448,715,49,30-04-2024
7449,1479,178,08-07-2024
7450,2219,129,18-01-2024
7451,2332,130,01-09-2024
7452,2553,198,17-08-2024
7453,1539,162,10-02-2024
7454,1265,62,23-04-2024
7455,2426,139,19-07-2024
7456,62,109,28-06-2024
7457,1568,171,15-10-2024
7458,3174,199,24-09-2024
7459,402,185,16-02-2024
7460,693,150,22-08-2024
7461,1098,85,12-03-2024
7462,3764,59,27-09-2024
7463,3961,87,18-09-2024
7464,4160,23,24-08-2024
7465,3976,119,19-10-2024
7466,3471,172,06-01-2024
7467,739,96,17-07-2024
7468,3654,64,02-11-2024
7469,3552,121,28-03-2024
7470,4738,49,27-03-2024
7471,137,44,21-07-2024
7472,4769,66,20-02-2024
7473,2664,71,16-10-2024
7474,1508,197,25-05-2024
7475,1110,159,14-05-2024
7476,1673,59,12-06-2024
7477,3509,105,17-02-2024
7478,3328,86,08-08-2024
7479,4834,194,01-07-2024
7480,2984,125,26-07-2024
7481,1564,122,03-09-2024
7482,3416,59,07-11-2024
7483,3332,64,29-10-2024
7484,913,181,13-08-2024
7485,86,35,27-05-2024
7486,2447,84,30-07-2024
7487,1817,53,28-01-2024
7488,346,20,22-02-2024
7489,1340,18,26-05-2024
7490,3412,50,05-06-2024
7491,3811,107,08-06-2024
7492,685,42,22-09-2024
7493,2250,50,27-08-2024
7494,3468,117,13-08-2024
7495,527,143,15-02-2024
7496,3570,134,29-05-2024
7497,1186,140,10-10-2024
7498,2828,150,10-08-2024
7499,4822,113,08-08-2024
7500,3540,78,02-03-2024
7501,4155,190,10-10-2024
7502,2655,126,05-10-2024
7503,559,52,26-06-2024
7504,1279,94,24-06-2024
7505,1153,43,18-09-2024
7506,1710,39,11-01-2024
7507,2518,25,19-09-2024
7508,2738,22,14-07-2024
7509,335,164,03-09-2024
7510,3420,154,13-06-2024
7511,3034,129,27-09-2024
7512,1658,180,31-10-2024
7513,3890,182,26-05-2024
7514,2570,92,17-05-2024
7515,178,62,26-06-2024
7516,815,2,03-11-2024
7517,333,176,25-04-2024
7518,53,165,28-07-2024
7519,3422,122,11-10-2024
7520,4188,50,13-06-2024
7521,3236,146,24-05-2024
7522,2399,147,19-08-2024
7523,4598,165,23-06-2024
7524,4325,69,20-06-2024
7525,3180,190,14-09-2024
7526,4145,55,04-05-2024
7527,4950,57,21-08-2024
7528,3120,159,29-06-2024
7529,3334,12,09-07-2024
7530,1895,177,17-06-2024
7531,149,6,06-07-2024
7532,917,154,24-03-2024
7533,3832,10,25-09-2024
7534,3317,84,15-09-2024
7535,4948,55,03-11-2024
7536,4211,89,08-11-2024
7537,4375,98,31-08-2024
7538,572,110,15-07-2024
7539,3316,72,07-01-2024
7540,2962,72,16-01-2024
7541,2067,24,28-06-2024
7542,2034,165,03-05-2024
7543,4022,103,14-01-2024
7544,1563,104,11-10-2024
7545,2377,197,08-06-2024
7546,2841,56,22-07-2024
7547,2769,98,21-02-2024
7548,2140,71,15-03-2024
7549,3124,147,11-09-2024
7550,1299,138,10-10-2024
7551,860,145,06-04-2024
7552,2509,141,30-10-2024
7553,3273,65,03-07-2024
7554,108,166,01-04-2024
7555,967,46,27-03-2024
7556,2324,103,07-08-2024
7557,588,71,02-04-2024
7558,4061,13,18-04-2024
7559,206,192,30-06-2024
7560,244,165,26-10-2024
7561,4472,146,19-04-2024
7562,3979,132,25-09-2024
7563,1367,52,06-02-2024
7564,4122,103,14-09-2024
7565,1580,190,06-10-2024
7566,1655,100,09-03-2024
7567,3265,27,17-06-2024
7568,3295,131,12-07-2024
7569,4107,96,06-08-2024
7570,2063,109,13-07-2024
7571,2621,43,06-06-2024
7572,1978,0,11-05-2024
7573,985,125,23-06-2024
7574,4788,18,21-01-2024
7575,2453,123,22-06-2024
7576,4170,141,05-04-2024
7577,481,122,07-09-2024
7578,3900,109,30-07-2024
7579,4596,137,22-05-2024
7580,642,16,11-04-2024
7581,4964,58,05-06-2024
7582,1424,71,02-01-2024
7583,2101,136,15-10-2024
7584,3778,168,15-10-2024
7585,2897,78,20-10-2024
7586,2381,171,19-05-2024
7587,2157,87,01-03-2024
7588,1003,137,01-02-2024
7589,1883,51,27-06-2024
7590,526,77,22-03-2024
7591,659,71,22-02-2024
7592,538,127,26-01-2024
7593,482,115,06-04-2024
7594,976,139,25-03-2024
7595,3505,147,02-01-2024
7596,285,73,04-09-2024
7597,4433,3,09-05-2024
7598,342,200,18-07-2024
7599,3014,180,05-11-2024
7600,923,164,19-06-2024
7601,2178,161,21-09-2024
7602,4141,157,05-08-2024
7603,1431,45,14-08-2024
7604,295,117,06-03-2024
7605,130,24,06-11-2024
7606,1199,54,01-09-2024
7607,3829,186,16-07-2024
7608,4990,58,23-07-2024
7609,4084,134,06-01-2024
7610,225,78,04-03-2024
7611,4022,166,04-10-2024
7612,4088,87,28-10-2024
7613,935,151,19-09-2024
7614,4777,18,01-03-2024
7615,2240,44,16-08-2024
7616,4273,37,11-09-2024
7617,816,79,14-05-2024
7618,1361,170,09-05-2024
7619,4615,180,28-10-2024
7620,2299,181,18-10-2024
7621,3449,111,13-07-2024
7622,4947,18,03-06-2024
7623,4250,8,28-08-2024
7624,3003,100,20-10-2024
7625,9,46,25-03-2024
7626,2406,43,22-01-2024
7627,414,140,17-07-2024
7628,534,145,21-07-2024
7629,2550,22,27-07-2024
7630,961,93,24-03-2024
7631,151,56,12-07-2024
7632,1434,68,22-09-2024
7633,2661,110,13-01-2024
7634,4905,172,19-06-2024
7635,1522,126,20-08-2024
7636,1232,196,11-10-2024
7637,3805,60,14-08-2024
7638,3743,68,08-10-2024
7639,144,139,27-01-2024
7640,2309,90,26-09-2024
7641,2863,155,18-09-2024
7642,4177,89,21-08-2024
7643,719,197,31-10-2024
7644,592,70,09-10-2024
7645,872,143,04-01-2024
7646,54,154,11-06-2024
7647,1870,128,19-02-2024
7648,1913,5,14-03-2024
7649,1497,116,23-09-2024
7650,1886,62,14-09-2024
7651,1398,157,09-09-2024
7652,3080,80,02-02-2024
7653,3514,6,14-05-2024
7654,1840,85,14-10-2024
7655,3866,109,19-04-2024
7656,36,24,28-03-2024
7657,166,20,27-10-2024
7658,1591,190,29-04-2024
7659,2248,13,24-04-2024
7660,4974,30,30-08-2024
7661,285,145,31-01-2024
7662,3667,106,06-08-2024
7663,4393,192,10-07-2024
7664,2553,182,30-04-2024
7665,3078,142,25-06-2024
7666,1013,168,02-01-2024
7667,2963,158,04-09-2024
7668,4572,85,31-07-2024
7669,2577,125,20-04-2024
7670,3495,176,29-07-2024
7671,4953,8,15-10-2024
7672,3494,164,03-06-2024
7673,1833,56,08-07-2024
7674,1469,115,18-02-2024
7675,1980,83,13-02-2024
7676,3234,104,30-09-2024
7677,3022,115,19-06-2024
7678,1363,166,20-10-2024
7679,1298,92,26-10-2024
7680,603,200,02-03-2024
7681,4377,54,23-04-2024
7682,4036,43,24-08-2024
7683,628,183,24-07-2024
7684,523,134,02-09-2024
7685,376,191,02-05-2024
7686,2279,19,15-08-2024
7687,3224,37,26-05-2024
7688,4111,34,03-04-2024
7689,475,155,09-04-2024
7690,3100,12,19-03-2024
7691,3417,147,13-06-2024
7692,2192,93,25-05-2024
7693,4338,181,01-11-2024
7694,4432,137,08-10-2024
7695,413,166,19-01-2024
7696,3546,194,27-08-2024
7697,4427,163,07-04-2024
7698,1059,30,10-02-2024
7699,137,179,11-06-2024
7700,1725,136,24-02-2024
7701,3268,101,02-09-2024
7702,930,14,27-09-2024
7703,884,180,29-10-2024
7704,4743,39,26-09-2024
7705,2568,29,26-10-2024
7706,1137,159,01-06-2024
7707,3776,117,25-06-2024
7708,4552,24,10-03-2024
7709,4912,178,13-04-2024
7710,921,111,05-01-2024
7711,3497,21,15-07-2024
7712,2566,71,23-08-2024
7713,3423,11,27-05-2024
7714,3374,181,04-03-2024
7715,3637,4,05-08-2024
7716,1709,120,15-09-2024
7717,1577,129,10-07-2024
7718,4097,146,23-01-2024
7719,235,41,02-02-2024
7720,2436,118,04-10-2024
7721,2984,113,05-04-2024
7722,232,140,25-02-2024
7723,872,135,09-02-2024
7724,3436,50,24-05-2024
7725,4264,167,03-06-2024
7726,3782,82,13-06-2024
7727,2450,13,23-06-2024
7728,2877,172,25-01-2024
7729,16,188,25-01-2024
7730,1014,183,19-09-2024
7731,3622,110,28-08-2024
7732,931,37,30-01-2024
7733,1051,88,17-07-2024
7734,415,197,29-06-2024
7735,4584,166,16-02-2024
7736,3347,63,29-06-2024
7737,2075,169,13-02-2024
7738,4059,184,03-01-2024
7739,2803,29,13-04-2024
7740,1360,119,01-11-2024
7741,2476,134,09-05-2024
7742,4194,2,04-10-2024
7743,2456,56,24-08-2024
7744,4594,64,10-08-2024
7745,4487,19,07-11-2024
7746,2498,84,20-08-2024
7747,2950,68,02-03-2024
7748,3893,130,05-10-2024
7749,3793,43,18-01-2024
7750,1110,113,03-07-2024
7751,3211,190,31-01-2024
7752,286,156,19-07-2024
7753,3689,56,24-08-2024
7754,1024,47,01-08-2024
7755,472,174,16-09-2024
7756,4747,166,09-01-2024
7757,3422,60,28-02-2024
7758,1848,184,07-03-2024
7759,1345,189,31-01-2024
7760,751,65,04-04-2024
7761,3931,41,10-02-2024
7762,4358,156,03-08-2024
7763,2442,11,14-08-2024
7764,4453,152,08-09-2024
7765,3519,180,03-06-2024
7766,3174,104,13-01-2024
7767,1660,84,01-05-2024
7768,1906,177,14-01-2024
7769,974,195,15-03-2024
7770,4262,73,01-05-2024
7771,4427,14,29-05-2024
7772,4333,10,12-02-2024
7773,624,66,03-09-2024
7774,3163,35,04-02-2024
7775,4858,134,02-07-2024
7776,4636,44,02-04-2024
7777,1120,28,24-04-2024
7778,2598,146,04-02-2024
7779,785,146,06-07-2024
7780,4022,129,01-10-2024
7781,831,12,09-04-2024
7782,1812,68,04-02-2024
7783,1614,16,18-04-2024
7784,550,90,07-06-2024
7785,4714,195,14-05-2024
7786,1524,126,21-05-2024
7787,4064,113,26-04-2024
7788,3329,68,07-05-2024
7789,4544,56,03-02-2024
7790,2658,157,12-03-2024
7791,4882,60,06-04-2024
7792,4705,74,21-03-2024
7793,3132,189,12-05-2024
7794,49,61,21-05-2024
7795,163,59,15-08-2024
7796,3113,39,30-01-2024
7797,4511,135,10-06-2024
7798,1985,3,04-11-2024
7799,3705,186,20-10-2024
7800,2703,121,27-04-2024
7801,2464,76,16-10-2024
7802,1324,103,28-08-2024
7803,3513,73,03-02-2024
7804,15,145,15-05-2024
7805,4191,63,11-09-2024
7806,447,118,08-06-2024
7807,687,115,06-06-2024
7808,3618,186,16-03-2024
7809,3927,159,10-01-2024
7810,361,24,25-09-2024
7811,1633,126,17-03-2024
7812,2035,167,28-05-2024
7813,2227,95,18-03-2024
7814,2086,19,31-03-2024
7815,882,197,18-07-2024
7816,946,44,09-06-2024
7817,4872,181,04-10-2024
7818,3843,28,29-04-2024
7819,3661,45,16-07-2024
7820,4193,125,04-06-2024
7821,3305,200,09-05-2024
7822,111,64,08-01-2024
7823,203,139,22-01-2024
7824,2380,131,22-06-2024
7825,2951,152,24-04-2024
7826,4831,65,11-04-2024
7827,4447,61,22-03-2024
7828,2627,194,06-05-2024
7829,1499,65,10-03-2024
7830,3585,182,08-11-2024
7831,2644,142,03-05-2024
7832,4936,115,10-09-2024
7833,2825,43,01-01-2024
7834,393,15,25-01-2024
7835,3246,116,08-08-2024
7836,2515,75,04-02-2024
7837,1945,1,09-06-2024
7838,3432,57,22-05-2024
7839,2774,100,30-03-2024
7840,1984,193,03-06-2024
7841,1329,147,10-04-2024
7842,2094,162,28-06-2024
7843,1281,96,08-01-2024
7844,2293,5,01-06-2024
7845,4821,63,09-09-2024
7846,4358,34,17-06-2024
7847,3765,73,26-08-2024
7848,3145,75,14-06-2024
7849,1725,57,30-08-2024
7850,1237,129,29-10-2024
7851,1088,39,20-09-2024
7852,504,56,05-07-2024
7853,643,189,07-07-2024
7854,4056,120,16-07-2024
7855,3842,134,30-08-2024
7856,3396,132,08-02-2024
7857,1394,115,21-03-2024
7858,2082,67,12-04-2024
7859,1877,171,26-01-2024
7860,4133,77,29-04-2024
7861,362,70,05-11-2024
7862,651,0,12-05-2024
7863,4154,184,28-02-2024
7864,2044,176,16-04-2024
7865,931,50,16-04-2024
7866,3086,60,31-07-2024
7867,2365,56,17-06-2024
7868,3146,83,16-04-2024
7869,2894,191,26-10-2024
7870,3172,30,14-08-2024
7871,4831,2,26-01-2024
7872,4669,180,23-09-2024
7873,2854,80,02-05-2024
7874,2609,21,24-03-2024
7875,4564,160,14-05-2024
7876,1652,53,10-01-2024
7877,3675,29,09-08-2024
7878,458,18,07-01-2024
7879,4918,182,16-09-2024
7880,550,120,13-04-2024
7881,4722,103,17-03-2024
7882,3689,113,16-05-2024
7883,1067,100,12-10-2024
7884,95,55,20-10-2024
7885,4013,88,30-01-2024
7886,1418,182,21-07-2024
7887,4925,118,17-04-2024
7888,4600,57,16-01-2024
7889,2599,57,27-05-2024
7890,1758,84,22-03-2024
7891,2056,49,20-08-2024
7892,430,25,29-02-2024
7893,1646,100,21-08-2024
7894,1923,163,03-10-2024
7895,3500,122,10-04-2024
7896,3739,154,04-09-2024
7897,1827,109,11-10-2024
7898,1701,122,05-06-2024
7899,506,138,21-05-2024
7900,2779,92,08-02-2024
7901,2341,78,29-10-2024
7902,3189,140,20-03-2024
7903,2361,81,26-02-2024
7904,3630,108,26-06-2024
7905,1488,125,03-02-2024
7906,2038,130,20-01-2024
7907,2611,186,14-01-2024
7908,3512,110,26-04-2024
7909,3361,142,28-08-2024
7910,22,169,11-09-2024
7911,4666,52,14-08-2024
7912,156,93,10-02-2024
7913,288,65,08-03-2024
7914,4200,75,15-06-2024
7915,2282,118,24-10-2024
7916,3144,155,28-10-2024
7917,4458,82,18-04-2024
7918,2944,61,19-10-2024
7919,19,113,01-04-2024
7920,66,106,19-07-2024
7921,1411,37,13-04-2024
7922,1653,85,20-10-2024
7923,3525,163,02-07-2024
7924,4185,30,03-10-2024
7925,3210,91,11-01-2024
7926,379,111,11-10-2024
7927,3106,175,24-08-2024
7928,3388,80,05-08-2024
7929,145,1,08-02-2024
7930,3779,172,11-08-2024
7931,2255,89,07-11-2024
7932,3618,21,02-03-2024
7933,4141,95,08-09-2024
7934,2274,118,07-01-2024
7935,3334,94,20-05-2024
7936,4034,82,19-01-2024
7937,3994,122,23-08-2024
7938,3208,95,06-02-2024
7939,4631,58,28-05-2024
7940,3677,59,23-03-2024
7941,3170,22,02-04-2024
7942,752,151,08-08-2024
7943,1609,125,19-09-2024
7944,1948,74,12-10-2024
7945,4895,153,28-02-2024
7946,2891,136,12-09-2024
7947,3091,74,04-04-2024
7948,1913,71,06-11-2024
7949,1876,41,31-05-2024
7950,1191,71,19-02-2024
7951,2906,56,03-05-2024
7952,431,2,14-08-2024
7953,3357,166,26-03-2024
7954,4006,7,22-02-2024
7955,1816,18,02-08-2024
7956,119,135,15-06-2024
7957,1545,189,20-05-2024
7958,3992,44,09-07-2024
7959,3115,142,17-10-2024
7960,3458,111,01-11-2024
7961,3106,92,16-02-2024
7962,1721,168,13-02-2024
7963,1760,111,26-09-2024
7964,1139,183,23-08-2024
7965,3799,26,06-03-2024
7966,1517,18,02-10-2024
7967,579,174,23-04-2024
7968,4430,29,10-08-2024
7969,2884,163,15-10-2024
7970,4208,151,11-02-2024
7971,2366,172,24-02-2024
7972,4584,63,17-07-2024
7973,3471,157,25-10-2024
7974,3811,68,15-10-2024
7975,2679,92,27-10-2024
7976,2720,17,23-03-2024
7977,4553,117,02-01-2024
7978,1349,13,11-01-2024
7979,2672,20,15-06-2024
7980,1261,28,08-03-2024
7981,3858,119,02-04-2024
7982,2565,44,21-10-2024
7983,4499,200,25-07-2024
7984,1618,136,13-02-2024
7985,3495,92,17-07-2024
7986,1903,143,23-03-2024
7987,3408,182,11-09-2024
7988,1760,121,29-08-2024
7989,4917,147,07-03-2024
7990,3925,125,14-04-2024
7991,2831,125,21-05-2024
7992,1365,52,15-02-2024
7993,2775,7,09-06-2024
7994,2083,56,10-07-2024
7995,2708,45,09-08-2024
7996,212,14,04-02-2024
7997,192,124,10-07-2024
7998,2358,60,23-06-2024
7999,570,100,04-06-2024
8000,2596,108,17-02-2024
8001,946,184,21-09-2024
8002,4590,37,04-10-2024
8003,2399,48,10-08-2024
8004,1468,89,18-06-2024
8005,365,55,04-01-2024
8006,2121,173,09-07-2024
8007,4114,61,28-08-2024
8008,3192,83,03-02-2024
8009,985,134,06-02-2024
8010,1146,192,02-07-2024
8011,4343,7,24-02-2024
8012,4116,106,26-08-2024
8013,573,46,27-02-2024
8014,3365,18,02-04-2024
8015,864,138,29-03-2024
8016,1041,49,30-09-2024
8017,2662,175,06-05-2024
8018,723,39,07-08-2024
8019,273,128,17-02-2024
8020,4359,119,06-04-2024
8021,4103,43,11-10-2024
8022,3638,100,22-03-2024
8023,3074,71,20-05-2024
8024,3434,54,21-03-2024
8025,3728,24,01-02-2024
8026,2877,58,24-05-2024
8027,2941,157,06-04-2024
8028,2144,199,16-05-2024
8029,576,142,16-06-2024
8030,1075,120,06-03-2024
8031,3789,152,03-10-2024
8032,2205,94,19-10-2024
8033,2737,180,30-07-2024
8034,3972,37,27-06-2024
8035,2385,26,06-10-2024
8036,4064,73,23-02-2024
8037,163,183,05-10-2024
8038,437,28,30-04-2024
8039,4870,29,17-05-2024
8040,4564,98,28-09-2024
8041,4139,145,03-09-2024
8042,4795,135,09-01-2024
8043,1207,141,26-10-2024
8044,4347,140,15-04-2024
8045,1580,70,06-10-2024
8046,2900,14,25-09-2024
8047,1687,26,11-01-2024
8048,1335,120,11-08-2024
8049,4165,127,08-04-2024
8050,2358,132,10-02-2024
8051,4978,180,13-04-2024
8052,2833,198,04-11-2024
8053,86,10,22-06-2024
8054,4504,34,15-09-2024
8055,1009,7,11-07-2024
8056,1221,142,04-02-2024
8057,4221,57,20-10-2024
8058,1795,193,15-06-2024
8059,603,33,01-08-2024
8060,2950,45,05-03-2024
8061,2320,142,25-07-2024
8062,4936,155,15-09-2024
8063,216,188,24-08-2024
8064,2590,82,28-07-2024
8065,53,127,08-03-2024
8066,4389,147,31-01-2024
8067,1469,63,27-07-2024
8068,403,154,09-09-2024
8069,4559,58,19-02-2024
8070,4529,88,22-04-2024
8071,1239,191,20-04-2024
8072,567,126,29-05-2024
8073,3272,168,31-07-2024
8074,4969,118,03-03-2024
8075,4607,106,07-02-2024
8076,460,42,04-06-2024
8077,4669,10,16-03-2024
8078,4345,16,25-05-2024
8079,447,136,20-02-2024
8080,4292,197,20-08-2024
8081,3871,75,08-07-2024
8082,1424,114,02-01-2024
8083,2872,71,23-03-2024
8084,3543,154,22-07-2024
8085,3385,75,16-06-2024
8086,1757,79,06-09-2024
8087,656,122,20-04-2024
8088,3951,182,07-09-2024
8089,767,26,27-09-2024
8090,1155,83,13-09-2024
8091,868,20,05-09-2024
8092,556,56,06-09-2024
8093,3355,190,19-06-2024
8094,2563,56,30-03-2024
8095,325,42,24-02-2024
8096,3714,42,05-10-2024
8097,200,134,04-03-2024
8098,2563,74,25-03-2024
8099,1781,50,24-02-2024
8100,3666,141,23-02-2024
8101,1373,120,07-04-2024
8102,1882,195,02-03-2024
8103,1955,128,17-06-2024
8104,1825,113,18-03-2024
8105,1725,19,24-06-2024
8106,112,178,04-08-2024
8107,1161,113,08-10-2024
8108,4581,98,24-03-2024
8109,1741,175,01-06-2024
8110,38,47,18-07-2024
8111,87,150,16-10-2024
8112,4114,15,31-01-2024
8113,2189,187,02-03-2024
8114,1945,109,12-05-2024
8115,726,31,07-04-2024
8116,2751,129,10-02-2024
8117,561,76,24-04-2024
8118,231,183,12-05-2024
8119,3263,75,22-02-2024
8120,3077,125,21-07-2024
8121,4164,56,29-10-2024
8122,1050,89,07-07-2024
8123,4800,172,29-07-2024
8124,1266,132,18-04-2024
8125,4070,114,04-07-2024
8126,1313,135,14-05-2024
8127,1094,174,25-08-2024
8128,3642,57,03-01-2024
8129,1230,79,17-04-2024
8130,2572,112,10-04-2024
8131,3825,114,29-06-2024
8132,2342,25,19-04-2024
8133,2017,126,27-09-2024
8134,3546,16,05-02-2024
8135,3160,138,20-06-2024
8136,3667,28,13-06-2024
8137,4304,40,01-05-2024
8138,1406,149,24-03-2024
8139,830,23,16-04-2024
8140,3162,53,14-04-2024
8141,1730,104,31-01-2024
8142,2765,146,02-01-2024
8143,4749,93,13-05-2024
8144,1104,147,26-06-2024
8145,3065,21,15-08-2024
8146,4920,123,26-04-2024
8147,498,173,16-09-2024
8148,3563,4,11-10-2024
8149,4124,196,14-01-2024
8150,659,156,30-05-2024
8151,1005,146,25-09-2024
8152,2303,36,04-05-2024
8153,4305,7,11-03-2024
8154,3290,87,20-10-2024
8155,665,22,15-05-2024
8156,2265,154,25-03-2024
8157,3351,192,09-03-2024
8158,2954,199,12-08-2024
8159,2555,146,05-04-2024
8160,3754,172,02-09-2024
8161,331,110,19-02-2024
8162,4714,39,14-04-2024
8163,4780,52,26-04-2024
8164,3576,118,14-04-2024
8165,2608,51,14-09-2024
8166,694,43,27-07-2024
8167,2594,96,20-10-2024
8168,3079,159,31-03-2024
8169,393,79,17-04-2024
8170,1991,178,09-10-2024
8171,3678,142,25-05-2024
8172,1619,33,16-02-2024
8173,4730,198,11-08-2024
8174,3694,89,16-08-2024
8175,3814,39,23-05-2024
8176,4631,40,03-05-2024
8177,971,1,03-01-2024
8178,343,196,19-10-2024
8179,3720,28,01-08-2024
8180,4898,14,10-09-2024
8181,1311,169,27-09-2024
8182,2091,37,22-08-2024
8183,1634,106,23-06-2024
8184,1076,2,06-07-2024
8185,3326,3,03-05-2024
8186,13,141,12-04-2024
8187,2578,149,10-07-2024
8188,1950,151,22-02-2024
8189,252,95,05-10-2024
8190,2400,142,30-07-2024
8191,4543,130,31-10-2024
8192,621,35,16-02-2024
8193,1638,71,15-10-2024
8194,1109,5,05-05-2024
8195,3147,31,16-09-2024
8196,705,74,23-06-2024
8197,3846,177,11-01-2024
8198,4691,127,15-06-2024
8199,4861,3,13-06-2024
8200,2729,91,10-03-2024
8201,2550,59,14-05-2024
8202,3953,155,03-11-2024
8203,4664,187,03-10-2024
8204,3844,119,01-01-2024
8205,591,73,10-02-2024
8206,934,17,01-10-2024
8207,2012,4,15-06-2024
8208,238,9,08-03-2024
8209,2767,118,13-03-2024
8210,724,38,11-01-2024
8211,582,11,26-04-2024
8212,4995,185,16-03-2024
8213,2316,144,13-09-2024
8214,4527,58,23-06-2024
8215,4210,8,21-06-2024
8216,2994,177,18-02-2024
8217,1041,104,10-04-2024
8218,2820,134,25-08-2024
8219,846,81,20-04-2024
8220,393,57,31-07-2024
8221,3871,129,03-07-2024
8222,3891,105,05-03-2024
8223,1316,169,19-04-2024
8224,3975,178,20-07-2024
8225,2045,182,07-04-2024
8226,3358,66,14-08-2024
8227,2997,98,20-02-2024
8228,1671,35,15-06-2024
8229,2109,61,15-02-2024
8230,1654,161,15-05-2024
8231,4867,82,07-03-2024
8232,3280,190,20-07-2024
8233,4700,147,20-10-2024
8234,2266,6,22-09-2024
8235,827,7,20-09-2024
8236,254,130,02-04-2024
8237,481,142,03-01-2024
8238,2304,113,05-05-2024
8239,1241,188,18-10-2024
8240,1606,107,14-06-2024
8241,2059,189,01-08-2024
8242,2599,2,21-02-2024
8243,617,189,09-10-2024
8244,1756,136,20-01-2024
8245,1293,153,05-08-2024
8246,643,68,19-01-2024
8247,133,146,16-07-2024
8248,2549,106,09-03-2024
8249,2233,144,09-01-2024
8250,3373,128,08-10-2024
8251,4339,178,03-07-2024
8252,52,122,06-09-2024
8253,3270,153,14-07-2024
8254,2012,53,02-01-2024
8255,2183,49,18-08-2024
8256,1534,188,13-07-2024
8257,3163,85,18-07-2024
8258,2487,93,11-03-2024
8259,2352,129,07-03-2024
8260,919,142,14-01-2024
8261,4318,95,13-08-2024
8262,2174,147,20-02-2024
8263,983,86,18-05-2024
8264,2682,134,09-03-2024
8265,4888,6,31-08-2024
8266,1923,196,14-02-2024
8267,4902,110,02-01-2024
8268,3197,47,08-09-2024
8269,1137,65,30-09-2024
8270,5,83,07-11-2024
8271,1078,61,18-08-2024
8272,2425,43,16-04-2024
8273,2746,138,24-10-2024
8274,3367,120,26-02-2024
8275,1927,118,16-03-2024
8276,3243,155,03-09-2024
8277,4325,63,14-05-2024
8278,3679,178,20-09-2024
8279,2579,42,10-04-2024
8280,2449,194,09-07-2024
8281,2468,166,07-08-2024
8282,4077,158,01-02-2024
8283,1305,164,23-03-2024
8284,4251,103,20-01-2024
8285,1067,157,10-10-2024
8286,3457,155,01-03-2024
8287,575,185,09-07-2024
8288,4750,14,29-10-2024
8289,2198,47,13-08-2024
8290,4326,57,20-02-2024
8291,1266,41,16-08-2024
8292,3864,108,13-08-2024
8293,2097,101,05-01-2024
8294,4675,66,06-03-2024
8295,1337,118,02-05-2024
8296,3825,20,03-02-2024
8297,4818,179,09-01-2024
8298,2861,185,07-01-2024
8299,2096,192,04-11-2024
8300,662,41,18-09-2024
8301,1818,114,06-03-2024
8302,1442,51,06-03-2024
8303,965,54,05-07-2024
8304,768,184,20-08-2024
8305,1255,123,06-08-2024
8306,429,159,05-11-2024
8307,2273,135,22-02-2024
8308,2900,165,20-05-2024
8309,1224,180,29-06-2024
8310,2204,159,10-08-2024
8311,905,115,02-11-2024
8312,2330,74,09-08-2024
8313,712,100,18-07-2024
8314,492,99,23-07-2024
8315,2942,144,06-04-2024
8316,2566,187,09-05-2024
8317,1352,66,02-11-2024
8318,2111,26,25-08-2024
8319,3286,9,25-09-2024
8320,3239,35,14-10-2024
8321,3348,29,16-09-2024
8322,4923,44,07-04-2024
8323,3470,26,23-03-2024
8324,4818,171,06-03-2024
8325,2030,71,16-06-2024
8326,4585,170,02-11-2024
8327,1920,119,14-01-2024
8328,4877,140,31-03-2024
8329,1445,117,10-03-2024
8330,2205,43,07-03-2024
8331,3741,90,26-04-2024
8332,923,20,20-01-2024
8333,3066,147,01-08-2024
8334,1778,28,02-01-2024
8335,964,115,08-09-2024
8336,560,27,30-06-2024
8337,1108,72,02-07-2024
8338,224,80,06-09-2024
8339,3853,157,13-01-2024
8340,4405,75,05-01-2024
8341,1559,173,31-03-2024
8342,1058,58,05-07-2024
8343,319,27,26-10-2024
8344,4982,22,26-07-2024
8345,3537,71,10-02-2024
8346,3294,41,09-07-2024
8347,2192,151,11-02-2024
8348,1354,148,01-11-2024
8349,3679,114,14-05-2024
8350,3986,133,20-01-2024
8351,1631,145,27-05-2024
8352,4853,43,29-07-2024
8353,3665,198,07-05-2024
8354,472,115,27-02-2024
8355,920,197,24-04-2024
8356,758,178,28-05-2024
8357,4965,117,06-01-2024
8358,3198,50,15-07-2024
8359,2369,85,17-07-2024
8360,3167,81,06-08-2024
8361,4571,186,05-11-2024
8362,2113,121,15-08-2024
8363,3734,149,23-05-2024
8364,1769,106,11-08-2024
8365,3042,54,03-03-2024
8366,2188,79,19-09-2024
8367,4912,152,20-01-2024
8368,3836,18,29-07-2024
8369,4625,38,06-05-2024
8370,3603,130,15-02-2024
8371,1591,200,19-05-2024
8372,3567,59,02-02-2024
8373,1385,56,30-10-2024
8374,2958,95,13-03-2024
8375,1347,101,24-02-2024
8376,3706,89,07-09-2024
8377,3915,122,17-07-2024
8378,4025,100,10-06-2024
8379,3816,72,28-05-2024
8380,4406,105,18-01-2024
8381,3241,45,09-01-2024
8382,1987,69,10-08-2024
8383,911,36,14-08-2024
8384,181,104,30-08-2024
8385,2005,124,06-10-2024
8386,578,158,26-06-2024
8387,4399,174,24-09-2024
8388,4486,127,22-04-2024
8389,3102,155,12-08-2024
8390,2903,33,18-04-2024
8391,748,63,12-02-2024
8392,2613,147,09-02-2024
8393,1492,27,29-10-2024
8394,198,30,20-06-2024
8395,4581,67,12-02-2024
8396,2806,101,24-05-2024
8397,1206,180,14-08-2024
8398,988,136,25-01-2024
8399,1020,150,01-04-2024
8400,2706,98,06-06-2024
8401,1922,82,24-04-2024
8402,2519,84,13-07-2024
8403,2801,157,06-10-2024
8404,3752,89,08-07-2024
8405,2276,187,06-04-2024
8406,3222,148,02-07-2024
8407,1822,187,18-02-2024
8408,4599,50,27-09-2024
8409,595,200,13-05-2024
8410,4036,30,26-08-2024
8411,2213,10,18-09-2024
8412,690,127,07-11-2024
8413,75,171,14-09-2024
8414,1998,88,28-10-2024
8415,3280,117,09-01-2024
8416,57,131,20-10-2024
8417,1517,114,11-02-2024
8418,3582,19,26-02-2024
8419,4033,190,02-05-2024
8420,1904,9,21-08-2024
8421,1138,38,11-08-2024
8422,1527,104,14-06-2024
8423,3264,132,15-07-2024
8424,2697,30,18-04-2024
8425,1010,191,21-07-2024
8426,2417,195,24-09-2024
8427,4210,195,20-03-2024
8428,3244,169,14-04-2024
8429,2652,71,22-10-2024
8430,3530,142,30-03-2024
8431,543,8,28-09-2024
8432,1581,65,22-02-2024
8433,1176,155,07-08-2024
8434,1980,61,23-09-2024
8435,3427,32,24-09-2024
8436,1024,54,20-06-2024
8437,2428,140,29-07-2024
8438,2326,94,13-09-2024
8439,991,78,14-06-2024
8440,3006,188,01-09-2024
8441,588,11,09-07-2024
8442,112,17,29-01-2024
8443,4215,179,10-05-2024
8444,469,45,01-05-2024
8445,850,150,12-09-2024
8446,390,98,12-03-2024
8447,4753,119,11-10-2024
8448,2978,17,08-08-2024
8449,241,166,24-09-2024
8450,1220,15,23-10-2024
8451,2527,175,11-05-2024
8452,4445,151,18-09-2024
8453,3411,103,29-08-2024
8454,3960,63,19-08-2024
8455,4572,11,21-10-2024
8456,3766,50,05-05-2024
8457,2733,130,07-11-2024
8458,1398,151,07-07-2024
8459,5,130,01-02-2024
8460,1951,26,01-11-2024
8461,2515,32,13-08-2024
8462,4329,44,27-04-2024
8463,1693,134,19-06-2024
8464,2014,87,17-09-2024
8465,4123,130,11-09-2024
8466,888,118,11-07-2024
8467,2684,121,21-01-2024
8468,4339,138,18-01-2024
8469,3330,115,30-06-2024
8470,2995,3,04-02-2024
8471,4275,88,21-08-2024
8472,3803,183,02-02-2024
8473,3113,66,15-10-2024
8474,4735,135,07-09-2024
8475,444,44,30-09-2024
8476,4224,86,16-10-2024
8477,3399,20,19-01-2024
8478,849,100,31-03-2024
8479,2542,163,22-05-2024
8480,4644,29,14-03-2024
8481,1925,32,26-03-2024
8482,2129,155,04-06-2024
8483,4492,27,27-03-2024
8484,4470,193,15-05-2024
8485,403,195,30-08-2024
8486,4897,25,27-02-2024
8487,3279,104,14-02-2024
8488,2561,36,30-08-2024
8489,4471,122,01-07-2024
8490,3167,89,10-03-2024
8491,355,36,19-03-2024
8492,1882,4,13-04-2024
8493,4042,72,05-01-2024
8494,2218,43,11-05-2024
8495,2398,53,19-10-2024
8496,3684,71,02-09-2024
8497,4723,3,03-02-2024
8498,3713,184,24-05-2024
8499,4536,197,04-05-2024
8500,388,7,26-07-2024
8501,4837,38,07-10-2024
8502,2500,35,29-07-2024
8503,3154,43,07-09-2024
8504,3947,29,17-06-2024
8505,1838,190,12-06-2024
8506,2156,175,06-04-2024
8507,4805,199,12-02-2024
8508,4445,158,12-09-2024
8509,4160,133,09-09-2024
8510,473,14,15-04-2024
8511,4204,65,15-09-2024
8512,3450,127,26-03-2024
8513,1995,17,29-07-2024
8514,1857,9,30-06-2024
8515,1851,59,22-01-2024
8516,3708,161,25-05-2024
8517,2350,193,12-02-2024
8518,1306,6,25-01-2024
8519,3150,136,13-05-2024
8520,4625,55,28-04-2024
8521,4157,54,26-02-2024
8522,1862,146,15-02-2024
8523,2283,146,13-02-2024
8524,3417,5,27-09-2024
8525,2492,0,21-07-2024
8526,1585,9,22-10-2024
8527,1911,166,13-07-2024
8528,4650,9,29-08-2024
8529,1641,178,08-11-2024
8530,1422,74,11-05-2024
8531,241,139,25-08-2024
8532,2886,51,09-04-2024
8533,3662,151,20-08-2024
8534,3025,72,02-10-2024
8535,4499,125,14-02-2024
8536,3899,46,30-08-2024
8537,3567,73,27-02-2024
8538,4524,195,08-10-2024
8539,4162,185,02-10-2024
8540,2021,56,30-05-2024
8541,4409,34,06-05-2024
8542,319,12,17-09-2024
8543,765,135,13-08-2024
8544,3097,101,10-05-2024
8545,327,110,15-02-2024
8546,1888,34,03-07-2024
8547,2449,98,20-03-2024
8548,2294,130,31-03-2024
8549,977,32,01-06-2024
8550,3357,110,11-09-2024
8551,1941,173,31-05-2024
8552,3700,17,13-06-2024
8553,733,2,28-04-2024
8554,864,73,01-08-2024
8555,859,4,16-02-2024
8556,556,198,18-04-2024
8557,3324,40,27-03-2024
8558,4053,147,04-02-2024
8559,2914,34,25-03-2024
8560,1168,17,02-11-2024
8561,2599,19,23-06-2024
8562,387,4,12-04-2024
8563,954,145,10-01-2024
8564,2637,25,23-10-2024
8565,406,178,16-10-2024
8566,4718,146,01-01-2024
8567,4713,60,28-09-2024
8568,3236,167,06-02-2024
8569,3389,120,08-08-2024
8570,1005,100,31-07-2024
8571,2663,145,23-01-2024
8572,3878,176,15-02-2024
8573,763,169,11-02-2024
8574,2191,150,02-01-2024
8575,4264,113,08-06-2024
8576,1517,37,06-04-2024
8577,2643,68,03-08-2024
8578,3136,89,04-03-2024
8579,1548,112,11-03-2024
8580,3184,191,16-04-2024
8581,289,39,15-04-2024
8582,1277,125,01-04-2024
8583,1389,195,02-03-2024
8584,358,195,29-05-2024
8585,3787,123,14-05-2024
8586,4023,199,27-10-2024
8587,2858,177,13-04-2024
8588,1748,66,08-08-2024
8589,1647,77,12-10-2024
8590,2302,164,02-05-2024
8591,4161,106,01-02-2024
8592,3005,33,15-09-2024
8593,4851,125,18-07-2024
8594,1611,0,24-08-2024
8595,3296,178,30-08-2024
8596,4736,79,11-09-2024
8597,2563,26,13-07-2024
8598,2657,169,16-02-2024
8599,296,45,06-09-2024
8600,3973,63,12-08-2024
8601,3156,111,08-07-2024
8602,2014,78,13-07-2024
8603,3137,24,10-09-2024
8604,2811,125,14-09-2024
8605,4159,83,08-05-2024
8606,4346,75,06-05-2024
8607,1294,64,26-01-2024
8608,1722,57,23-06-2024
8609,1880,163,20-08-2024
8610,2260,97,13-02-2024
8611,2286,83,14-05-2024
8612,3952,22,20-04-2024
8613,102,22,02-04-2024
8614,593,119,04-06-2024
8615,723,56,12-08-2024
8616,3731,129,04-08-2024
8617,2650,137,02-11-2024
8618,741,11,16-01-2024
8619,618,87,06-09-2024
8620,2776,59,23-03-2024
8621,3008,25,14-04-2024
8622,2401,10,22-05-2024
8623,2615,200,21-08-2024
8624,4869,194,04-10-2024
8625,1756,30,09-04-2024
8626,1344,121,26-07-2024
8627,2423,1,18-08-2024
8628,3996,50,20-03-2024
8629,4534,15,12-01-2024
8630,4632,105,20-04-2024
8631,1343,119,27-08-2024
8632,4680,11,15-04-2024
8633,4346,16,20-01-2024
8634,430,128,22-07-2024
8635,3071,83,19-01-2024
8636,2678,46,24-08-2024
8637,1931,28,27-01-2024
8638,4608,200,13-01-2024
8639,1840,21,03-01-2024
8640,4085,123,10-06-2024
8641,2180,56,15-08-2024
8642,3255,67,06-05-2024
8643,3733,116,04-06-2024
8644,4187,154,26-08-2024
8645,2357,160,29-07-2024
8646,4539,89,06-02-2024
8647,3401,134,22-08-2024
8648,1736,56,27-07-2024
8649,3913,193,29-09-2024
8650,975,140,24-03-2024
8651,3988,160,14-03-2024
8652,4364,49,15-03-2024
8653,35,170,03-02-2024
8654,315,29,03-06-2024
8655,896,103,01-07-2024
8656,603,150,16-08-2024
8657,1864,166,21-10-2024
8658,3667,30,06-03-2024
8659,857,68,31-05-2024
8660,163,193,06-11-2024
8661,4700,140,29-05-2024
8662,2235,86,21-04-2024
8663,3832,48,07-01-2024
8664,2533,84,23-10-2024
8665,1390,119,28-09-2024
8666,2758,198,02-04-2024
8667,3077,97,01-10-2024
8668,2690,183,19-01-2024
8669,17,124,22-06-2024
8670,726,154,14-05-2024
8671,2171,163,02-01-2024
8672,3614,147,10-05-2024
8673,705,183,07-08-2024
8674,1055,168,11-08-2024
8675,1194,33,08-08-2024
8676,4456,83,11-01-2024
8677,753,164,11-09-2024
8678,3576,124,16-06-2024
8679,4966,92,17-04-2024
8680,4263,139,08-01-2024
8681,2314,8,19-07-2024
8682,235,10,14-02-2024
8683,1021,188,24-01-2024
8684,2531,25,25-05-2024
8685,720,25,22-06-2024
8686,184,184,12-02-2024
8687,736,11,23-01-2024
8688,511,67,11-08-2024
8689,1357,171,10-02-2024
8690,3724,84,20-06-2024
8691,2111,194,30-08-2024
8692,207,102,25-05-2024
8693,2377,106,23-05-2024
8694,2959,51,08-02-2024
8695,4112,45,07-01-2024
8696,4144,27,08-11-2024
8697,3376,68,08-11-2024
8698,967,117,06-05-2024
8699,117,160,23-08-2024
8700,841,82,03-03-2024
8701,825,11,10-01-2024
8702,54,82,28-07-2024
8703,1097,69,28-05-2024
8704,365,78,07-05-2024
8705,2871,85,24-03-2024
8706,996,46,08-10-2024
8707,1405,2,12-07-2024
8708,3648,59,22-04-2024
8709,4257,31,12-08-2024
8710,2739,106,15-04-2024
8711,3075,83,17-05-2024
8712,873,127,25-09-2024
8713,4855,11,18-05-2024
8714,1317,145,03-10-2024
8715,4682,5,25-07-2024
8716,2693,87,17-03-2024
8717,110,43,18-08-2024
8718,2553,33,14-03-2024
8719,4051,51,03-02-2024
8720,2363,179,22-07-2024
8721,904,9,21-05-2024
8722,2803,114,10-10-2024
8723,4811,126,17-06-2024
8724,510,2,29-05-2024
8725,184,127,11-10-2024
8726,2571,171,05-10-2024
8727,4479,34,09-05-2024
8728,276,94,09-04-2024
8729,2019,118,07-08-2024
8730,563,160,05-04-2024
8731,1718,6,09-04-2024
8732,372,192,28-06-2024
8733,3525,188,17-07-2024
8734,2281,14,11-02-2024
8735,2880,148,03-11-2024
8736,421,133,27-02-2024
8737,3734,98,25-10-2024
8738,4361,17,08-06-2024
8739,3708,25,19-07-2024
8740,2055,119,31-07-2024
8741,3698,93,18-07-2024
8742,1413,194,11-10-2024
8743,3599,91,18-02-2024
8744,3303,10,03-01-2024
8745,4809,185,01-07-2024
8746,509,139,31-08-2024
8747,3809,152,05-11-2024
8748,4692,33,01-09-2024
8749,933,6,14-10-2024
8750,3091,73,04-08-2024
8751,2835,7,25-05-2024
8752,2097,68,30-09-2024
8753,4781,169,31-08-2024
8754,2906,66,17-09-2024
8755,3616,2,02-04-2024
8756,2371,179,09-03-2024
8757,135,191,23-01-2024
8758,302,3,01-02-2024
8759,3789,109,20-08-2024
8760,1050,168,29-06-2024
8761,160,27,16-01-2024
8762,1007,87,31-08-2024
8763,1660,162,25-03-2024
8764,4064,121,09-01-2024
8765,3317,113,09-07-2024
8766,124,104,31-08-2024
8767,4918,175,28-10-2024
8768,1690,183,22-07-2024
8769,83,134,16-02-2024
8770,4483,94,29-06-2024
8771,207,44,13-10-2024
8772,3910,73,13-06-2024
8773,4173,16,19-02-2024
8774,3994,134,06-04-2024
8775,2190,175,05-10-2024
8776,4071,24,08-03-2024
8777,3257,127,07-05-2024
8778,1616,38,10-05-2024
8779,1550,86,25-07-2024
8780,991,158,30-07-2024
8781,607,139,14-02-2024
8782,1515,67,02-02-2024
8783,2236,73,08-09-2024
8784,1321,127,14-10-2024
8785,4966,86,05-10-2024
8786,3423,165,29-08-2024
8787,4973,165,09-09-2024
8788,2085,29,15-02-2024
8789,312,194,05-03-2024
8790,3106,7,13-10-2024
8791,3886,186,19-06-2024
8792,3769,178,28-06-2024
8793,3505,196,11-06-2024
8794,3536,89,08-02-2024
8795,1143,75,20-05-2024
8796,4384,96,07-02-2024
8797,2917,73,30-07-2024
8798,2546,148,12-01-2024
8799,51,140,23-06-2024
8800,1356,89,14-07-2024
8801,2732,56,13-04-2024
8802,4625,162,30-04-2024
8803,3561,17,19-02-2024
8804,1613,19,12-04-2024
8805,391,7,31-05-2024
8806,3169,165,30-06-2024
8807,3516,35,17-06-2024
8808,430,139,31-10-2024
8809,173,88,28-09-2024
8810,2723,17,05-11-2024
8811,2527,160,08-01-2024
8812,2236,5,24-01-2024
8813,2001,52,08-04-2024
8814,469,103,12-09-2024
8815,1320,68,23-02-2024
8816,4627,73,08-11-2024
8817,3897,107,14-05-2024
8818,158,166,24-08-2024
8819,2485,66,21-06-2024
8820,1746,66,08-06-2024
8821,248,140,02-05-2024
8822,2486,80,11-07-2024
8823,3348,153,05-02-2024
8824,2987,118,12-03-2024
8825,3059,148,11-05-2024
8826,3749,155,09-04-2024
8827,1109,15,25-04-2024
8828,74,40,15-05-2024
8829,190,19,30-07-2024
8830,778,89,27-04-2024
8831,3979,118,05-11-2024
8832,4572,87,20-06-2024
8833,1785,145,08-08-2024
8834,3123,111,15-09-2024
8835,3234,112,06-11-2024
8836,1565,99,17-05-2024
8837,1030,197,04-02-2024
8838,3325,196,19-08-2024
8839,4965,71,31-05-2024
8840,2144,132,25-01-2024
8841,3580,98,08-04-2024
8842,604,41,10-08-2024
8843,398,110,26-08-2024
8844,4525,133,07-01-2024
8845,3299,23,26-01-2024
8846,1935,81,13-09-2024
8847,2306,165,30-09-2024
8848,3011,23,12-04-2024
8849,4533,80,11-01-2024
8850,1454,121,26-09-2024
8851,4809,198,16-08-2024
8852,970,166,09-01-2024
8853,3081,97,09-05-2024
8854,1118,0,27-04-2024
8855,162,165,07-09-2024
8856,3249,120,26-04-2024
8857,3078,75,30-04-2024
8858,284,15,09-08-2024
8859,2361,109,13-06-2024
8860,1332,161,07-03-2024
8861,154,93,09-09-2024
8862,65,115,15-10-2024
8863,1770,155,25-05-2024
8864,285,157,26-02-2024
8865,3160,1,12-02-2024
8866,1156,156,12-06-2024
8867,4254,61,15-05-2024
8868,4018,18,05-04-2024
8869,3862,117,02-08-2024
8870,3719,65,26-08-2024
8871,4882,28,26-06-2024
8872,2234,180,28-10-2024
8873,3462,161,14-10-2024
8874,1334,165,25-03-2024
8875,4950,173,04-11-2024
8876,2895,74,14-08-2024
8877,359,56,04-11-2024
8878,1730,197,18-09-2024
8879,3566,98,19-01-2024
8880,2673,17,26-06-2024
8881,4806,154,05-06-2024
8882,2526,83,31-05-2024
8883,1697,80,15-10-2024
8884,4807,187,05-06-2024
8885,3413,121,07-07-2024
8886,1574,66,18-05-2024
8887,4738,53,29-09-2024
8888,1763,103,28-02-2024
8889,3150,34,09-04-2024
8890,1279,2,07-09-2024
8891,568,178,25-04-2024
8892,4614,153,11-03-2024
8893,966,147,06-01-2024
8894,2437,126,03-04-2024
8895,4567,156,10-02-2024
8896,4673,96,24-10-2024
8897,4743,111,04-05-2024
8898,930,125,05-07-2024
8899,4365,12,16-08-2024
8900,822,125,18-08-2024
8901,286,170,10-07-2024
8902,1620,30,04-01-2024
8903,773,170,06-06-2024
8904,771,134,14-05-2024
8905,190,130,31-10-2024
8906,2013,155,04-08-2024
8907,2071,17,26-01-2024
8908,1007,166,09-02-2024
8909,3697,145,20-02-2024
8910,1406,170,17-04-2024
8911,2713,3,23-05-2024
8912,3312,135,21-10-2024
8913,4603,150,23-01-2024
8914,150,10,05-11-2024
8915,4026,82,02-07-2024
8916,4532,106,18-06-2024
8917,1046,120,01-08-2024
8918,2342,113,31-03-2024
8919,1648,153,18-06-2024
8920,4654,75,27-03-2024
8921,3328,115,07-05-2024
8922,676,193,17-01-2024
8923,4006,191,19-09-2024
8924,3974,172,05-11-2024
8925,1131,106,30-08-2024
8926,3396,50,12-06-2024
8927,469,7,12-10-2024
8928,3223,154,17-07-2024
8929,293,126,19-01-2024
8930,2148,30,09-02-2024
8931,4094,12,08-08-2024
8932,2636,1,24-02-2024
8933,3711,53,26-02-2024
8934,342,126,27-06-2024
8935,2203,166,16-02-2024
8936,2095,47,23-10-2024
8937,1525,143,28-10-2024
8938,2986,191,11-06-2024
8939,1758,113,10-06-2024
8940,1027,143,07-03-2024
8941,1151,70,21-03-2024
8942,2937,140,23-08-2024
8943,1300,119,07-09-2024
8944,3462,74,29-03-2024
8945,162,60,19-05-2024
8946,4348,95,10-03-2024
8947,249,145,11-06-2024
8948,1438,46,01-01-2024
8949,4506,70,02-02-2024
8950,1937,76,28-06-2024
8951,4474,94,01-09-2024
8952,4913,8,22-06-2024
8953,2404,125,08-03-2024
8954,1021,39,10-06-2024
8955,1415,27,13-05-2024
8956,1596,10,10-05-2024
8957,1622,6,15-07-2024
8958,3414,62,27-01-2024
8959,4421,55,20-03-2024
8960,868,56,19-02-2024
8961,1757,140,03-11-2024
8962,769,36,17-06-2024
8963,3575,173,08-02-2024
8964,1258,66,14-03-2024
8965,671,23,10-05-2024
8966,628,176,11-09-2024
8967,72,93,04-11-2024
8968,3069,158,10-04-2024
8969,4721,142,23-02-2024
8970,956,167,24-06-2024
8971,1798,6,03-01-2024
8972,4657,79,01-02-2024
8973,4649,55,17-09-2024
8974,3485,92,01-08-2024
8975,721,63,19-02-2024
8976,3459,140,24-03-2024
8977,2191,4,19-03-2024
8978,1352,140,07-09-2024
8979,3617,155,27-10-2024
8980,2818,68,21-02-2024
8981,4074,167,06-09-2024
8982,3499,111,31-08-2024
8983,413,20,23-01-2024
8984,1289,78,21-01-2024
8985,275,14,05-03-2024
8986,1927,24,05-05-2024
8987,3884,92,22-09-2024
8988,3817,168,27-03-2024
8989,4722,174,17-01-2024
8990,4190,188,16-04-2024
8991,1050,46,07-10-2024
8992,1861,166,03-06-2024
8993,315,132,01-07-2024
8994,1905,94,12-10-2024
8995,3550,153,29-04-2024
8996,3952,55,07-01-2024
8997,368,180,30-10-2024
8998,4571,173,24-06-2024
8999,3365,141,06-02-2024
9000,3201,3,30-07-2024
9001,1228,187,26-10-2024
9002,329,165,06-10-2024
9003,747,161,05-11-2024
9004,4459,60,24-05-2024
9005,3161,68,26-03-2024
9006,3946,35,31-03-2024
9007,1306,151,13-02-2024
9008,1615,117,22-10-2024
9009,1037,49,31-01-2024
9010,4619,93,12-05-2024
9011,3276,199,05-06-2024
9012,3369,106,24-04-2024
9013,4636,27,27-09-2024
9014,2590,186,15-07-2024
9015,985,149,26-03-2024
9016,3700,121,05-05-2024
9017,2635,37,10-06-2024
9018,4918,18,10-03-2024
9019,3115,64,13-10-2024
9020,3053,128,03-08-2024
9021,3376,89,27-06-2024
9022,4805,168,11-05-2024
9023,1756,41,16-03-2024
9024,3184,109,23-09-2024
9025,1225,134,11-02-2024
9026,2171,26,28-10-2024
9027,512,21,16-07-2024
9028,1537,168,10-04-2024
9029,1643,139,29-07-2024
9030,4226,93,01-04-2024
9031,1426,113,02-04-2024
9032,2706,112,27-05-2024
9033,1479,37,21-04-2024
9034,2341,116,06-08-2024
9035,913,92,28-02-2024
9036,2939,76,13-02-2024
9037,3904,108,13-05-2024
9038,311,127,28-02-2024
9039,761,46,30-09-2024
9040,2780,142,15-08-2024
9041,4819,39,10-06-2024
9042,4681,109,08-04-2024
9043,4568,152,21-05-2024
9044,2394,5,21-07-2024
9045,3189,3,30-06-2024
9046,270,16,18-10-2024
9047,1492,163,25-01-2024
9048,137,73,26-05-2024
9049,2260,21,29-05-2024
9050,2453,164,16-03-2024
9051,2394,43,09-09-2024
9052,179,178,25-08-2024
9053,119,14,22-03-2024
9054,512,38,06-10-2024
9055,1784,120,19-01-2024
9056,2379,55,21-03-2024
9057,2328,69,21-02-2024
9058,5000,12,03-03-2024
9059,1884,86,07-02-2024
9060,157,127,17-06-2024
9061,4581,66,21-10-2024
9062,3353,184,02-08-2024
9063,3475,89,03-10-2024
9064,2340,74,30-10-2024
9065,4420,175,18-07-2024
9066,2539,108,18-01-2024
9067,1111,8,30-06-2024
9068,4887,193,02-01-2024
9069,3451,99,07-02-2024
9070,507,173,17-07-2024
9071,637,101,01-03-2024
9072,2569,52,02-02-2024
9073,3124,80,29-09-2024
9074,1218,48,09-05-2024
9075,4301,71,10-05-2024
9076,4490,72,09-07-2024
9077,4756,65,12-04-2024
9078,3796,10,18-09-2024
9079,1590,50,04-02-2024
9080,4354,153,21-02-2024
9081,2032,158,08-11-2024
9082,2082,52,19-10-2024
9083,4949,199,22-05-2024
9084,3019,101,09-02-2024
9085,2369,41,10-03-2024
9086,4409,15,10-02-2024
9087,76,155,30-07-2024
9088,3794,96,31-07-2024
9089,3895,46,14-03-2024
9090,96,46,25-09-2024
9091,3037,175,16-03-2024
9092,3481,125,22-04-2024
9093,1097,51,06-01-2024
9094,3715,22,09-09-2024
9095,3295,3,31-01-2024
9096,1357,192,01-07-2024
9097,765,66,11-08-2024
9098,3863,26,04-10-2024
9099,2211,128,29-01-2024
9100,1869,129,18-08-2024
9101,3276,60,28-04-2024
9102,4901,130,13-04-2024
9103,3104,159,27-09-2024
9104,3824,62,02-10-2024
9105,3168,147,12-05-2024
9106,2887,178,01-09-2024
9107,2911,129,22-05-2024
9108,4817,100,02-07-2024
9109,507,86,18-06-2024
9110,3101,30,13-10-2024
9111,3648,102,30-05-2024
9112,4508,188,13-08-2024
9113,4496,38,20-10-2024
9114,1073,96,03-10-2024
9115,930,150,26-05-2024
9116,3593,114,28-02-2024
9117,2511,152,13-05-2024
9118,3485,28,19-03-2024
9119,4274,23,08-06-2024
9120,2341,13,24-06-2024
9121,2789,55,10-02-2024
9122,1366,195,09-02-2024
9123,3592,126,07-07-2024
9124,1720,9,17-02-2024
9125,1467,174,18-10-2024
9126,1933,53,22-02-2024
9127,498,94,17-01-2024
9128,4714,120,29-03-2024
9129,1107,194,28-04-2024
9130,3185,150,22-05-2024
9131,866,25,24-09-2024
9132,3617,132,05-07-2024
9133,1795,90,25-09-2024
9134,4576,146,14-04-2024
9135,4600,194,17-02-2024
9136,1338,29,02-09-2024
9137,2574,101,21-06-2024
9138,3807,31,12-05-2024
9139,1339,79,27-05-2024
9140,1130,65,13-05-2024
9141,2750,8,28-08-2024
9142,1541,104,07-10-2024
9143,4085,118,08-03-2024
9144,3497,160,21-03-2024
9145,4859,31,03-01-2024
9146,1604,42,19-01-2024
9147,2911,107,20-02-2024
9148,4673,195,12-03-2024
9149,4406,108,23-04-2024
9150,4447,133,10-03-2024
9151,3373,72,20-02-2024
9152,4851,150,30-03-2024
9153,4575,51,23-06-2024
9154,3887,38,05-02-2024
9155,3119,70,05-06-2024
9156,3127,137,29-05-2024
9157,1180,34,30-04-2024
9158,1045,76,29-03-2024
9159,2510,113,25-03-2024
9160,1170,145,14-09-2024
9161,3521,54,10-10-2024
9162,637,106,15-03-2024
9163,3584,185,12-10-2024
9164,4246,101,06-11-2024
9165,4250,22,26-09-2024
9166,2152,19,18-05-2024
9167,98,55,02-02-2024
9168,1827,100,20-08-2024
9169,2182,51,29-08-2024
9170,530,176,28-08-2024
9171,3430,56,24-06-2024
9172,2785,74,31-08-2024
9173,4918,32,15-10-2024
9174,3267,50,03-03-2024
9175,3383,194,26-01-2024
9176,4240,107,26-01-2024
9177,4500,145,27-01-2024
9178,2996,152,03-05-2024
9179,862,140,21-02-2024
9180,385,67,26-08-2024
9181,3701,13,03-03-2024
9182,2145,49,20-06-2024
9183,3158,94,19-10-2024
9184,3737,6,04-01-2024
9185,558,179,04-11-2024
9186,3831,46,27-08-2024
9187,4085,17,21-09-2024
9188,3829,55,12-08-2024
9189,3299,113,23-03-2024
9190,231,113,08-10-2024
9191,1220,79,22-01-2024
9192,166,198,12-06-2024
9193,641,16,01-07-2024
9194,3694,45,15-06-2024
9195,1960,27,01-09-2024
9196,3825,43,09-04-2024
9197,2505,138,18-02-2024
9198,194,165,19-01-2024
9199,58,102,03-09-2024
9200,4884,26,04-10-2024
9201,3795,19,28-09-2024
9202,2294,8,02-11-2024
9203,4497,191,15-02-2024
9204,1473,168,09-10-2024
9205,1956,161,27-10-2024
9206,2814,90,06-02-2024
9207,489,169,12-07-2024
9208,2606,25,21-10-2024
9209,1517,174,26-09-2024
9210,4411,12,05-04-2024
9211,3766,33,30-01-2024
9212,1166,128,16-01-2024
9213,3248,13,31-01-2024
9214,3740,156,16-01-2024
9215,2028,3,25-08-2024
9216,2735,160,14-02-2024
9217,1863,45,12-01-2024
9218,131,96,21-09-2024
9219,1931,8,24-10-2024
9220,2101,58,11-04-2024
9221,2932,93,01-06-2024
9222,45,173,14-01-2024
9223,4840,93,19-01-2024
9224,1280,26,08-05-2024
9225,566,82,13-03-2024
9226,3805,6,08-09-2024
9227,415,187,19-01-2024
9228,4160,69,30-04-2024
9229,2025,149,15-08-2024
9230,4474,126,12-05-2024
9231,4664,114,30-05-2024
9232,1898,121,11-06-2024
9233,428,37,26-07-2024
9234,444,15,04-06-2024
9235,3108,184,02-10-2024
9236,1696,176,14-05-2024
9237,2306,99,04-02-2024
9238,4699,20,09-01-2024
9239,2866,45,18-03-2024
9240,224,116,31-07-2024
9241,1099,101,19-08-2024
9242,3316,97,19-05-2024
9243,4027,50,22-03-2024
9244,2376,176,02-07-2024
9245,2541,147,23-09-2024
9246,2887,197,02-09-2024
9247,4713,93,11-03-2024
9248,3850,165,22-02-2024
9249,845,151,27-06-2024
9250,2659,130,27-10-2024
9251,4790,112,01-10-2024
9252,4809,177,29-10-2024
9253,695,132,24-07-2024
9254,4149,77,30-03-2024
9255,4283,4,10-08-2024
9256,871,79,11-03-2024
9257,2345,101,13-10-2024
9258,258,31,21-08-2024
9259,4720,141,04-01-2024
9260,1898,53,05-03-2024
9261,275,155,12-05-2024
9262,159,151,02-11-2024
9263,2199,109,24-03-2024
9264,2995,47,11-03-2024
9265,2012,29,29-04-2024
9266,3523,165,14-04-2024
9267,191,3,24-07-2024
9268,781,101,30-07-2024
9269,2940,149,30-07-2024
9270,4517,37,09-01-2024
9271,4333,107,09-07-2024
9272,4370,65,27-10-2024
9273,876,187,07-06-2024
9274,3624,53,20-08-2024
9275,3205,13,08-10-2024
9276,1830,17,03-10-2024
9277,276,157,18-06-2024
9278,2831,60,18-05-2024
9279,4547,152,28-06-2024
9280,4378,95,02-07-2024
9281,511,192,04-11-2024
9282,3176,8,03-06-2024
9283,1118,35,02-05-2024
9284,2376,186,01-05-2024
9285,2333,192,23-03-2024
9286,4520,134,10-08-2024
9287,3307,71,16-05-2024
9288,3607,78,19-08-2024
9289,3052,10,04-03-2024
9290,2883,19,03-08-2024
9291,42,146,08-08-2024
9292,961,183,08-02-2024
9293,4289,50,09-04-2024
9294,2747,178,13-06-2024
9295,2818,63,01-04-2024
9296,2245,72,23-10-2024
9297,442,25,29-01-2024
9298,2493,113,05-03-2024
9299,3011,35,11-09-2024
9300,4181,91,26-10-2024
9301,2280,133,24-04-2024
9302,4663,99,13-05-2024
9303,4248,21,22-09-2024
9304,4011,175,01-04-2024
9305,4596,175,10-04-2024
9306,4196,123,25-06-2024
9307,2640,156,11-04-2024
9308,4450,159,14-08-2024
9309,3766,63,30-09-2024
9310,1421,152,21-09-2024
9311,82,59,26-01-2024
9312,4954,176,30-01-2024
9313,4272,24,06-06-2024
9314,1360,104,14-01-2024
9315,3396,151,09-10-2024
9316,1625,140,16-07-2024
9317,530,92,13-04-2024
9318,1382,67,20-09-2024
9319,1723,43,29-06-2024
9320,1031,84,30-07-2024
9321,1994,99,21-09-2024
9322,2470,111,16-02-2024
9323,4512,86,04-08-2024
9324,624,196,02-03-2024
9325,3371,178,26-02-2024
9326,2725,8,04-03-2024
9327,1583,159,23-03-2024
9328,3509,57,06-09-2024
9329,3734,49,04-10-2024
9330,2240,161,13-04-2024
9331,4721,165,20-09-2024
9332,4060,75,15-04-2024
9333,1561,124,03-09-2024
9334,4495,116,10-08-2024
9335,4837,37,06-11-2024
9336,2468,9,22-04-2024
9337,2365,102,18-04-2024
9338,668,15,25-06-2024
9339,4973,176,02-11-2024
9340,3296,34,08-11-2024
9341,204,115,16-09-2024
9342,4941,165,05-11-2024
9343,1215,144,27-04-2024
9344,2698,134,27-07-2024
9345,2569,127,27-04-2024
9346,4493,41,22-07-2024
9347,2529,88,17-05-2024
9348,148,67,31-10-2024
9349,3987,101,15-09-2024
9350,1062,86,02-06-2024
9351,1993,27,29-10-2024
9352,4243,197,28-08-2024
9353,4472,182,03-11-2024
9354,162,24,12-10-2024
9355,2220,33,30-04-2024
9356,846,158,26-04-2024
9357,577,187,07-05-2024
9358,4290,136,01-02-2024
9359,1219,65,28-09-2024
9360,420,20,11-04-2024
9361,2902,168,09-03-2024
9362,584,100,15-02-2024
9363,3650,141,01-09-2024
9364,3578,172,22-05-2024
9365,1173,86,28-06-2024
9366,4222,71,24-02-2024
9367,4893,56,29-08-2024
9368,390,126,15-10-2024
9369,3613,94,15-08-2024
9370,1461,104,06-02-2024
9371,4936,58,09-04-2024
9372,1186,72,21-02-2024
9373,1872,86,27-05-2024
9374,4982,84,05-10-2024
9375,3178,47,22-01-2024
9376,484,21,05-07-2024
9377,2798,5,25-01-2024
9378,3747,104,26-03-2024
9379,802,38,19-03-2024
9380,3043,134,02-11-2024
9381,417,193,12-08-2024
9382,206,180,03-02-2024
9383,1370,50,14-04-2024
9384,3396,158,31-03-2024
9385,3066,82,26-07-2024
9386,3602,177,20-02-2024
9387,360,158,20-06-2024
9388,2388,20,05-06-2024
9389,982,114,01-11-2024
9390,3015,40,19-04-2024
9391,1702,70,14-09-2024
9392,3264,40,03-06-2024
9393,4377,101,14-02-2024
9394,1436,78,24-10-2024
9395,3663,28,21-02-2024
9396,4654,180,23-03-2024
9397,623,139,11-10-2024
9398,421,96,21-08-2024
9399,828,139,16-05-2024
9400,3768,81,05-05-2024
9401,3048,1,12-04-2024
9402,4012,67,22-05-2024
9403,1401,91,14-10-2024
9404,4952,173,04-09-2024
9405,4886,197,27-02-2024
9406,1519,189,10-05-2024
9407,3634,187,08-10-2024
9408,62,198,09-08-2024
9409,4244,121,29-10-2024
9410,562,33,13-02-2024
9411,1340,200,21-03-2024
9412,1306,68,20-06-2024
9413,1305,195,08-03-2024
9414,1994,90,05-01-2024
9415,3712,85,09-06-2024
9416,1107,133,04-11-2024
9417,2036,66,30-06-2024
9418,983,29,20-06-2024
9419,4849,46,04-09-2024
9420,4005,33,16-09-2024
9421,2891,77,25-03-2024
9422,158,102,24-01-2024
9423,3810,131,28-08-2024
9424,2273,197,19-09-2024
9425,3255,189,27-06-2024
9426,4821,102,06-08-2024
9427,1172,190,11-01-2024
9428,4130,170,03-04-2024
9429,1563,152,25-08-2024
9430,3743,200,25-08-2024
9431,3398,128,08-10-2024
9432,3590,45,24-03-2024
9433,917,16,09-04-2024
9434,306,68,04-06-2024
9435,2909,121,05-08-2024
9436,513,153,02-06-2024
9437,4468,136,03-03-2024
9438,4727,102,20-01-2024
9439,3482,106,04-10-2024
9440,3999,4,04-07-2024
9441,4500,104,13-05-2024
9442,4166,10,23-03-2024
9443,2398,93,06-08-2024
9444,4491,17,14-02-2024
9445,333,195,20-08-2024
9446,4156,158,03-02-2024
9447,4471,146,22-10-2024
9448,551,185,13-09-2024
9449,82,87,31-10-2024
9450,4,131,05-09-2024
9451,1045,60,14-08-2024
9452,3738,17,14-03-2024
9453,4887,164,01-08-2024
9454,3705,174,02-03-2024
9455,4281,55,19-07-2024
9456,181,190,22-09-2024
9457,134,21,07-08-2024
9458,3104,175,02-02-2024
9459,569,142,17-07-2024
9460,4199,48,07-10-2024
9461,1898,86,22-03-2024
9462,4112,82,07-10-2024
9463,441,40,04-05-2024
9464,2341,18,06-01-2024
9465,3355,199,20-06-2024
9466,3104,0,01-04-2024
9467,638,111,29-08-2024
9468,3447,9,13-07-2024
9469,1164,75,27-04-2024
9470,1287,18,25-07-2024
9471,806,85,04-09-2024
9472,2714,144,04-05-2024
9473,2206,70,11-05-2024
9474,3930,76,05-01-2024
9475,4724,65,21-05-2024
9476,3043,108,15-01-2024
9477,1146,144,31-05-2024
9478,1608,18,16-07-2024
9479,266,125,16-02-2024
9480,4528,125,14-05-2024
9481,3567,24,06-02-2024
9482,3174,76,22-09-2024
9483,1550,108,03-02-2024
9484,3695,189,12-04-2024
9485,4324,182,09-06-2024
9486,1516,33,21-02-2024
9487,4079,50,27-06-2024
9488,2975,39,14-07-2024
9489,2703,28,09-05-2024
9490,2895,34,02-06-2024
9491,3311,59,25-10-2024
9492,3936,70,03-09-2024
9493,4026,197,07-06-2024
9494,3318,130,03-03-2024
9495,3017,192,28-01-2024
9496,4488,8,01-07-2024
9497,942,15,01-10-2024
9498,382,21,19-10-2024
9499,1923,58,01-06-2024
9500,1774,32,03-03-2024
9501,3414,94,19-09-2024
9502,1202,96,28-06-2024
9503,3677,107,04-10-2024
9504,1952,161,09-03-2024
9505,1474,57,30-04-2024
9506,1884,13,30-03-2024
9507,900,196,15-07-2024
9508,3594,81,17-02-2024
9509,3343,140,28-04-2024
9510,236,141,14-04-2024
9511,2870,165,20-05-2024
9512,1843,139,08-06-2024
9513,2521,4,16-05-2024
9514,859,177,02-02-2024
9515,3468,103,02-10-2024
9516,3147,96,14-04-2024
9517,3166,141,18-08-2024
9518,4688,110,22-08-2024
9519,2498,105,24-06-2024
9520,3807,178,13-05-2024
9521,604,68,20-03-2024
9522,2889,15,09-09-2024
9523,2556,11,14-01-2024
9524,4850,178,28-01-2024
9525,1020,113,24-04-2024
9526,1976,131,10-04-2024
9527,2860,181,29-05-2024
9528,1411,196,18-10-2024
9529,2186,24,23-03-2024
9530,3607,18,04-04-2024
9531,2508,72,30-07-2024
9532,381,176,11-04-2024
9533,3768,161,04-05-2024
9534,2269,163,05-05-2024
9535,4733,129,20-04-2024
9536,3802,167,09-05-2024
9537,222,71,06-11-2024
9538,1408,200,02-01-2024
9539,397,36,04-02-2024
9540,150,98,18-02-2024
9541,145,45,11-09-2024
9542,704,156,25-02-2024
9543,3679,71,24-02-2024
9544,1031,42,29-01-2024
9545,691,50,27-08-2024
9546,2766,85,23-09-2024
9547,2864,84,06-11-2024
9548,2893,11,21-07-2024
9549,892,81,08-09-2024
9550,1644,169,14-07-2024
9551,4304,182,25-04-2024
9552,3371,16,05-08-2024
9553,4687,120,08-02-2024
9554,1822,113,20-03-2024
9555,4787,52,31-01-2024
9556,1492,128,19-02-2024
9557,670,196,21-01-2024
9558,2285,5,18-05-2024
9559,3210,33,23-08-2024
9560,2277,57,05-04-2024
9561,160,137,22-01-2024
9562,6,15,03-08-2024
9563,2499,151,10-08-2024
9564,3200,66,21-07-2024
9565,1521,50,27-08-2024
9566,4437,122,03-10-2024
9567,1535,82,31-03-2024
9568,233,26,10-01-2024
9569,4539,13,07-08-2024
9570,2204,59,29-09-2024
9571,3134,139,29-02-2024
9572,678,98,10-09-2024
9573,1731,10,12-03-2024
9574,28,19,28-02-2024
9575,4475,82,03-10-2024
9576,435,192,16-01-2024
9577,4136,98,05-03-2024
9578,4287,148,05-10-2024
9579,3457,25,29-04-2024
9580,768,78,27-01-2024
9581,4188,57,13-07-2024
9582,1676,101,14-06-2024
9583,3628,30,07-06-2024
9584,3941,76,30-10-2024
9585,2724,25,17-08-2024
9586,1542,157,19-06-2024
9587,1618,154,18-01-2024
9588,4792,76,06-11-2024
9589,3162,54,20-09-2024
9590,755,81,05-06-2024
9591,227,45,25-07-2024
9592,4513,76,19-03-2024
9593,4103,41,27-09-2024
9594,3165,42,31-07-2024
9595,500,59,02-03-2024
9596,1947,136,02-08-2024
9597,3660,138,04-03-2024
9598,1322,173,26-05-2024
9599,171,191,01-10-2024
9600,885,106,07-06-2024
9601,912,74,23-06-2024
9602,451,106,22-04-2024
9603,1116,18,24-01-2024
9604,3834,46,22-09-2024
9605,3046,178,08-01-2024
9606,3585,80,15-09-2024
9607,2101,29,03-01-2024
9608,3906,88,20-08-2024
9609,2004,50,14-09-2024
9610,633,104,05-07-2024
9611,3607,54,08-07-2024
9612,3574,188,26-03-2024
9613,3870,81,07-05-2024
9614,3973,59,25-09-2024
9615,631,28,24-04-2024
9616,1650,187,13-08-2024
9617,2138,111,12-09-2024
9618,114,81,08-06-2024
9619,2831,7,12-03-2024
9620,4439,52,21-05-2024
9621,2485,115,15-09-2024
9622,312,116,20-08-2024
9623,1913,70,15-05-2024
9624,4344,83,17-08-2024
9625,3231,72,08-01-2024
9626,2060,61,10-10-2024
9627,4910,158,14-02-2024
9628,4559,138,24-02-2024
9629,1123,72,05-02-2024
9630,2164,137,25-03-2024
9631,2839,56,21-05-2024
9632,994,73,09-05-2024
9633,3255,39,14-03-2024
9634,47,15,21-01-2024
9635,4844,129,15-02-2024
9636,4907,183,03-03-2024
9637,1824,197,11-05-2024
9638,3312,57,27-03-2024
9639,378,92,08-04-2024
9640,3575,158,22-09-2024
9641,1949,171,18-03-2024
9642,2884,145,16-06-2024
9643,3023,200,10-10-2024
9644,3413,119,10-04-2024
9645,3572,11,31-05-2024
9646,120,97,15-06-2024
9647,4492,120,13-08-2024
9648,10,21,27-03-2024
9649,441,139,29-06-2024
9650,3356,51,24-01-2024
9651,2949,112,14-06-2024
9652,3775,87,03-07-2024
9653,1523,80,03-09-2024
9654,3195,83,07-05-2024
9655,839,51,17-06-2024
9656,4192,134,25-04-2024
9657,2127,141,22-04-2024
9658,2695,68,09-01-2024
9659,2939,127,22-03-2024
9660,4277,57,01-09-2024
9661,3668,2,03-02-2024
9662,2437,83,14-04-2024
9663,3585,47,19-07-2024
9664,808,57,09-03-2024
9665,2897,54,12-03-2024
9666,1573,85,16-02-2024
9667,4442,149,29-01-2024
9668,4434,1,28-08-2024
9669,4844,117,09-10-2024
9670,2878,166,11-04-2024
9671,1391,137,07-11-2024
9672,1039,153,08-05-2024
9673,585,92,20-10-2024
9674,1707,6,28-09-2024
9675,1889,6,10-07-2024
9676,2550,149,11-03-2024
9677,3963,105,08-01-2024
9678,1533,85,14-05-2024
9679,2898,72,25-05-2024
9680,1045,197,04-05-2024
9681,4522,166,29-03-2024
9682,2660,70,04-03-2024
9683,2351,83,09-02-2024
9684,1250,135,03-06-2024
9685,2894,137,12-10-2024
9686,4029,73,13-10-2024
9687,4832,45,08-09-2024
9688,2199,154,29-10-2024
9689,224,67,29-10-2024
9690,4176,63,02-08-2024
9691,4106,21,05-05-2024
9692,3790,196,16-05-2024
9693,3713,131,03-05-2024
9694,1507,141,01-01-2024
9695,1857,162,29-02-2024
9696,1386,34,30-05-2024
9697,2302,134,19-08-2024
9698,4638,10,20-04-2024
9699,2309,144,06-11-2024
9700,4610,2,22-05-2024
9701,4899,155,06-01-2024
9702,12,74,16-05-2024
9703,3942,172,22-07-2024
9704,2236,135,21-03-2024
9705,3780,12,09-10-2024
9706,4384,106,01-06-2024
9707,4665,142,21-01-2024
9708,3605,47,28-06-2024
9709,4584,121,02-03-2024
9710,639,179,27-02-2024
9711,3580,80,05-08-2024
9712,2040,67,14-07-2024
9713,3888,71,19-04-2024
9714,2306,189,30-10-2024
9715,2113,87,12-08-2024
9716,4900,0,11-08-2024
9717,4363,170,18-03-2024
9718,3735,68,13-08-2024
9719,2638,77,28-02-2024
9720,4804,108,04-11-2024
9721,1811,96,10-10-2024
9722,2909,38,25-07-2024
9723,2780,105,03-09-2024
9724,3982,92,05-08-2024
9725,3845,24,10-10-2024
9726,363,113,03-10-2024
9727,3185,199,03-10-2024
9728,1918,37,06-06-2024
9729,367,83,30-05-2024
9730,3306,65,15-07-2024
9731,2288,91,12-08-2024
9732,1531,115,24-07-2024
9733,2609,187,06-01-2024
9734,145,165,08-02-2024
9735,460,106,13-01-2024
9736,3947,192,04-06-2024
9737,3865,173,02-09-2024
9738,1646,60,20-09-2024
9739,4254,137,12-05-2024
9740,4430,99,25-10-2024
9741,973,44,08-10-2024
9742,3336,118,10-03-2024
9743,4169,15,24-07-2024
9744,2330,14,13-05-2024
9745,2271,66,20-04-2024
9746,1109,43,01-05-2024
9747,4829,130,12-10-2024
9748,1549,138,16-03-2024
9749,540,15,13-01-2024
9750,3649,32,01-05-2024
9751,3332,127,08-03-2024
9752,1086,26,13-09-2024
9753,1867,160,23-03-2024
9754,3542,5,17-10-2024
9755,306,179,14-06-2024
9756,3943,86,10-02-2024
9757,1257,125,08-04-2024
9758,3464,120,24-10-2024
9759,3265,172,07-02-2024
9760,3598,37,16-06-2024
9761,3622,74,01-11-2024
9762,2314,178,31-03-2024
9763,2322,108,10-09-2024
9764,4142,192,21-06-2024
9765,3188,148,07-01-2024
9766,748,33,27-06-2024
9767,4273,47,04-09-2024
9768,1249,70,03-03-2024
9769,807,32,11-07-2024
9770,1336,178,11-04-2024
9771,88,179,30-09-2024
9772,4651,103,24-02-2024
9773,3200,185,12-01-2024
9774,1302,141,18-01-2024
9775,2910,0,12-09-2024
9776,2953,134,04-09-2024
9777,4625,78,15-05-2024
9778,4875,198,21-01-2024
9779,211,163,12-03-2024
9780,3812,168,09-09-2024
9781,659,173,28-08-2024
9782,1985,64,24-04-2024
9783,429,5,08-11-2024
9784,3536,191,01-11-2024
9785,127,96,02-01-2024
9786,4015,174,20-06-2024
9787,1665,106,09-08-2024
9788,4839,198,26-08-2024
9789,2693,193,29-03-2024
9790,2684,65,21-08-2024
9791,2683,106,20-06-2024
9792,1163,124,02-07-2024
9793,1165,12,12-10-2024
9794,986,54,05-08-2024
9795,4845,30,18-07-2024
9796,2392,5,02-02-2024
9797,2661,193,19-01-2024
9798,4628,199,11-04-2024
9799,4762,27,16-07-2024
9800,80,182,23-05-2024
9801,2817,63,15-08-2024
9802,2419,147,08-02-2024
9803,905,95,15-05-2024
9804,2275,54,26-10-2024
9805,3192,179,20-08-2024
9806,2910,14,10-01-2024
9807,2281,22,14-10-2024
9808,2968,145,19-05-2024
9809,1553,38,13-04-2024
9810,1784,175,07-03-2024
9811,1807,104,24-04-2024
9812,2959,92,03-08-2024
9813,1530,148,21-10-2024
9814,3803,173,22-06-2024
9815,4641,124,22-07-2024
9816,2460,48,19-04-2024
9817,414,156,02-09-2024
9818,4683,120,18-01-2024
9819,2309,152,29-04-2024
9820,89,198,10-02-2024
9821,1079,148,25-10-2024
9822,2025,99,29-04-2024
9823,703,170,12-07-2024
9824,3659,71,10-02-2024
9825,1168,4,11-04-2024
9826,1963,191,03-01-2024
9827,3461,34,21-09-2024
9828,2956,10,17-07-2024
9829,4997,199,21-10-2024
9830,2828,83,31-10-2024
9831,3440,172,20-07-2024
9832,4223,28,28-06-2024
9833,1723,67,08-07-2024
9834,2510,152,11-08-2024
9835,1377,89,21-10-2024
9836,824,178,15-05-2024
9837,4936,145,01-11-2024
9838,9,66,31-01-2024
9839,4767,154,05-05-2024
9840,3566,31,28-09-2024
9841,3365,94,04-06-2024
9842,3345,52,24-08-2024
9843,3736,162,16-08-2024
9844,111,34,03-03-2024
9845,2194,19,21-02-2024
9846,2571,135,17-08-2024
9847,3606,130,14-02-2024
9848,806,146,07-09-2024
9849,3905,71,18-03-2024
9850,2307,36,26-06-2024
9851,2818,152,02-09-2024
9852,1081,140,25-10-2024
9853,4926,171,14-08-2024
9854,1511,69,14-01-2024
9855,2842,114,01-09-2024
9856,905,10,25-01-2024
9857,1899,46,03-06-2024
9858,1782,95,03-08-2024
9859,4185,100,22-07-2024
9860,1349,116,19-04-2024
9861,3000,77,18-09-2024
9862,1281,159,06-01-2024
9863,831,101,29-04-2024
9864,4605,91,28-09-2024
9865,1673,172,04-07-2024
9866,951,172,05-06-2024
9867,3384,75,24-09-2024
9868,19,64,01-04-2024
9869,4147,8,30-03-2024
9870,2696,100,05-01-2024
9871,2850,21,30-10-2024
9872,1964,25,29-08-2024
9873,4907,120,25-09-2024
9874,4306,183,13-08-2024
9875,2605,166,30-04-2024
9876,227,43,01-07-2024
9877,2886,134,27-10-2024
9878,4512,13,05-09-2024
9879,720,119,19-08-2024
9880,4279,28,08-02-2024
9881,1376,112,28-04-2024
9882,1340,91,09-02-2024
9883,586,198,02-05-2024
9884,2334,156,11-09-2024
9885,3363,123,11-08-2024
9886,4343,67,13-03-2024
9887,3038,169,24-10-2024
9888,4167,154,13-07-2024
9889,4057,60,27-04-2024
9890,4983,11,23-02-2024
9891,83,3,30-06-2024
9892,1865,140,27-05-2024
9893,2723,3,09-07-2024
9894,4884,153,26-06-2024
9895,2722,64,18-04-2024
9896,682,143,09-02-2024
9897,3922,61,17-06-2024
9898,4336,132,10-05-2024
9899,915,195,03-04-2024
9900,1389,166,29-10-2024
9901,1699,151,21-06-2024
9902,20,111,18-04-2024
9903,3626,178,07-06-2024
9904,1342,83,12-10-2024
9905,2312,4,25-05-2024
9906,3038,68,23-10-2024
9907,1247,111,20-06-2024
9908,4339,75,03-08-2024
9909,3915,164,13-05-2024
9910,1352,71,11-06-2024
9911,471,40,20-03-2024
9912,1299,111,22-09-2024
9913,552,106,21-06-2024
9914,4316,83,09-02-2024
9915,4076,70,26-05-2024
9916,1056,35,25-04-2024
9917,404,115,01-04-2024
9918,3964,140,03-06-2024
9919,4568,75,27-01-2024
9920,2577,96,10-09-2024
9921,4203,34,01-10-2024
9922,1672,15,14-02-2024
9923,218,162,06-02-2024
9924,3751,40,06-06-2024
9925,4920,76,08-11-2024
9926,4093,13,20-07-2024
9927,3032,162,23-05-2024
9928,2566,20,16-08-2024
9929,2975,114,24-05-2024
9930,3351,7,23-02-2024
9931,1407,49,30-04-2024
9932,3237,83,28-01-2024
9933,2843,50,10-07-2024
9934,2592,77,15-02-2024
9935,2533,109,16-06-2024
9936,3287,115,21-07-2024
9937,1579,103,10-07-2024
9938,3301,180,26-04-2024
9939,1245,182,09-07-2024
9940,1925,72,31-07-2024
9941,933,40,04-03-2024
9942,4205,198,02-05-2024
9943,255,159,06-06-2024
9944,90,173,04-09-2024
9945,3015,154,06-04-2024
9946,4501,66,15-04-2024
9947,101,45,11-10-2024
9948,976,158,14-10-2024
9949,312,112,20-03-2024
9950,3368,28,08-03-2024
9951,268,59,06-05-2024
9952,1056,20,04-02-2024
9953,4781,23,04-01-2024
9954,853,91,17-02-2024
9955,4118,184,01-02-2024
9956,4966,188,11-01-2024
9957,1342,157,05-03-2024
9958,4468,195,12-09-2024
9959,3901,134,08-11-2024
9960,495,105,04-08-2024
9961,3274,118,22-07-2024
9962,4707,127,19-03-2024
9963,3677,113,26-09-2024
9964,22,185,15-02-2024
9965,4574,12,31-10-2024
9966,4761,16,14-04-2024
9967,3882,79,09-08-2024
9968,1384,122,16-09-2024
9969,4835,146,27-10-2024
9970,2755,140,27-01-2024
9971,533,102,14-04-2024
9972,4943,112,30-01-2024
9973,739,46,21-01-2024
9974,3016,122,02-02-2024
9975,2430,190,04-02-2024
9976,4232,167,14-10-2024
9977,1697,89,20-02-2024
9978,4616,1,18-01-2024
9979,2451,143,01-02-2024
9980,1619,134,08-09-2024
9981,2370,54,25-06-2024
9982,2264,121,28-04-2024
9983,4327,183,30-06-2024
9984,2538,108,10-04-2024
9985,4917,69,28-09-2024
9986,940,20,05-08-2024
9987,2345,41,06-02-2024
9988,4856,168,01-05-2024
9989,2125,8,23-09-2024
9990,2067,36,03-07-2024
9991,3874,59,08-08-2024
9992,3961,111,18-06-2024
9993,2616,154,07-02-2024
9994,4302,101,16-08-2024
9995,3881,95,16-04-2024
9996,4750,116,20-02-2024
9997,1738,173,14-03-2024
9998,4998,183,29-10-2024
9999,1223,93,13-07-2024
10000,4021,72,22-01-2024
