order_id,product_id,quantity_ordered,order_date,status,customer_id
1,3722,11,13-03-2024,Delivered,4266
2,3828,2,13-10-2024,Pending,3109
3,4842,20,27-01-2024,Delivered,2765
4,2765,5,08-03-2024,Shipped,217
5,1893,14,10-04-2024,Shipped,1252
6,1204,11,05-05-2024,Shipped,3256
7,1529,14,08-11-2024,Pending,3485
8,978,17,26-09-2024,Delivered,3455
9,2408,4,28-07-2024,Pending,4178
10,2115,1,29-02-2024,Delivered,2994
11,2185,7,12-04-2024,Canceled,3454
12,944,7,29-10-2024,Shipped,3040
13,3738,15,04-07-2024,Pending,4667
14,3969,11,18-10-2024,Delivered,1685
15,4050,9,04-01-2024,Canceled,512
16,4248,18,16-07-2024,Shipped,2233
17,1750,10,10-01-2024,Canceled,4271
18,3360,4,18-10-2024,Pending,529
19,4349,7,12-07-2024,Pending,1503
20,3637,17,17-01-2024,Shipped,73
21,2363,20,15-08-2024,Canceled,1379
22,3694,8,11-03-2024,Delivered,2587
23,610,8,28-06-2024,Delivered,3750
24,3116,16,19-07-2024,Pending,4035
25,898,11,07-09-2024,Delivered,903
26,3879,14,01-11-2024,Canceled,1135
27,3818,4,20-05-2024,Pending,5000
28,2297,12,23-06-2024,Shipped,3086
29,2746,12,14-04-2024,Shipped,4125
30,4480,16,11-10-2024,Canceled,2549
31,1045,16,15-03-2024,Delivered,4951
32,3909,8,08-06-2024,Shipped,3380
33,823,12,26-09-2024,Shipped,1646
34,1785,18,21-04-2024,Shipped,1248
35,1092,20,04-03-2024,Canceled,2303
36,1818,13,08-05-2024,Delivered,455
37,3072,5,16-04-2024,Pending,3049
38,4110,7,10-03-2024,Shipped,2657
39,1654,11,19-09-2024,Canceled,4553
40,4099,4,30-04-2024,Canceled,4343
41,926,15,20-09-2024,Shipped,1570
42,4990,9,28-06-2024,Delivered,2069
43,2772,2,24-01-2024,Shipped,2889
44,1500,20,07-03-2024,Pending,2380
45,1781,7,29-05-2024,Pending,3209
46,696,15,30-08-2024,Canceled,4206
47,4888,13,11-02-2024,Pending,1537
48,368,11,01-09-2024,Pending,2924
49,2322,7,03-05-2024,Canceled,1899
50,32,10,03-11-2024,Pending,958
51,704,1,13-09-2024,Delivered,1994
52,1065,15,23-04-2024,Canceled,4949
53,4099,14,03-06-2024,Delivered,3562
54,3233,16,06-06-2024,Canceled,4599
55,3248,2,18-06-2024,Pending,2554
56,3157,4,23-08-2024,Canceled,1496
57,3585,19,31-08-2024,Pending,72
58,4489,12,21-02-2024,Pending,331
59,4588,4,01-01-2024,Delivered,3435
60,238,19,06-07-2024,Pending,2690
61,4197,13,28-10-2024,Pending,3926
62,2291,15,28-09-2024,Delivered,3897
63,549,2,08-03-2024,Delivered,4569
64,2746,20,10-08-2024,Canceled,963
65,1977,16,27-06-2024,Pending,1200
66,4726,11,27-02-2024,Canceled,4826
67,2364,17,21-02-2024,Shipped,4461
68,134,1,31-10-2024,Shipped,859
69,1659,16,19-10-2024,Pending,4099
70,3695,1,27-10-2024,Delivered,4105
71,3080,8,01-04-2024,Delivered,4769
72,2614,1,29-09-2024,Canceled,3094
73,2701,3,15-02-2024,Canceled,1592
74,3860,6,06-10-2024,Pending,1813
75,2393,9,22-07-2024,Canceled,4329
76,1752,11,08-09-2024,Canceled,2114
77,3797,14,18-06-2024,Canceled,2231
78,4763,8,10-01-2024,Shipped,2579
79,1013,2,16-07-2024,Pending,3929
80,88,19,08-06-2024,Shipped,3107
81,4873,13,25-09-2024,Delivered,3176
82,685,4,03-04-2024,Canceled,2839
83,4771,2,21-03-2024,Pending,1806
84,114,1,27-04-2024,Delivered,4675
85,4488,7,20-10-2024,Pending,1281
86,3668,11,11-10-2024,Delivered,2058
87,1090,2,17-04-2024,Shipped,3662
88,1679,12,16-05-2024,Delivered,4675
89,4231,3,30-03-2024,Canceled,4984
90,637,15,14-08-2024,Pending,875
91,1128,13,19-06-2024,Canceled,2197
92,3812,19,19-05-2024,Delivered,610
93,3412,12,19-01-2024,Pending,295
94,4224,14,01-08-2024,Canceled,1993
95,426,18,07-03-2024,Shipped,732
96,2815,3,09-08-2024,Pending,1518
97,2247,17,11-09-2024,Pending,4817
98,2547,11,08-01-2024,Delivered,2732
99,4469,5,24-09-2024,Canceled,440
100,4825,15,19-03-2024,Delivered,1646
101,1358,6,18-07-2024,Delivered,1230
102,943,2,06-10-2024,Pending,2060
103,109,13,05-05-2024,Delivered,1003
104,49,5,31-05-2024,Canceled,3562
105,592,19,29-09-2024,Pending,630
106,1387,16,19-08-2024,Shipped,1669
107,3085,17,13-07-2024,Canceled,638
108,165,8,18-01-2024,Canceled,377
109,2980,13,23-02-2024,Delivered,3890
110,2997,7,04-08-2024,Canceled,4715
111,1012,1,27-04-2024,Delivered,1429
112,423,10,18-04-2024,Shipped,7
113,1153,18,01-01-2024,Shipped,3179
114,1754,9,29-02-2024,Pending,4322
115,772,5,24-06-2024,Canceled,2611
116,3263,12,19-07-2024,Delivered,4774
117,4721,4,18-03-2024,Pending,2402
118,4639,5,12-06-2024,Pending,4819
119,1792,9,25-09-2024,Canceled,4039
120,308,12,21-02-2024,Delivered,186
121,3315,6,12-09-2024,Pending,871
122,3269,18,27-05-2024,Shipped,923
123,4377,16,02-08-2024,Delivered,3336
124,1870,1,05-10-2024,Shipped,977
125,795,18,17-04-2024,Delivered,4621
126,4880,12,27-08-2024,Shipped,866
127,2475,6,24-04-2024,Shipped,1816
128,1677,14,12-02-2024,Pending,3837
129,4524,20,22-09-2024,Canceled,1746
130,4111,15,20-09-2024,Canceled,3721
131,13,19,23-04-2024,Pending,2629
132,2032,12,26-06-2024,Delivered,797
133,3737,18,20-08-2024,Pending,1290
134,3896,13,22-01-2024,Canceled,4238
135,2376,3,12-04-2024,Delivered,1117
136,3561,9,21-04-2024,Canceled,1260
137,3025,10,25-06-2024,Delivered,1863
138,2997,12,06-05-2024,Shipped,2730
139,723,20,01-02-2024,Canceled,2970
140,1572,13,14-05-2024,Pending,522
141,3302,6,01-04-2024,Pending,3955
142,4885,10,09-07-2024,Pending,517
143,2858,3,02-09-2024,Delivered,607
144,3682,12,23-08-2024,Canceled,4848
145,2329,11,05-03-2024,Delivered,2787
146,3075,7,04-06-2024,Shipped,3433
147,4035,3,04-09-2024,Pending,4847
148,4292,16,07-01-2024,Canceled,952
149,113,17,21-10-2024,Pending,4620
150,3259,9,16-06-2024,Shipped,858
151,4340,9,09-01-2024,Delivered,139
152,79,13,28-07-2024,Shipped,4988
153,1867,18,26-10-2024,Pending,595
154,2203,9,06-11-2024,Pending,4223
155,1524,10,20-02-2024,Pending,325
156,2960,3,06-04-2024,Pending,48
157,3329,3,22-09-2024,Canceled,2462
158,4168,6,20-07-2024,Canceled,247
159,3526,20,26-02-2024,Delivered,4992
160,2538,4,05-01-2024,Canceled,4378
161,572,2,22-09-2024,Pending,2421
162,3827,1,07-01-2024,Shipped,408
163,1256,10,06-01-2024,Shipped,1401
164,2915,6,21-09-2024,Canceled,4496
165,1742,19,04-09-2024,Delivered,4969
166,3375,12,07-03-2024,Shipped,4690
167,3908,7,18-08-2024,Pending,4160
168,170,13,02-07-2024,Shipped,1426
169,806,13,27-07-2024,Delivered,767
170,2605,10,04-01-2024,Canceled,2800
171,4732,13,12-06-2024,Pending,2347
172,1195,18,04-09-2024,Delivered,1485
173,4827,11,06-07-2024,Pending,3753
174,2698,16,10-10-2024,Shipped,2462
175,1189,2,03-11-2024,Delivered,3549
176,43,3,02-08-2024,Delivered,728
177,920,3,23-02-2024,Shipped,269
178,2211,20,31-08-2024,Canceled,2657
179,4403,11,14-04-2024,Pending,2196
180,3261,6,12-06-2024,Canceled,2541
181,3346,18,01-05-2024,Shipped,3226
182,394,16,02-09-2024,Shipped,591
183,2483,6,01-05-2024,Pending,4993
184,69,18,19-03-2024,Canceled,1549
185,482,20,02-01-2024,Pending,1228
186,188,1,24-08-2024,Canceled,3433
187,426,15,27-02-2024,Pending,222
188,1176,17,27-02-2024,Canceled,4692
189,1019,15,11-03-2024,Canceled,289
190,3282,18,07-03-2024,Shipped,12
191,3362,16,16-02-2024,Canceled,1021
192,3457,18,19-02-2024,Shipped,4123
193,3048,8,18-07-2024,Shipped,1118
194,2642,7,31-07-2024,Shipped,1344
195,2909,17,10-02-2024,Shipped,1840
196,3738,10,03-06-2024,Delivered,4492
197,3654,12,30-08-2024,Delivered,1670
198,4313,18,09-01-2024,Delivered,1932
199,4758,3,20-03-2024,Canceled,3616
200,133,7,04-11-2024,Shipped,4082
201,3193,14,04-05-2024,Pending,2469
202,4774,2,27-07-2024,Pending,4792
203,3963,8,25-03-2024,Delivered,3189
204,2099,12,27-10-2024,Delivered,2627
205,112,6,08-03-2024,Shipped,506
206,362,18,05-10-2024,Pending,2149
207,3274,7,28-02-2024,Shipped,2038
208,3580,6,29-03-2024,Delivered,4388
209,638,5,05-03-2024,Delivered,276
210,3914,20,11-07-2024,Canceled,4394
211,170,7,25-02-2024,Canceled,4281
212,2785,4,28-03-2024,Delivered,1657
213,592,14,28-04-2024,Canceled,1709
214,3624,14,10-04-2024,Delivered,3310
215,4896,13,23-02-2024,Pending,3123
216,1218,15,14-04-2024,Delivered,4569
217,3928,3,28-01-2024,Shipped,160
218,2808,3,25-10-2024,Delivered,1110
219,2912,5,01-06-2024,Delivered,4836
220,4849,10,23-01-2024,Canceled,746
221,4154,2,19-07-2024,Shipped,4099
222,284,16,24-03-2024,Delivered,3422
223,1742,20,04-08-2024,Delivered,798
224,3164,16,22-07-2024,Pending,3505
225,3689,9,07-09-2024,Pending,4512
226,1766,20,16-09-2024,Delivered,4341
227,4074,20,01-02-2024,Canceled,3702
228,202,14,08-04-2024,Delivered,3945
229,597,15,21-10-2024,Delivered,1574
230,3034,6,29-07-2024,Canceled,4659
231,17,9,14-08-2024,Canceled,1756
232,426,18,08-09-2024,Shipped,2500
233,4839,1,19-08-2024,Delivered,535
234,3802,1,15-04-2024,Pending,3841
235,1181,16,29-07-2024,Canceled,4362
236,2157,13,16-09-2024,Canceled,79
237,2839,18,05-03-2024,Canceled,694
238,248,1,17-09-2024,Delivered,3077
239,2447,5,04-03-2024,Shipped,2925
240,954,3,24-03-2024,Shipped,4945
241,1939,18,23-09-2024,Canceled,345
242,2530,16,15-03-2024,Delivered,4095
243,1201,19,19-02-2024,Shipped,690
244,433,11,09-03-2024,Shipped,3139
245,164,20,14-07-2024,Shipped,4505
246,3785,1,09-10-2024,Delivered,2048
247,3241,13,26-04-2024,Delivered,3663
248,1780,13,14-06-2024,Shipped,3863
249,4935,13,19-10-2024,Canceled,752
250,1704,5,02-06-2024,Shipped,2879
251,858,19,16-02-2024,Canceled,1538
252,3740,19,21-08-2024,Shipped,1925
253,848,6,14-08-2024,Shipped,4295
254,1197,7,08-08-2024,Canceled,513
255,1071,7,21-06-2024,Delivered,4663
256,843,3,01-02-2024,Pending,2165
257,4336,12,18-01-2024,Pending,1289
258,4019,7,16-07-2024,Canceled,130
259,1144,4,01-10-2024,Canceled,1922
260,1328,1,06-02-2024,Shipped,4101
261,3595,17,24-10-2024,Canceled,2539
262,4162,4,16-07-2024,Canceled,2669
263,65,2,04-06-2024,Shipped,2184
264,2190,18,17-03-2024,Canceled,2938
265,2842,9,26-02-2024,Canceled,2733
266,4502,10,13-02-2024,Delivered,2072
267,2993,17,03-04-2024,Shipped,16
268,2081,3,06-09-2024,Shipped,3235
269,3785,9,29-03-2024,Pending,4311
270,4466,1,22-06-2024,Canceled,164
271,2831,8,19-10-2024,Delivered,2063
272,4043,3,26-09-2024,Delivered,412
273,4525,8,03-05-2024,Delivered,3313
274,291,2,04-10-2024,Delivered,1099
275,3676,12,21-09-2024,Shipped,1913
276,1715,19,10-03-2024,Pending,3273
277,4947,6,01-02-2024,Pending,964
278,3926,6,29-10-2024,Canceled,1501
279,3459,16,10-04-2024,Canceled,3993
280,287,12,13-05-2024,Canceled,1180
281,4458,3,14-09-2024,Shipped,3583
282,4774,18,18-05-2024,Shipped,914
283,3372,4,27-04-2024,Delivered,3053
284,785,1,09-04-2024,Shipped,3979
285,3422,12,22-06-2024,Pending,1007
286,3387,2,20-02-2024,Delivered,1609
287,4745,1,29-02-2024,Pending,3821
288,731,18,04-07-2024,Delivered,378
289,2124,8,11-01-2024,Delivered,946
290,3490,20,04-10-2024,Canceled,2935
291,4857,12,20-01-2024,Shipped,2844
292,1250,8,12-04-2024,Shipped,2094
293,2025,17,19-07-2024,Pending,1699
294,2323,18,25-08-2024,Pending,2051
295,2423,20,21-09-2024,Delivered,4579
296,3694,7,04-09-2024,Pending,3261
297,1371,3,28-08-2024,Delivered,1996
298,1892,3,10-07-2024,Canceled,2669
299,1676,7,07-11-2024,Shipped,718
300,4871,8,12-04-2024,Canceled,3013
301,3281,12,26-10-2024,Delivered,932
302,2945,11,08-04-2024,Canceled,4678
303,2448,12,05-03-2024,Delivered,39
304,38,10,09-03-2024,Canceled,2708
305,3130,10,12-09-2024,Delivered,3227
306,2968,1,13-05-2024,Pending,854
307,3670,14,26-08-2024,Canceled,373
308,2994,8,22-09-2024,Pending,1650
309,3025,7,24-06-2024,Pending,3524
310,2826,12,18-03-2024,Pending,195
311,2459,19,13-01-2024,Delivered,4875
312,1918,9,25-03-2024,Shipped,1063
313,771,12,09-07-2024,Delivered,2070
314,3219,10,08-04-2024,Canceled,2899
315,2621,4,19-07-2024,Shipped,2878
316,177,3,08-11-2024,Canceled,4886
317,1537,5,21-05-2024,Canceled,4901
318,3871,12,08-09-2024,Pending,1515
319,1443,4,21-01-2024,Shipped,2421
320,2833,18,22-07-2024,Shipped,263
321,4380,6,23-03-2024,Delivered,2910
322,2680,7,31-10-2024,Shipped,4630
323,2176,15,19-06-2024,Canceled,1198
324,2794,14,14-04-2024,Canceled,4537
325,4215,20,27-03-2024,Pending,2360
326,4635,9,26-02-2024,Canceled,282
327,3205,9,12-10-2024,Delivered,3736
328,1748,17,20-01-2024,Shipped,3118
329,4230,10,18-10-2024,Shipped,3714
330,3986,19,21-01-2024,Shipped,3924
331,4953,19,04-06-2024,Shipped,1598
332,120,12,12-09-2024,Delivered,3708
333,73,3,02-01-2024,Shipped,2691
334,1306,17,08-09-2024,Canceled,2420
335,4031,15,30-10-2024,Delivered,2669
336,1874,10,01-08-2024,Pending,1726
337,1261,2,05-04-2024,Shipped,1182
338,280,2,01-01-2024,Shipped,1889
339,2843,19,05-09-2024,Shipped,109
340,4065,19,25-06-2024,Canceled,1422
341,2948,12,08-07-2024,Shipped,229
342,3328,14,04-04-2024,Pending,4271
343,4214,5,17-06-2024,Delivered,1843
344,3626,20,16-10-2024,Delivered,2634
345,2672,7,14-09-2024,Canceled,3094
346,168,9,28-05-2024,Pending,3306
347,467,19,06-07-2024,Pending,2302
348,336,17,22-10-2024,Pending,2434
349,3336,14,21-05-2024,Pending,726
350,4484,7,16-07-2024,Canceled,1792
351,3941,10,18-05-2024,Delivered,2561
352,3586,14,13-08-2024,Pending,2220
353,2277,4,20-07-2024,Canceled,3030
354,3132,10,20-06-2024,Pending,2421
355,3835,11,07-07-2024,Shipped,3208
356,1663,11,06-02-2024,Canceled,2775
357,1003,17,09-10-2024,Canceled,1588
358,4887,9,11-10-2024,Delivered,2668
359,1518,15,12-10-2024,Pending,3959
360,47,3,03-05-2024,Delivered,4517
361,3291,5,30-06-2024,Canceled,1436
362,1498,3,01-04-2024,Delivered,1582
363,4309,4,28-03-2024,Shipped,2375
364,4307,17,31-03-2024,Delivered,1276
365,4352,14,09-05-2024,Canceled,3380
366,4147,16,27-03-2024,Shipped,1761
367,3853,12,13-07-2024,Delivered,1742
368,3492,5,23-03-2024,Delivered,3526
369,3292,9,12-07-2024,Delivered,4499
370,2735,15,24-10-2024,Shipped,187
371,2468,9,17-08-2024,Canceled,2683
372,1832,16,15-01-2024,Pending,2169
373,4631,17,12-03-2024,Canceled,851
374,3187,1,05-04-2024,Canceled,3468
375,3545,12,26-07-2024,Pending,2838
376,2673,16,07-10-2024,Shipped,3543
377,2674,1,17-10-2024,Shipped,3353
378,521,13,17-08-2024,Pending,4769
379,267,10,23-04-2024,Shipped,4069
380,996,20,30-10-2024,Pending,3849
381,1667,6,19-09-2024,Shipped,4471
382,468,12,22-01-2024,Delivered,1316
383,3638,7,06-05-2024,Pending,971
384,2346,20,18-06-2024,Delivered,3383
385,650,8,18-08-2024,Canceled,2396
386,3618,11,11-10-2024,Delivered,2384
387,4788,7,22-04-2024,Pending,3048
388,3848,5,20-09-2024,Canceled,2561
389,305,13,27-06-2024,Canceled,3849
390,1680,6,27-05-2024,Shipped,1155
391,1947,14,22-10-2024,Shipped,1867
392,924,12,10-02-2024,Pending,3196
393,4853,7,25-08-2024,Shipped,4802
394,584,7,06-03-2024,Pending,4448
395,2343,16,28-06-2024,Delivered,2962
396,2968,10,13-10-2024,Canceled,1066
397,3185,18,22-07-2024,Delivered,291
398,992,16,16-02-2024,Pending,2940
399,1113,1,29-02-2024,Pending,234
400,1208,20,15-10-2024,Shipped,1791
401,4253,2,19-09-2024,Pending,621
402,2342,15,18-01-2024,Canceled,1318
403,4542,10,28-06-2024,Delivered,3635
404,513,14,23-08-2024,Shipped,2726
405,3524,18,02-09-2024,Canceled,4196
406,1504,15,04-06-2024,Shipped,1410
407,334,7,01-03-2024,Pending,3980
408,4095,13,18-04-2024,Canceled,754
409,2522,6,29-07-2024,Shipped,2772
410,2844,18,14-01-2024,Pending,3949
411,4199,8,11-08-2024,Canceled,1070
412,4563,8,05-11-2024,Shipped,890
413,2540,19,26-08-2024,Canceled,4888
414,4754,5,17-05-2024,Delivered,1677
415,1413,15,02-03-2024,Canceled,1545
416,3273,13,03-03-2024,Shipped,4519
417,4494,1,11-04-2024,Shipped,2234
418,1206,20,12-09-2024,Canceled,1548
419,3179,17,21-02-2024,Pending,1765
420,158,11,19-10-2024,Pending,3971
421,2992,5,25-06-2024,Delivered,3138
422,1583,6,07-05-2024,Delivered,3202
423,1248,18,14-06-2024,Delivered,1197
424,956,2,14-02-2024,Pending,219
425,2076,1,23-06-2024,Canceled,915
426,3725,10,05-10-2024,Pending,4080
427,2209,4,05-04-2024,Shipped,4186
428,902,19,22-06-2024,Pending,3152
429,895,20,28-02-2024,Shipped,4578
430,2830,18,22-01-2024,Canceled,3552
431,2356,8,31-01-2024,Delivered,3670
432,2092,16,03-07-2024,Shipped,3098
433,3191,7,09-10-2024,Shipped,1766
434,2544,15,26-09-2024,Shipped,1150
435,1890,17,09-01-2024,Canceled,4613
436,1786,15,25-01-2024,Shipped,4906
437,4229,5,13-02-2024,Pending,500
438,957,10,22-06-2024,Canceled,3510
439,2437,11,04-05-2024,Shipped,2351
440,3645,14,04-09-2024,Canceled,3062
441,1797,3,08-05-2024,Pending,1832
442,723,16,09-05-2024,Pending,2682
443,2476,13,26-09-2024,Canceled,3492
444,4207,16,01-06-2024,Shipped,2114
445,2422,13,25-06-2024,Canceled,3331
446,1349,10,27-06-2024,Canceled,4669
447,3690,2,24-04-2024,Shipped,2286
448,4302,2,05-07-2024,Pending,4767
449,4363,7,06-04-2024,Delivered,1882
450,4062,5,23-05-2024,Canceled,2203
451,1796,3,13-02-2024,Delivered,598
452,4536,19,17-01-2024,Canceled,3777
453,2196,13,11-06-2024,Pending,4271
454,474,10,25-06-2024,Canceled,490
455,3234,2,04-10-2024,Delivered,1941
456,4317,2,27-04-2024,Pending,2053
457,4971,18,25-04-2024,Shipped,4401
458,3982,20,11-04-2024,Pending,2529
459,1509,14,25-09-2024,Canceled,3346
460,1596,15,22-08-2024,Delivered,3724
461,1153,6,02-11-2024,Pending,2538
462,4967,1,23-08-2024,Canceled,320
463,708,8,02-11-2024,Canceled,3809
464,836,19,16-07-2024,Delivered,1065
465,3900,20,06-08-2024,Canceled,3427
466,919,8,17-01-2024,Pending,512
467,3006,16,01-11-2024,Shipped,842
468,4197,14,02-10-2024,Delivered,99
469,4086,18,09-07-2024,Delivered,4778
470,3859,20,18-02-2024,Delivered,3670
471,4758,1,29-09-2024,Shipped,1173
472,3042,3,03-06-2024,Delivered,1905
473,1816,6,08-07-2024,Pending,4696
474,3509,20,31-08-2024,Pending,2536
475,1883,4,09-07-2024,Pending,979
476,2640,10,20-07-2024,Delivered,3041
477,1234,6,13-10-2024,Pending,1599
478,4112,16,03-10-2024,Delivered,1029
479,1510,19,19-07-2024,Canceled,3889
480,2842,17,21-01-2024,Pending,2257
481,3260,10,01-04-2024,Canceled,2985
482,2650,13,08-01-2024,Pending,1170
483,3560,18,05-03-2024,Delivered,916
484,688,5,21-04-2024,Delivered,4548
485,4324,18,18-10-2024,Pending,294
486,3849,20,11-08-2024,Canceled,2141
487,111,10,22-02-2024,Pending,4764
488,4833,5,26-03-2024,Delivered,4456
489,1641,18,18-09-2024,Canceled,1039
490,4673,13,19-09-2024,Delivered,4625
491,1542,6,10-10-2024,Canceled,2301
492,4901,6,01-01-2024,Delivered,3501
493,4206,18,04-01-2024,Canceled,3912
494,2349,9,05-08-2024,Shipped,2707
495,1437,16,24-03-2024,Pending,4472
496,2136,9,28-03-2024,Delivered,1721
497,3225,3,27-04-2024,Delivered,4045
498,1360,17,16-02-2024,Delivered,87
499,2406,6,26-07-2024,Pending,105
500,3744,13,05-07-2024,Delivered,1257
501,323,1,08-11-2024,Shipped,3418
502,4716,13,16-02-2024,Canceled,3670
503,4948,18,29-10-2024,Canceled,4393
504,3330,16,04-05-2024,Canceled,448
505,4675,15,01-10-2024,Canceled,730
506,3908,5,01-05-2024,Delivered,641
507,90,19,02-11-2024,Shipped,4425
508,1626,15,22-09-2024,Shipped,678
509,1286,14,08-01-2024,Pending,1730
510,4500,3,17-03-2024,Canceled,1654
511,1739,19,27-08-2024,Canceled,895
512,1409,17,30-08-2024,Delivered,2707
513,539,14,16-03-2024,Pending,4340
514,409,8,22-01-2024,Pending,1240
515,4713,13,28-10-2024,Delivered,169
516,3821,12,30-03-2024,Shipped,4477
517,4765,11,16-07-2024,Pending,3757
518,2773,15,04-01-2024,Shipped,1929
519,2406,16,14-03-2024,Shipped,4667
520,4433,1,18-10-2024,Pending,2665
521,2237,16,23-05-2024,Delivered,1727
522,1986,13,14-04-2024,Pending,4716
523,362,4,20-03-2024,Canceled,3927
524,2192,5,10-02-2024,Pending,1334
525,1260,6,06-04-2024,Canceled,564
526,905,16,20-06-2024,Canceled,4158
527,544,15,12-10-2024,Pending,2461
528,2351,20,26-03-2024,Shipped,3850
529,2360,19,12-02-2024,Shipped,2047
530,1533,5,28-02-2024,Pending,2149
531,3454,4,03-10-2024,Shipped,291
532,452,17,09-08-2024,Canceled,2768
533,639,18,23-05-2024,Canceled,3424
534,1394,16,05-11-2024,Delivered,2710
535,871,20,26-09-2024,Pending,2338
536,2479,11,12-01-2024,Pending,4319
537,4033,8,04-11-2024,Pending,1986
538,2616,8,27-10-2024,Canceled,767
539,4293,2,15-04-2024,Canceled,4754
540,2229,15,01-08-2024,Canceled,3717
541,2152,18,18-07-2024,Pending,568
542,2909,10,31-08-2024,Pending,4676
543,462,17,11-10-2024,Delivered,3663
544,1312,8,30-07-2024,Canceled,3461
545,2220,9,12-02-2024,Canceled,2761
546,342,4,26-10-2024,Pending,3030
547,4738,4,27-08-2024,Pending,1290
548,57,8,29-07-2024,Shipped,240
549,1462,1,12-07-2024,Pending,920
550,3575,17,29-09-2024,Shipped,2737
551,4213,10,21-05-2024,Pending,4378
552,1038,16,07-08-2024,Canceled,250
553,1301,19,07-08-2024,Pending,3877
554,2649,2,28-06-2024,Pending,2076
555,2988,10,29-03-2024,Shipped,3185
556,838,14,23-02-2024,Pending,4204
557,374,5,26-09-2024,Pending,4267
558,2784,6,09-03-2024,Shipped,193
559,1787,17,06-09-2024,Pending,3322
560,461,18,14-08-2024,Delivered,4645
561,3183,8,21-02-2024,Canceled,1500
562,1802,17,05-07-2024,Delivered,4694
563,1515,4,22-07-2024,Shipped,2992
564,3239,17,16-01-2024,Shipped,2648
565,4888,18,29-08-2024,Shipped,3738
566,3896,5,17-08-2024,Delivered,2218
567,4745,5,25-02-2024,Shipped,4030
568,409,9,21-07-2024,Pending,2343
569,4552,20,01-04-2024,Pending,2821
570,2899,20,07-11-2024,Pending,3303
571,540,3,29-09-2024,Pending,4131
572,3146,7,14-09-2024,Pending,4953
573,4717,8,11-08-2024,Pending,3380
574,4806,5,28-07-2024,Shipped,4629
575,4120,16,02-06-2024,Canceled,1088
576,925,19,22-03-2024,Shipped,3971
577,982,15,12-08-2024,Canceled,4599
578,975,8,06-02-2024,Pending,238
579,1818,13,01-09-2024,Canceled,4444
580,894,16,16-01-2024,Canceled,2558
581,1693,2,11-06-2024,Shipped,4166
582,1460,8,10-03-2024,Canceled,1018
583,1504,12,13-01-2024,Canceled,4130
584,2091,10,17-04-2024,Delivered,2781
585,1559,14,15-06-2024,Canceled,1100
586,1658,11,27-06-2024,Shipped,2835
587,1420,4,06-08-2024,Pending,1494
588,1010,17,10-06-2024,Shipped,1810
589,3791,9,17-03-2024,Shipped,4283
590,1558,1,16-01-2024,Canceled,4517
591,3943,12,25-10-2024,Pending,707
592,1487,13,27-03-2024,Canceled,844
593,4591,14,29-07-2024,Delivered,3739
594,1892,19,25-01-2024,Canceled,326
595,2840,9,30-05-2024,Delivered,4117
596,1383,19,12-08-2024,Pending,3908
597,3431,2,27-01-2024,Shipped,3792
598,2657,14,09-08-2024,Delivered,2849
599,1952,9,20-10-2024,Pending,2417
600,4863,20,09-04-2024,Delivered,125
601,4033,20,30-07-2024,Delivered,1289
602,2139,5,01-06-2024,Shipped,2617
603,3899,8,05-07-2024,Canceled,1687
604,1784,14,16-01-2024,Shipped,3618
605,1647,19,30-06-2024,Canceled,3711
606,2150,2,09-09-2024,Canceled,810
607,4493,10,27-05-2024,Canceled,232
608,957,5,28-09-2024,Shipped,4259
609,1969,6,25-08-2024,Canceled,3307
610,3277,18,27-07-2024,Delivered,3305
611,2747,3,18-10-2024,Delivered,1635
612,2886,13,07-06-2024,Canceled,4689
613,4716,4,09-04-2024,Shipped,501
614,4022,4,15-04-2024,Pending,2859
615,232,8,16-04-2024,Shipped,4764
616,1776,14,15-08-2024,Delivered,1982
617,221,18,25-01-2024,Pending,769
618,35,11,16-02-2024,Canceled,1007
619,3070,8,30-07-2024,Canceled,2076
620,1534,11,16-05-2024,Canceled,3056
621,541,12,01-02-2024,Pending,2377
622,1233,6,17-01-2024,Canceled,780
623,982,4,11-02-2024,Canceled,1342
624,1898,1,13-05-2024,Pending,2794
625,4381,5,12-04-2024,Shipped,4644
626,2453,3,16-09-2024,Canceled,1103
627,1825,20,05-03-2024,Canceled,501
628,1428,1,20-06-2024,Shipped,4487
629,2615,8,29-10-2024,Canceled,2997
630,1503,11,09-03-2024,Shipped,3290
631,4086,6,05-05-2024,Shipped,3336
632,2921,11,09-05-2024,Delivered,3062
633,4160,12,27-06-2024,Delivered,1479
634,1971,3,29-03-2024,Canceled,3601
635,784,20,06-01-2024,Shipped,4467
636,3056,13,13-10-2024,Shipped,1825
637,1568,10,09-02-2024,Delivered,684
638,4736,17,14-07-2024,Shipped,1384
639,1536,16,17-10-2024,Pending,150
640,1776,16,19-01-2024,Pending,4106
641,2238,7,23-07-2024,Delivered,3673
642,56,18,10-07-2024,Canceled,3796
643,2541,16,22-02-2024,Pending,4185
644,2308,16,11-05-2024,Pending,838
645,2544,20,14-07-2024,Pending,1148
646,198,17,27-04-2024,Shipped,2473
647,3833,16,09-03-2024,Delivered,1360
648,4774,10,28-03-2024,Shipped,4612
649,4933,1,07-01-2024,Delivered,3820
650,4927,8,20-02-2024,Pending,2998
651,3840,7,03-03-2024,Pending,929
652,1647,14,05-09-2024,Pending,4876
653,100,8,11-10-2024,Canceled,3243
654,2971,4,03-07-2024,Canceled,732
655,3741,13,07-11-2024,Delivered,3935
656,4476,7,10-03-2024,Canceled,4948
657,4128,12,07-07-2024,Delivered,1909
658,3480,13,25-09-2024,Delivered,3043
659,509,15,24-05-2024,Delivered,1128
660,3165,17,02-03-2024,Delivered,4570
661,4499,9,14-02-2024,Canceled,3856
662,1403,20,23-09-2024,Canceled,3775
663,1569,14,13-05-2024,Shipped,2184
664,4353,8,06-03-2024,Delivered,1307
665,2808,15,08-07-2024,Shipped,723
666,3824,19,29-10-2024,Delivered,4736
667,2033,2,10-10-2024,Pending,2480
668,3584,17,15-09-2024,Delivered,795
669,1567,2,27-02-2024,Pending,2041
670,4157,9,03-04-2024,Canceled,4889
671,4577,15,27-01-2024,Pending,3475
672,1812,12,16-02-2024,Canceled,3989
673,4657,18,29-09-2024,Pending,701
674,232,12,13-04-2024,Canceled,3732
675,3280,3,27-03-2024,Pending,2991
676,2855,15,21-04-2024,Shipped,3664
677,3585,20,27-01-2024,Delivered,341
678,4092,6,09-10-2024,Pending,1231
679,1713,7,29-05-2024,Canceled,4959
680,2918,13,29-05-2024,Pending,2406
681,2205,9,31-03-2024,Shipped,4495
682,3096,17,29-07-2024,Shipped,2177
683,4362,11,02-03-2024,Canceled,2755
684,2914,17,11-06-2024,Canceled,4497
685,4796,11,28-06-2024,Pending,1084
686,2117,11,19-06-2024,Shipped,2066
687,104,10,21-10-2024,Shipped,2064
688,4295,18,21-05-2024,Canceled,4396
689,1801,7,04-11-2024,Pending,4700
690,3234,13,14-08-2024,Pending,2022
691,627,4,19-06-2024,Pending,2004
692,3262,8,21-02-2024,Canceled,2186
693,372,15,29-06-2024,Delivered,1200
694,3514,3,20-06-2024,Pending,4502
695,3951,12,30-06-2024,Canceled,2383
696,1094,17,12-02-2024,Shipped,4483
697,2319,8,10-09-2024,Canceled,4184
698,1380,18,10-08-2024,Pending,4731
699,569,1,16-07-2024,Canceled,3587
700,149,19,29-09-2024,Delivered,2083
701,3128,15,16-04-2024,Shipped,1482
702,526,4,07-06-2024,Delivered,2798
703,3034,15,11-01-2024,Pending,2071
704,3918,14,16-05-2024,Pending,3963
705,1683,9,14-03-2024,Delivered,2101
706,4132,11,29-09-2024,Shipped,1785
707,509,14,26-04-2024,Delivered,4576
708,2818,11,02-06-2024,Canceled,3648
709,4865,7,10-10-2024,Pending,3791
710,103,10,08-05-2024,Canceled,2588
711,1608,19,04-09-2024,Shipped,2085
712,3966,9,20-06-2024,Delivered,189
713,1686,12,21-04-2024,Pending,3076
714,1144,4,21-10-2024,Canceled,1394
715,3252,9,18-10-2024,Pending,1750
716,1159,10,24-01-2024,Canceled,210
717,919,18,26-08-2024,Pending,4323
718,527,1,27-05-2024,Delivered,2733
719,614,17,03-11-2024,Shipped,996
720,4313,10,28-07-2024,Pending,4566
721,3015,9,31-03-2024,Canceled,2970
722,732,17,10-04-2024,Shipped,205
723,4290,15,25-09-2024,Shipped,2826
724,4859,13,08-09-2024,Shipped,4531
725,4333,9,26-07-2024,Delivered,1665
726,2922,8,18-06-2024,Shipped,807
727,814,11,30-10-2024,Pending,1379
728,3031,20,31-08-2024,Pending,3697
729,4330,17,19-08-2024,Delivered,2459
730,1239,16,14-07-2024,Delivered,2211
731,2567,19,09-07-2024,Delivered,610
732,22,9,06-02-2024,Shipped,472
733,554,12,14-06-2024,Shipped,1308
734,3685,10,26-09-2024,Pending,1718
735,911,7,22-04-2024,Shipped,754
736,2340,3,20-10-2024,Shipped,4250
737,2807,11,04-06-2024,Canceled,1863
738,1739,17,02-11-2024,Shipped,3866
739,2698,11,02-03-2024,Pending,351
740,4175,4,26-08-2024,Pending,2927
741,4729,12,18-02-2024,Canceled,4627
742,751,11,07-08-2024,Pending,227
743,3887,6,06-02-2024,Canceled,2685
744,3391,16,23-10-2024,Pending,3164
745,1721,11,12-07-2024,Delivered,1218
746,3707,13,05-07-2024,Pending,4672
747,1599,19,19-10-2024,Shipped,4560
748,3140,12,15-03-2024,Pending,888
749,720,6,31-05-2024,Shipped,3514
750,4642,1,25-10-2024,Delivered,552
751,4081,4,08-01-2024,Canceled,2369
752,4258,14,06-05-2024,Canceled,1150
753,4474,9,03-04-2024,Shipped,1219
754,2880,2,20-10-2024,Delivered,754
755,4369,18,19-08-2024,Shipped,1574
756,477,5,01-01-2024,Shipped,368
757,1306,7,30-07-2024,Canceled,814
758,4394,16,25-01-2024,Delivered,3158
759,3436,15,03-02-2024,Canceled,2623
760,1866,10,30-10-2024,Delivered,4681
761,4415,16,05-01-2024,Shipped,2517
762,90,5,10-01-2024,Canceled,2387
763,4298,14,13-01-2024,Canceled,640
764,4161,6,06-07-2024,Delivered,2304
765,1563,2,29-09-2024,Shipped,900
766,908,20,01-07-2024,Pending,1329
767,2334,17,28-07-2024,Delivered,2939
768,1826,2,01-04-2024,Canceled,4785
769,239,20,15-02-2024,Canceled,570
770,2367,2,20-07-2024,Delivered,3037
771,3106,14,01-03-2024,Shipped,2720
772,3895,10,11-10-2024,Delivered,3078
773,193,18,07-06-2024,Pending,1368
774,1379,11,19-03-2024,Canceled,182
775,3665,2,04-07-2024,Pending,2084
776,4664,10,05-09-2024,Delivered,4702
777,257,18,07-04-2024,Canceled,365
778,307,9,28-01-2024,Canceled,410
779,4651,17,15-08-2024,Shipped,1912
780,3048,13,28-07-2024,Shipped,2462
781,871,13,07-07-2024,Pending,49
782,2362,19,20-09-2024,Canceled,2882
783,4283,4,16-10-2024,Canceled,4567
784,2100,19,19-01-2024,Pending,2337
785,9,20,21-03-2024,Delivered,4093
786,3537,6,12-03-2024,Shipped,3551
787,2670,8,13-03-2024,Canceled,2021
788,4379,11,03-05-2024,Delivered,4363
789,4610,11,22-01-2024,Shipped,3094
790,4494,18,11-10-2024,Delivered,1623
791,3612,5,19-07-2024,Delivered,1942
792,1326,7,04-02-2024,Shipped,3601
793,2260,6,30-08-2024,Canceled,4002
794,2438,11,18-03-2024,Shipped,3292
795,1670,17,30-03-2024,Pending,3040
796,1938,6,30-08-2024,Canceled,1135
797,3711,7,18-09-2024,Pending,4035
798,1856,16,28-02-2024,Canceled,1757
799,2549,3,03-03-2024,Delivered,3764
800,3041,19,03-07-2024,Shipped,2020
801,3709,1,10-04-2024,Pending,3540
802,2379,11,08-09-2024,Canceled,1284
803,4431,1,23-04-2024,Pending,4036
804,1845,7,23-05-2024,Pending,4396
805,2400,9,12-04-2024,Canceled,4502
806,4314,15,13-09-2024,Delivered,4537
807,1135,5,26-09-2024,Pending,3306
808,87,7,15-05-2024,Shipped,3968
809,572,11,09-10-2024,Shipped,1471
810,2547,4,20-04-2024,Delivered,2992
811,4671,12,25-10-2024,Delivered,817
812,2850,14,19-04-2024,Delivered,4095
813,1764,9,06-07-2024,Delivered,4467
814,831,6,03-03-2024,Pending,4970
815,417,17,21-06-2024,Delivered,1780
816,2831,2,20-07-2024,Delivered,544
817,4428,3,10-07-2024,Canceled,4134
818,4841,2,02-10-2024,Shipped,3281
819,2794,4,20-08-2024,Canceled,3537
820,3672,8,08-03-2024,Shipped,2809
821,3363,19,22-04-2024,Delivered,1411
822,3179,19,19-04-2024,Pending,232
823,1979,7,05-11-2024,Delivered,1212
824,3042,19,19-06-2024,Delivered,524
825,1925,6,19-09-2024,Shipped,4313
826,3106,10,10-10-2024,Shipped,4726
827,3552,11,23-09-2024,Shipped,695
828,4207,18,27-06-2024,Delivered,4258
829,1887,18,30-01-2024,Canceled,4190
830,4753,6,25-06-2024,Delivered,897
831,3295,12,01-05-2024,Canceled,2502
832,4740,8,10-01-2024,Canceled,3872
833,4803,14,07-06-2024,Shipped,985
834,1499,6,01-06-2024,Pending,1384
835,358,10,04-08-2024,Shipped,3800
836,3965,19,30-05-2024,Canceled,769
837,656,5,23-06-2024,Shipped,4451
838,700,11,08-08-2024,Pending,4005
839,319,14,26-10-2024,Shipped,3461
840,3858,5,12-08-2024,Canceled,4588
841,1842,15,16-10-2024,Canceled,4957
842,1857,14,11-04-2024,Delivered,3457
843,3510,1,18-02-2024,Pending,2593
844,1904,5,03-01-2024,Pending,2314
845,802,3,21-09-2024,Canceled,3716
846,3008,14,26-10-2024,Delivered,2923
847,3554,10,25-05-2024,Pending,2587
848,3447,13,16-02-2024,Canceled,4651
849,2584,2,25-03-2024,Pending,1526
850,231,12,02-07-2024,Delivered,3568
851,1749,7,15-06-2024,Delivered,3341
852,592,4,24-08-2024,Delivered,3134
853,2437,1,25-07-2024,Canceled,4351
854,364,5,05-03-2024,Delivered,1675
855,4534,13,15-03-2024,Pending,1635
856,237,6,24-06-2024,Shipped,347
857,4577,2,25-05-2024,Shipped,2108
858,902,4,03-02-2024,Pending,3558
859,2157,12,05-08-2024,Shipped,3350
860,1284,4,20-02-2024,Shipped,4643
861,2692,9,03-05-2024,Shipped,1244
862,8,15,06-10-2024,Pending,3374
863,4961,17,22-08-2024,Shipped,3939
864,1120,16,20-03-2024,Canceled,4840
865,3612,11,12-01-2024,Pending,3415
866,3254,6,30-07-2024,Shipped,2734
867,775,16,10-07-2024,Canceled,2555
868,2041,3,20-07-2024,Pending,4158
869,2084,20,26-10-2024,Shipped,4343
870,135,20,10-07-2024,Pending,1099
871,659,7,06-08-2024,Shipped,2128
872,1124,14,12-01-2024,Shipped,3793
873,4118,3,21-08-2024,Canceled,1346
874,1270,16,28-01-2024,Shipped,3191
875,2079,13,09-03-2024,Delivered,540
876,2386,12,13-07-2024,Delivered,820
877,2616,19,30-01-2024,Pending,2450
878,918,12,09-03-2024,Delivered,2051
879,113,8,02-02-2024,Pending,1846
880,2283,7,03-03-2024,Canceled,3828
881,1962,14,06-06-2024,Shipped,3770
882,732,8,25-03-2024,Delivered,2489
883,2258,6,02-05-2024,Delivered,1278
884,1407,20,05-11-2024,Canceled,248
885,2022,9,04-10-2024,Delivered,1029
886,2352,6,01-11-2024,Canceled,2509
887,1383,18,03-08-2024,Shipped,1423
888,3573,11,13-02-2024,Delivered,1056
889,257,19,21-05-2024,Delivered,3855
890,3810,20,17-06-2024,Delivered,3450
891,3787,3,04-07-2024,Canceled,1341
892,2603,14,30-01-2024,Delivered,4636
893,1885,13,14-01-2024,Pending,311
894,2696,9,08-03-2024,Pending,1672
895,514,12,30-05-2024,Canceled,4282
896,4398,10,07-03-2024,Pending,4049
897,1608,4,07-03-2024,Pending,2962
898,1541,6,02-10-2024,Delivered,713
899,256,3,06-05-2024,Delivered,1364
900,2996,17,20-10-2024,Shipped,2576
901,532,16,12-10-2024,Canceled,145
902,665,6,09-02-2024,Canceled,3101
903,3324,13,24-08-2024,Canceled,4511
904,561,16,18-03-2024,Canceled,4659
905,4944,17,15-03-2024,Delivered,1748
906,3474,10,03-05-2024,Shipped,290
907,1936,17,11-06-2024,Delivered,2043
908,3533,20,20-02-2024,Shipped,3747
909,2626,3,05-11-2024,Canceled,769
910,147,2,27-10-2024,Canceled,3650
911,2498,10,16-07-2024,Shipped,4462
912,4494,1,21-04-2024,Pending,1668
913,2938,10,22-04-2024,Delivered,1722
914,2519,17,30-03-2024,Canceled,2993
915,3728,16,08-07-2024,Shipped,4434
916,1472,19,18-09-2024,Shipped,1395
917,2942,2,12-03-2024,Canceled,2766
918,603,4,05-11-2024,Pending,4183
919,1592,8,29-07-2024,Shipped,4080
920,4721,9,12-03-2024,Shipped,2342
921,589,11,13-07-2024,Shipped,1732
922,4834,20,08-04-2024,Shipped,4706
923,613,6,11-01-2024,Pending,3823
924,279,10,08-10-2024,Shipped,3868
925,3231,19,08-02-2024,Canceled,3279
926,2529,8,06-03-2024,Delivered,3153
927,1537,4,17-05-2024,Delivered,2874
928,245,4,27-09-2024,Delivered,3825
929,3291,14,21-02-2024,Shipped,223
930,2653,7,23-01-2024,Delivered,1930
931,1903,1,17-01-2024,Delivered,4764
932,1642,14,13-04-2024,Delivered,401
933,3742,17,05-04-2024,Delivered,3558
934,2332,4,13-03-2024,Delivered,578
935,455,12,19-01-2024,Canceled,4249
936,1926,10,06-08-2024,Shipped,3200
937,660,16,28-01-2024,Shipped,1397
938,258,1,29-07-2024,Canceled,2419
939,2684,14,01-03-2024,Canceled,2569
940,1147,19,13-07-2024,Shipped,4855
941,417,20,22-10-2024,Shipped,4918
942,952,15,09-09-2024,Shipped,4867
943,1213,9,15-02-2024,Shipped,4667
944,2821,2,29-02-2024,Shipped,4051
945,754,20,23-04-2024,Canceled,4861
946,3872,5,05-07-2024,Delivered,4789
947,4017,11,27-08-2024,Shipped,371
948,2752,11,03-06-2024,Delivered,1416
949,1101,13,12-09-2024,Pending,3944
950,2086,12,11-06-2024,Canceled,1301
951,639,17,16-06-2024,Delivered,3203
952,3949,19,06-11-2024,Delivered,2341
953,3982,15,13-09-2024,Shipped,828
954,1933,1,30-06-2024,Pending,2313
955,4919,17,18-07-2024,Canceled,4798
956,2687,12,21-03-2024,Shipped,3224
957,2742,10,11-01-2024,Pending,4207
958,186,18,15-03-2024,Delivered,630
959,1282,7,07-02-2024,Shipped,3732
960,3912,2,09-07-2024,Pending,3998
961,427,2,06-03-2024,Delivered,3522
962,4025,12,19-08-2024,Shipped,1501
963,2136,8,16-10-2024,Pending,2164
964,3102,5,13-04-2024,Delivered,4541
965,2664,16,20-01-2024,Delivered,970
966,2547,19,26-08-2024,Shipped,790
967,4025,12,24-08-2024,Shipped,1549
968,3981,17,24-03-2024,Delivered,355
969,1333,18,03-07-2024,Delivered,2271
970,4977,6,16-05-2024,Pending,2932
971,4607,15,01-02-2024,Shipped,158
972,3289,6,23-03-2024,Shipped,3534
973,1204,12,08-07-2024,Pending,4156
974,3391,18,10-06-2024,Canceled,4912
975,1449,14,21-09-2024,Shipped,623
976,3894,20,26-07-2024,Delivered,2202
977,3485,17,07-11-2024,Shipped,1642
978,1398,15,10-04-2024,Shipped,1923
979,2504,1,25-07-2024,Canceled,2906
980,659,20,13-02-2024,Canceled,1419
981,2817,18,27-04-2024,Pending,1608
982,3065,7,13-10-2024,Delivered,2741
983,4517,5,10-09-2024,Delivered,2831
984,3857,14,09-02-2024,Canceled,1598
985,1722,19,03-10-2024,Pending,3269
986,254,8,19-08-2024,Canceled,2337
987,4122,14,12-10-2024,Delivered,1908
988,2921,20,27-05-2024,Shipped,3197
989,1573,17,11-07-2024,Delivered,4722
990,589,9,06-08-2024,Shipped,2771
991,902,7,26-08-2024,Shipped,409
992,470,5,08-02-2024,Pending,3322
993,2795,18,04-08-2024,Pending,745
994,1451,2,22-04-2024,Delivered,2329
995,1986,13,06-05-2024,Pending,3498
996,638,9,27-01-2024,Pending,4774
997,2930,4,30-08-2024,Canceled,1494
998,1961,5,29-02-2024,Delivered,2820
999,4867,16,02-01-2024,Shipped,4654
1000,2484,16,16-07-2024,Canceled,24
1001,2284,4,07-10-2024,Pending,4152
1002,3335,18,15-04-2024,Shipped,4106
1003,2577,17,29-08-2024,Shipped,4952
1004,4279,4,18-10-2024,Canceled,460
1005,243,14,14-06-2024,Canceled,1113
1006,2601,17,16-05-2024,Pending,4723
1007,867,15,06-04-2024,Canceled,419
1008,4919,6,02-11-2024,Canceled,2428
1009,4828,2,18-07-2024,Canceled,3850
1010,1644,3,10-05-2024,Pending,671
1011,2964,19,05-02-2024,Canceled,1644
1012,2272,20,09-08-2024,Canceled,1469
1013,1532,11,11-04-2024,Canceled,4505
1014,4618,4,16-01-2024,Pending,4071
1015,1758,7,24-05-2024,Pending,126
1016,2351,12,05-06-2024,Pending,469
1017,2174,9,28-07-2024,Canceled,4066
1018,4518,16,22-04-2024,Canceled,4009
1019,3958,19,19-10-2024,Pending,3648
1020,2604,17,22-09-2024,Pending,759
1021,513,11,14-05-2024,Shipped,3297
1022,66,2,03-09-2024,Canceled,3745
1023,2049,7,14-08-2024,Canceled,160
1024,4014,12,24-03-2024,Shipped,137
1025,2013,13,26-09-2024,Pending,602
1026,4279,19,07-04-2024,Delivered,2281
1027,3982,11,22-01-2024,Delivered,3896
1028,1891,9,08-02-2024,Pending,2406
1029,3268,8,19-01-2024,Shipped,3092
1030,1933,4,28-06-2024,Pending,4190
1031,4833,20,21-05-2024,Canceled,2718
1032,1913,17,08-03-2024,Pending,2566
1033,4751,11,01-08-2024,Delivered,3424
1034,257,16,24-06-2024,Delivered,2518
1035,217,19,01-10-2024,Pending,272
1036,3789,14,24-08-2024,Shipped,4815
1037,3319,7,27-08-2024,Canceled,3105
1038,4222,2,03-07-2024,Canceled,561
1039,4327,15,04-03-2024,Delivered,723
1040,2921,12,24-02-2024,Canceled,2475
1041,940,12,11-05-2024,Shipped,4152
1042,2069,6,02-07-2024,Delivered,1932
1043,585,12,01-11-2024,Delivered,4335
1044,840,16,09-10-2024,Shipped,3900
1045,1736,10,12-09-2024,Canceled,1236
1046,2302,4,01-10-2024,Pending,3615
1047,904,11,04-05-2024,Pending,1360
1048,123,4,19-01-2024,Canceled,4723
1049,4702,5,20-02-2024,Shipped,3643
1050,1029,15,08-03-2024,Canceled,2693
1051,2262,12,10-05-2024,Pending,4096
1052,3042,7,27-08-2024,Delivered,947
1053,494,4,06-04-2024,Canceled,3831
1054,329,2,05-10-2024,Canceled,1623
1055,850,12,15-02-2024,Delivered,2187
1056,584,3,14-09-2024,Delivered,1682
1057,3350,8,01-03-2024,Pending,3103
1058,58,14,24-10-2024,Pending,4966
1059,4499,6,12-03-2024,Canceled,1711
1060,2715,18,03-07-2024,Delivered,4493
1061,2700,6,06-03-2024,Pending,1305
1062,4121,12,24-05-2024,Canceled,4340
1063,1740,7,14-04-2024,Shipped,1042
1064,1073,7,20-04-2024,Shipped,3318
1065,1063,3,20-09-2024,Pending,4465
1066,3088,10,29-10-2024,Pending,1539
1067,53,4,09-08-2024,Canceled,3005
1068,2535,13,22-05-2024,Pending,778
1069,2656,17,02-05-2024,Canceled,2654
1070,4485,4,30-08-2024,Canceled,1454
1071,4932,5,05-01-2024,Delivered,1598
1072,3943,6,06-04-2024,Shipped,1266
1073,3873,6,21-09-2024,Delivered,1978
1074,2232,2,06-01-2024,Delivered,146
1075,890,11,24-06-2024,Canceled,3174
1076,3939,19,11-08-2024,Delivered,1258
1077,2815,8,03-05-2024,Pending,2851
1078,3370,3,30-07-2024,Shipped,822
1079,1650,2,21-02-2024,Pending,4651
1080,4239,11,08-05-2024,Pending,4214
1081,159,14,07-04-2024,Shipped,2618
1082,1537,11,30-10-2024,Shipped,2980
1083,1765,6,15-06-2024,Pending,3823
1084,1040,20,01-07-2024,Canceled,4369
1085,2620,4,19-06-2024,Shipped,3076
1086,2710,20,27-02-2024,Pending,4921
1087,4360,17,02-04-2024,Shipped,4226
1088,4395,2,28-08-2024,Pending,1942
1089,677,5,25-05-2024,Shipped,2985
1090,3415,13,20-06-2024,Pending,4716
1091,2928,14,16-09-2024,Canceled,205
1092,4886,17,07-07-2024,Canceled,463
1093,1410,18,21-07-2024,Pending,4212
1094,4552,15,15-03-2024,Shipped,1894
1095,2944,16,06-08-2024,Pending,979
1096,2762,12,05-01-2024,Canceled,3015
1097,126,11,21-06-2024,Pending,1130
1098,4607,20,04-05-2024,Pending,4273
1099,1259,18,01-02-2024,Delivered,1226
1100,3599,11,07-06-2024,Delivered,3134
1101,3829,4,19-03-2024,Delivered,4274
1102,1315,8,30-07-2024,Shipped,4653
1103,3120,10,02-01-2024,Pending,3444
1104,717,4,04-06-2024,Pending,3635
1105,2336,15,14-06-2024,Canceled,4967
1106,3719,9,11-03-2024,Pending,3610
1107,4655,10,06-06-2024,Shipped,2515
1108,3888,14,20-10-2024,Shipped,1893
1109,791,6,06-07-2024,Shipped,3135
1110,933,7,29-08-2024,Pending,4032
1111,275,16,26-04-2024,Delivered,3846
1112,663,12,06-01-2024,Canceled,3406
1113,3540,6,24-08-2024,Pending,2309
1114,2386,8,26-09-2024,Delivered,4403
1115,2549,17,12-08-2024,Shipped,102
1116,4857,9,15-01-2024,Shipped,2962
1117,2524,19,27-06-2024,Shipped,2040
1118,813,5,22-03-2024,Canceled,4600
1119,4433,12,30-06-2024,Canceled,325
1120,2645,2,06-10-2024,Shipped,919
1121,4248,9,22-02-2024,Delivered,2193
1122,849,18,06-03-2024,Shipped,4147
1123,4871,11,27-08-2024,Delivered,139
1124,2010,8,08-10-2024,Shipped,4897
1125,3701,20,13-02-2024,Shipped,4010
1126,3453,14,12-07-2024,Shipped,4331
1127,3097,17,31-05-2024,Canceled,1893
1128,2713,6,16-04-2024,Canceled,1392
1129,2128,11,25-07-2024,Pending,4319
1130,2974,5,06-01-2024,Delivered,1527
1131,3941,6,25-03-2024,Pending,761
1132,2618,16,04-06-2024,Delivered,4575
1133,3895,6,27-01-2024,Canceled,4183
1134,396,14,20-04-2024,Shipped,2565
1135,176,16,03-09-2024,Delivered,4671
1136,2608,13,16-09-2024,Shipped,2117
1137,709,12,25-10-2024,Shipped,2384
1138,3490,5,18-05-2024,Canceled,128
1139,4153,8,27-04-2024,Pending,1931
1140,3655,11,07-04-2024,Pending,3184
1141,3719,6,10-01-2024,Shipped,1299
1142,1403,11,20-09-2024,Shipped,864
1143,184,8,05-10-2024,Pending,127
1144,978,15,11-03-2024,Canceled,4896
1145,3037,1,19-08-2024,Pending,756
1146,4422,17,01-02-2024,Delivered,828
1147,1230,18,25-08-2024,Pending,1692
1148,3008,9,20-05-2024,Shipped,2112
1149,1599,6,28-05-2024,Pending,3602
1150,1729,8,09-05-2024,Canceled,614
1151,3712,12,08-01-2024,Canceled,1908
1152,3963,10,15-09-2024,Shipped,2421
1153,761,14,06-05-2024,Shipped,3853
1154,2185,14,17-10-2024,Delivered,1070
1155,552,10,21-07-2024,Canceled,4476
1156,186,5,19-04-2024,Shipped,4314
1157,228,17,05-08-2024,Shipped,762
1158,1664,6,26-04-2024,Pending,2674
1159,2421,9,28-01-2024,Shipped,4315
1160,1504,12,05-09-2024,Canceled,3525
1161,2553,9,15-04-2024,Canceled,978
1162,4957,17,09-08-2024,Pending,1964
1163,4279,14,10-03-2024,Canceled,4646
1164,1514,20,19-02-2024,Delivered,337
1165,4336,18,27-07-2024,Pending,4497
1166,2826,3,27-03-2024,Shipped,4244
1167,1699,10,07-05-2024,Delivered,3945
1168,2848,11,03-10-2024,Canceled,2128
1169,898,12,04-06-2024,Canceled,157
1170,637,4,14-01-2024,Delivered,1858
1171,1332,6,02-10-2024,Shipped,4922
1172,4090,9,21-02-2024,Delivered,2073
1173,4023,6,22-02-2024,Pending,863
1174,819,7,18-08-2024,Delivered,3156
1175,1543,14,31-03-2024,Canceled,1471
1176,933,18,18-05-2024,Canceled,4544
1177,2053,4,25-01-2024,Shipped,378
1178,377,17,01-02-2024,Canceled,1535
1179,1644,7,14-09-2024,Shipped,2523
1180,3697,18,08-07-2024,Delivered,724
1181,255,8,27-10-2024,Pending,1656
1182,752,7,26-04-2024,Delivered,3605
1183,2821,15,17-07-2024,Canceled,1769
1184,2197,3,03-09-2024,Shipped,2931
1185,1842,15,06-06-2024,Delivered,1686
1186,388,10,14-03-2024,Pending,4111
1187,3089,16,10-06-2024,Shipped,3230
1188,4194,2,29-08-2024,Delivered,530
1189,756,3,04-04-2024,Pending,3823
1190,2871,12,28-07-2024,Shipped,3282
1191,4961,2,12-10-2024,Delivered,575
1192,1953,13,18-01-2024,Shipped,3932
1193,2200,5,15-05-2024,Canceled,4556
1194,152,7,28-07-2024,Shipped,4055
1195,3302,10,08-04-2024,Pending,3131
1196,2468,18,01-06-2024,Shipped,414
1197,1798,12,13-01-2024,Canceled,78
1198,2542,9,03-07-2024,Canceled,3529
1199,4154,3,03-01-2024,Delivered,257
1200,4109,18,13-09-2024,Pending,3216
1201,430,19,04-11-2024,Delivered,4247
1202,1632,4,12-04-2024,Canceled,1192
1203,1449,2,29-03-2024,Canceled,3582
1204,402,15,10-05-2024,Shipped,4008
1205,3067,4,17-09-2024,Canceled,4341
1206,2802,15,28-09-2024,Canceled,4572
1207,4240,12,10-02-2024,Pending,1183
1208,1270,14,08-07-2024,Canceled,1629
1209,4735,19,25-05-2024,Canceled,1713
1210,954,5,23-08-2024,Shipped,786
1211,1164,10,15-03-2024,Pending,2135
1212,4205,11,01-02-2024,Delivered,4365
1213,2761,7,18-06-2024,Canceled,4253
1214,275,7,03-03-2024,Delivered,2363
1215,4264,14,12-06-2024,Shipped,3358
1216,3318,13,26-01-2024,Pending,2471
1217,2779,20,13-01-2024,Pending,1030
1218,3028,9,29-07-2024,Canceled,1992
1219,4801,20,18-09-2024,Shipped,4511
1220,2311,18,12-04-2024,Delivered,786
1221,1088,10,06-05-2024,Pending,4561
1222,255,9,03-06-2024,Pending,4441
1223,2347,16,19-03-2024,Pending,2694
1224,1780,16,07-09-2024,Delivered,3289
1225,3987,20,30-01-2024,Pending,2982
1226,645,1,20-10-2024,Shipped,1860
1227,847,19,07-04-2024,Canceled,2982
1228,2183,12,22-06-2024,Canceled,4142
1229,927,7,21-09-2024,Pending,4060
1230,432,10,17-08-2024,Canceled,3905
1231,1618,13,03-06-2024,Canceled,219
1232,535,3,10-02-2024,Shipped,2180
1233,2967,1,24-10-2024,Delivered,3224
1234,64,16,10-03-2024,Canceled,3141
1235,89,6,12-06-2024,Delivered,872
1236,2219,8,10-05-2024,Shipped,4805
1237,4317,2,20-01-2024,Delivered,4854
1238,1086,7,23-07-2024,Pending,4386
1239,2226,7,26-07-2024,Shipped,1234
1240,381,17,03-10-2024,Pending,4755
1241,2767,18,24-08-2024,Delivered,2179
1242,2328,10,23-08-2024,Shipped,3907
1243,3787,18,07-07-2024,Shipped,662
1244,1083,15,19-05-2024,Shipped,4651
1245,1121,9,10-05-2024,Pending,466
1246,1435,15,15-07-2024,Delivered,1186
1247,4703,7,04-05-2024,Canceled,1171
1248,2021,16,16-03-2024,Shipped,2536
1249,4487,16,02-07-2024,Pending,1571
1250,4536,3,17-08-2024,Pending,4825
1251,3959,2,21-08-2024,Pending,1980
1252,123,16,15-09-2024,Canceled,402
1253,1445,12,04-07-2024,Canceled,4800
1254,2173,1,28-07-2024,Delivered,3906
1255,88,20,17-07-2024,Canceled,4641
1256,4706,7,01-02-2024,Delivered,2545
1257,193,13,14-06-2024,Shipped,591
1258,2124,8,03-10-2024,Shipped,2218
1259,4549,20,11-06-2024,Delivered,2595
1260,890,11,18-07-2024,Delivered,615
1261,4870,8,03-09-2024,Delivered,2466
1262,3460,9,17-01-2024,Pending,3006
1263,804,19,30-08-2024,Canceled,2490
1264,2094,20,06-06-2024,Shipped,3251
1265,2034,18,08-05-2024,Pending,2250
1266,1773,1,31-01-2024,Delivered,2794
1267,2498,13,10-02-2024,Shipped,3095
1268,2265,14,11-08-2024,Canceled,4341
1269,2623,14,01-08-2024,Canceled,4819
1270,2628,5,18-10-2024,Shipped,3949
1271,4144,3,16-07-2024,Canceled,4005
1272,748,5,03-08-2024,Delivered,859
1273,4239,13,21-06-2024,Delivered,2482
1274,2975,17,21-04-2024,Canceled,1346
1275,148,16,07-09-2024,Delivered,4192
1276,1268,20,27-04-2024,Pending,997
1277,814,1,30-09-2024,Canceled,3969
1278,1462,15,03-07-2024,Canceled,914
1279,129,16,16-03-2024,Shipped,373
1280,4661,8,03-11-2024,Canceled,662
1281,814,11,11-03-2024,Canceled,1743
1282,3677,11,02-02-2024,Pending,753
1283,2615,8,03-07-2024,Pending,4036
1284,3226,6,05-09-2024,Pending,2295
1285,1693,20,24-06-2024,Delivered,3206
1286,4669,4,16-07-2024,Shipped,4638
1287,4431,18,23-10-2024,Pending,4078
1288,1849,2,05-05-2024,Delivered,3510
1289,1842,1,23-04-2024,Pending,3891
1290,2792,5,03-05-2024,Delivered,3316
1291,4880,12,28-06-2024,Pending,68
1292,745,8,20-04-2024,Pending,2698
1293,4793,4,04-07-2024,Shipped,3603
1294,1580,7,21-09-2024,Delivered,60
1295,2947,5,28-06-2024,Pending,4826
1296,4389,16,10-01-2024,Shipped,1347
1297,570,19,03-06-2024,Shipped,999
1298,2937,7,16-01-2024,Pending,4235
1299,3752,12,21-07-2024,Canceled,2875
1300,1305,9,25-10-2024,Pending,4665
1301,1448,15,04-09-2024,Shipped,1400
1302,1374,4,04-11-2024,Shipped,3016
1303,2397,3,12-05-2024,Pending,2792
1304,2348,13,13-10-2024,Canceled,819
1305,174,5,11-05-2024,Shipped,1311
1306,1478,13,02-08-2024,Pending,3129
1307,3392,4,07-10-2024,Delivered,1184
1308,3085,11,16-07-2024,Delivered,3153
1309,1698,3,17-09-2024,Shipped,3035
1310,1514,6,15-03-2024,Shipped,147
1311,4353,19,01-05-2024,Shipped,2375
1312,3484,12,28-07-2024,Delivered,211
1313,539,12,03-11-2024,Canceled,3214
1314,3215,4,24-05-2024,Pending,2357
1315,1985,16,09-06-2024,Pending,438
1316,104,12,20-04-2024,Delivered,4639
1317,850,9,19-10-2024,Shipped,1549
1318,1712,6,06-10-2024,Pending,2371
1319,2755,9,30-03-2024,Shipped,3169
1320,4626,10,05-03-2024,Delivered,3792
1321,2546,19,30-06-2024,Canceled,4076
1322,3332,8,01-10-2024,Pending,4225
1323,14,11,21-05-2024,Pending,928
1324,4274,1,29-04-2024,Canceled,79
1325,3615,4,01-02-2024,Pending,2689
1326,589,13,28-01-2024,Pending,4514
1327,4572,7,08-10-2024,Canceled,4006
1328,4100,7,04-05-2024,Pending,2657
1329,4174,1,14-06-2024,Delivered,2261
1330,4870,15,21-05-2024,Pending,2325
1331,2014,7,28-02-2024,Canceled,3826
1332,3022,8,02-07-2024,Shipped,1441
1333,391,1,25-06-2024,Pending,2115
1334,2703,2,20-01-2024,Delivered,365
1335,2860,8,02-02-2024,Pending,166
1336,4504,4,06-09-2024,Pending,422
1337,2213,5,13-05-2024,Pending,231
1338,1579,18,28-05-2024,Delivered,3983
1339,3275,20,03-03-2024,Canceled,3032
1340,340,4,31-05-2024,Canceled,1760
1341,1775,8,04-06-2024,Delivered,3915
1342,1845,3,20-10-2024,Shipped,4099
1343,2394,16,30-08-2024,Canceled,3103
1344,3005,2,07-08-2024,Canceled,2149
1345,4287,6,27-07-2024,Canceled,1517
1346,1641,11,01-02-2024,Canceled,3058
1347,2148,6,28-07-2024,Shipped,3270
1348,692,15,23-01-2024,Canceled,474
1349,1681,1,22-05-2024,Pending,1477
1350,2709,2,18-02-2024,Pending,1245
1351,4223,14,23-06-2024,Shipped,4770
1352,1049,8,16-08-2024,Pending,3517
1353,698,1,28-02-2024,Canceled,3571
1354,2934,16,11-01-2024,Pending,1981
1355,4755,16,18-01-2024,Pending,2263
1356,931,16,04-08-2024,Delivered,160
1357,2689,5,06-05-2024,Pending,3569
1358,976,3,08-04-2024,Canceled,1168
1359,1797,3,03-06-2024,Delivered,3574
1360,641,16,02-04-2024,Pending,4279
1361,827,16,09-02-2024,Shipped,3412
1362,579,17,13-06-2024,Delivered,975
1363,3381,14,06-10-2024,Delivered,92
1364,654,11,22-10-2024,Pending,2806
1365,3914,1,26-10-2024,Canceled,4728
1366,4122,14,17-04-2024,Pending,4011
1367,1420,13,04-10-2024,Delivered,1392
1368,3749,10,07-06-2024,Canceled,4671
1369,2158,3,16-01-2024,Canceled,4068
1370,4310,6,04-06-2024,Canceled,3262
1371,3896,5,23-09-2024,Pending,2853
1372,2751,9,05-06-2024,Canceled,1328
1373,4854,9,03-09-2024,Pending,4848
1374,751,15,30-04-2024,Shipped,1884
1375,506,2,07-08-2024,Pending,3862
1376,2538,8,29-10-2024,Pending,3603
1377,2761,1,19-03-2024,Delivered,3858
1378,1549,5,03-03-2024,Canceled,3840
1379,3953,5,02-04-2024,Canceled,1558
1380,1800,8,07-07-2024,Delivered,3899
1381,952,17,09-05-2024,Pending,2709
1382,1248,10,07-05-2024,Pending,1724
1383,172,19,26-09-2024,Shipped,1473
1384,2963,13,28-07-2024,Delivered,1789
1385,3650,5,22-03-2024,Delivered,2261
1386,2965,17,19-07-2024,Canceled,3179
1387,2270,18,21-07-2024,Shipped,3441
1388,2657,18,19-03-2024,Pending,4466
1389,2137,2,08-10-2024,Canceled,3445
1390,938,13,07-11-2024,Pending,2473
1391,3252,6,28-03-2024,Shipped,562
1392,3358,19,29-03-2024,Canceled,3136
1393,387,14,10-09-2024,Pending,4822
1394,2608,10,04-02-2024,Shipped,3090
1395,1866,6,12-04-2024,Canceled,1720
1396,2891,8,13-08-2024,Shipped,1553
1397,699,19,06-04-2024,Canceled,846
1398,1757,16,09-09-2024,Shipped,2470
1399,4017,5,01-03-2024,Canceled,1686
1400,3208,4,18-05-2024,Shipped,3618
1401,4660,3,20-04-2024,Pending,1739
1402,4324,15,17-07-2024,Pending,823
1403,1886,4,06-05-2024,Delivered,922
1404,2843,18,12-08-2024,Pending,2617
1405,1128,20,23-09-2024,Canceled,2156
1406,3533,5,04-03-2024,Pending,309
1407,557,10,13-07-2024,Delivered,101
1408,2595,5,07-11-2024,Shipped,1800
1409,3172,1,01-09-2024,Canceled,1040
1410,2960,10,08-03-2024,Shipped,4803
1411,4948,18,16-10-2024,Delivered,405
1412,2051,12,04-01-2024,Delivered,2078
1413,3788,20,01-06-2024,Canceled,672
1414,1517,9,15-06-2024,Pending,1939
1415,4571,17,17-06-2024,Pending,2899
1416,3791,3,05-05-2024,Delivered,4977
1417,2962,15,21-03-2024,Shipped,4154
1418,2405,3,10-04-2024,Canceled,3405
1419,2846,13,13-07-2024,Canceled,2259
1420,4281,1,25-08-2024,Canceled,805
1421,1431,11,23-06-2024,Canceled,309
1422,3953,12,28-09-2024,Canceled,3202
1423,3372,6,25-10-2024,Pending,4365
1424,2328,17,04-02-2024,Delivered,2216
1425,4906,9,14-01-2024,Canceled,3884
1426,3345,15,08-08-2024,Delivered,4223
1427,154,2,09-01-2024,Delivered,3794
1428,1663,16,09-01-2024,Pending,1154
1429,3847,5,28-02-2024,Shipped,1448
1430,3258,1,27-07-2024,Canceled,2491
1431,1046,15,02-02-2024,Pending,3688
1432,1487,3,01-01-2024,Pending,3137
1433,4013,9,16-01-2024,Shipped,2891
1434,208,17,08-01-2024,Delivered,4103
1435,3902,13,20-03-2024,Pending,2535
1436,4777,2,06-03-2024,Shipped,2255
1437,4658,15,17-10-2024,Shipped,665
1438,2321,17,11-06-2024,Pending,2373
1439,1641,11,04-06-2024,Pending,2022
1440,3689,1,07-06-2024,Shipped,4520
1441,2640,14,04-02-2024,Canceled,3696
1442,3345,13,30-06-2024,Pending,8
1443,3325,11,05-08-2024,Shipped,729
1444,4814,18,06-01-2024,Pending,2036
1445,2753,10,16-07-2024,Pending,1415
1446,1449,18,05-10-2024,Delivered,1882
1447,1468,18,17-07-2024,Shipped,104
1448,2919,12,06-06-2024,Canceled,2720
1449,2848,18,05-11-2024,Delivered,1508
1450,4407,18,09-04-2024,Pending,2015
1451,2813,8,29-04-2024,Delivered,2698
1452,4552,18,26-09-2024,Pending,1855
1453,2770,7,30-08-2024,Pending,492
1454,4703,5,30-09-2024,Pending,4263
1455,1498,11,13-08-2024,Shipped,4865
1456,4585,14,27-01-2024,Delivered,2130
1457,2824,12,01-06-2024,Pending,2190
1458,1927,17,25-02-2024,Canceled,2805
1459,3881,9,10-07-2024,Canceled,3463
1460,3379,12,26-09-2024,Canceled,1845
1461,2199,10,07-07-2024,Delivered,145
1462,1544,20,29-10-2024,Delivered,3266
1463,3905,10,09-06-2024,Shipped,926
1464,3661,3,14-05-2024,Delivered,2180
1465,4079,1,02-01-2024,Delivered,1062
1466,1729,9,27-02-2024,Canceled,4922
1467,1729,16,11-10-2024,Shipped,159
1468,2434,15,24-08-2024,Pending,4052
1469,1457,16,23-10-2024,Shipped,4
1470,1362,7,24-04-2024,Pending,1666
1471,4549,17,23-10-2024,Delivered,2316
1472,4538,3,03-03-2024,Pending,4241
1473,985,1,17-05-2024,Shipped,2746
1474,4409,7,25-01-2024,Canceled,3202
1475,778,20,21-10-2024,Delivered,4934
1476,3071,11,03-02-2024,Delivered,3793
1477,1342,8,29-02-2024,Delivered,4365
1478,3679,6,21-02-2024,Canceled,4
1479,1138,14,10-08-2024,Delivered,2334
1480,1583,17,15-02-2024,Shipped,2904
1481,2557,19,20-05-2024,Pending,4720
1482,4693,15,19-03-2024,Canceled,1886
1483,1581,2,23-05-2024,Canceled,419
1484,4689,13,19-03-2024,Canceled,2717
1485,818,8,26-06-2024,Shipped,254
1486,241,2,07-05-2024,Pending,4956
1487,4358,15,15-08-2024,Canceled,1863
1488,1106,16,01-03-2024,Canceled,2431
1489,965,4,05-07-2024,Pending,3439
1490,355,4,29-01-2024,Pending,2097
1491,1610,6,18-08-2024,Pending,382
1492,2995,14,29-06-2024,Pending,950
1493,733,17,02-06-2024,Canceled,1806
1494,3765,20,16-10-2024,Pending,4338
1495,629,17,02-06-2024,Shipped,4476
1496,1973,13,15-02-2024,Pending,2349
1497,4799,3,26-05-2024,Pending,1587
1498,51,9,05-03-2024,Pending,4094
1499,1095,2,22-04-2024,Canceled,1375
1500,3716,19,22-02-2024,Shipped,3606
1501,1734,2,23-08-2024,Delivered,2773
1502,4634,17,19-10-2024,Shipped,2437
1503,3332,17,01-11-2024,Canceled,1830
1504,2791,20,14-03-2024,Delivered,1227
1505,4826,10,23-03-2024,Canceled,4543
1506,2483,8,25-07-2024,Pending,2292
1507,1880,6,10-01-2024,Canceled,83
1508,1373,1,12-02-2024,Canceled,2160
1509,2007,14,16-09-2024,Pending,4663
1510,1205,16,19-01-2024,Shipped,4295
1511,4247,3,23-10-2024,Canceled,1220
1512,2222,6,18-10-2024,Delivered,4696
1513,3173,17,03-07-2024,Pending,4538
1514,603,10,21-09-2024,Shipped,1628
1515,613,20,18-01-2024,Pending,4472
1516,2575,19,14-02-2024,Delivered,3473
1517,4360,15,19-06-2024,Shipped,564
1518,1066,13,28-06-2024,Canceled,1247
1519,1659,19,20-10-2024,Canceled,929
1520,1235,10,24-04-2024,Delivered,3025
1521,1517,5,29-04-2024,Delivered,4630
1522,4666,1,02-06-2024,Shipped,2314
1523,4212,9,08-01-2024,Shipped,2985
1524,3745,1,28-07-2024,Delivered,3669
1525,3871,5,26-03-2024,Pending,4715
1526,188,18,24-04-2024,Delivered,3940
1527,4616,17,05-08-2024,Pending,4117
1528,4600,14,25-05-2024,Canceled,1874
1529,4875,14,13-04-2024,Pending,143
1530,887,8,11-08-2024,Shipped,1229
1531,1517,1,15-02-2024,Pending,3515
1532,1493,5,08-07-2024,Pending,1637
1533,3133,14,15-10-2024,Canceled,1338
1534,803,11,05-05-2024,Shipped,4027
1535,1233,15,04-01-2024,Pending,1655
1536,568,18,26-06-2024,Shipped,1745
1537,1360,11,31-07-2024,Pending,1759
1538,4004,7,21-10-2024,Delivered,2512
1539,4479,9,19-03-2024,Pending,2386
1540,2202,20,06-02-2024,Pending,845
1541,4399,16,21-02-2024,Delivered,3865
1542,4189,9,20-03-2024,Canceled,2215
1543,3948,5,27-03-2024,Canceled,1596
1544,164,6,14-02-2024,Pending,1136
1545,4101,9,03-05-2024,Delivered,2908
1546,4246,8,22-09-2024,Shipped,679
1547,1370,4,28-03-2024,Shipped,4673
1548,3150,14,15-04-2024,Pending,3383
1549,2803,4,20-08-2024,Pending,3199
1550,4671,20,12-07-2024,Delivered,2669
1551,3905,13,26-05-2024,Delivered,2503
1552,294,3,08-03-2024,Canceled,383
1553,1163,2,10-02-2024,Pending,1007
1554,2337,17,09-07-2024,Delivered,357
1555,3552,9,21-04-2024,Pending,4661
1556,600,1,28-01-2024,Shipped,3154
1557,4495,15,04-09-2024,Canceled,1437
1558,4845,2,12-01-2024,Delivered,2717
1559,1645,8,19-10-2024,Delivered,4341
1560,1410,16,04-09-2024,Shipped,16
1561,3328,20,26-03-2024,Delivered,3158
1562,179,12,24-06-2024,Shipped,2519
1563,3835,18,15-05-2024,Shipped,1199
1564,4947,12,10-02-2024,Pending,4178
1565,132,4,25-04-2024,Shipped,79
1566,542,19,11-02-2024,Pending,2672
1567,2714,6,27-05-2024,Pending,2835
1568,4584,6,18-04-2024,Pending,1915
1569,4280,8,05-08-2024,Pending,3671
1570,688,11,11-10-2024,Delivered,4628
1571,3626,11,13-10-2024,Canceled,97
1572,4777,14,07-06-2024,Shipped,3168
1573,2785,5,26-09-2024,Canceled,3490
1574,646,20,29-05-2024,Delivered,2546
1575,3342,19,24-07-2024,Canceled,995
1576,3727,20,23-09-2024,Pending,2149
1577,1789,12,12-08-2024,Pending,361
1578,3287,1,05-08-2024,Pending,3755
1579,4420,13,13-03-2024,Pending,2841
1580,2827,11,14-03-2024,Shipped,809
1581,4690,5,24-08-2024,Canceled,2272
1582,805,6,05-10-2024,Pending,546
1583,1065,10,25-06-2024,Delivered,3646
1584,4736,12,18-09-2024,Canceled,414
1585,1476,7,15-03-2024,Pending,1297
1586,4917,18,08-09-2024,Shipped,159
1587,3513,16,20-02-2024,Canceled,1488
1588,3470,3,21-06-2024,Pending,3812
1589,1451,4,24-07-2024,Delivered,4492
1590,3187,16,01-06-2024,Canceled,3404
1591,2243,7,13-01-2024,Delivered,3097
1592,4877,18,02-03-2024,Shipped,3127
1593,1206,3,23-07-2024,Delivered,465
1594,553,19,22-04-2024,Delivered,4590
1595,4104,19,27-09-2024,Pending,4215
1596,3156,14,30-08-2024,Delivered,864
1597,1355,12,29-10-2024,Shipped,3692
1598,4651,12,09-06-2024,Pending,952
1599,1271,12,24-03-2024,Pending,1613
1600,2966,12,19-05-2024,Canceled,4734
1601,3862,15,22-05-2024,Shipped,143
1602,2535,5,18-05-2024,Pending,1010
1603,807,9,11-09-2024,Pending,3373
1604,3094,11,15-09-2024,Shipped,2268
1605,1682,5,07-01-2024,Shipped,4153
1606,2942,14,27-01-2024,Pending,2965
1607,2781,4,24-02-2024,Pending,3264
1608,3215,2,26-01-2024,Canceled,4076
1609,4171,8,12-09-2024,Shipped,2296
1610,4929,14,21-08-2024,Pending,2890
1611,725,11,17-09-2024,Canceled,3653
1612,2010,14,07-11-2024,Pending,4242
1613,4442,18,08-08-2024,Delivered,4321
1614,2172,10,01-02-2024,Delivered,1504
1615,1223,2,11-04-2024,Pending,4952
1616,1402,19,19-09-2024,Pending,4125
1617,3094,11,17-08-2024,Pending,1996
1618,3857,7,04-10-2024,Shipped,3031
1619,299,5,17-08-2024,Delivered,2806
1620,911,18,15-05-2024,Canceled,4286
1621,1545,13,20-02-2024,Canceled,224
1622,2146,9,04-05-2024,Shipped,1790
1623,3105,1,15-03-2024,Canceled,4227
1624,818,10,10-05-2024,Canceled,3299
1625,1892,12,11-08-2024,Delivered,682
1626,3715,10,21-05-2024,Pending,2977
1627,4773,5,01-04-2024,Pending,4385
1628,1549,13,03-01-2024,Shipped,3397
1629,1120,11,02-02-2024,Pending,3078
1630,2612,2,27-10-2024,Pending,2714
1631,3558,10,10-08-2024,Delivered,4615
1632,4166,9,30-05-2024,Delivered,830
1633,4305,12,21-05-2024,Pending,1797
1634,828,8,15-04-2024,Delivered,3879
1635,3026,16,09-08-2024,Canceled,4312
1636,3664,8,10-10-2024,Shipped,2735
1637,4335,11,08-07-2024,Delivered,1339
1638,2039,19,23-01-2024,Delivered,1233
1639,4146,16,10-05-2024,Pending,4145
1640,3645,13,03-11-2024,Shipped,3826
1641,443,1,30-08-2024,Canceled,4575
1642,2418,8,22-04-2024,Canceled,583
1643,4728,13,09-04-2024,Pending,4024
1644,653,18,20-05-2024,Delivered,4702
1645,173,18,20-09-2024,Delivered,3583
1646,844,19,14-09-2024,Delivered,1752
1647,4121,14,16-08-2024,Shipped,3851
1648,1845,8,08-08-2024,Pending,970
1649,2063,9,08-02-2024,Delivered,1973
1650,2400,11,10-04-2024,Shipped,3150
1651,2524,10,01-05-2024,Pending,317
1652,2271,9,27-02-2024,Shipped,1813
1653,1151,12,26-10-2024,Shipped,3043
1654,4410,15,28-01-2024,Delivered,1055
1655,1562,1,02-01-2024,Delivered,2517
1656,193,13,23-02-2024,Canceled,2276
1657,1669,20,15-01-2024,Delivered,1383
1658,2616,15,05-09-2024,Delivered,3437
1659,2134,11,22-10-2024,Canceled,4818
1660,3911,18,20-03-2024,Pending,2187
1661,575,2,14-07-2024,Canceled,2629
1662,1718,8,30-07-2024,Canceled,915
1663,3423,14,15-09-2024,Shipped,620
1664,3683,12,03-07-2024,Shipped,3810
1665,3102,10,01-01-2024,Canceled,270
1666,2168,6,02-09-2024,Delivered,4364
1667,536,7,24-06-2024,Pending,2775
1668,4095,9,29-01-2024,Canceled,4527
1669,441,9,05-04-2024,Canceled,4617
1670,748,6,16-10-2024,Canceled,4901
1671,3795,16,03-09-2024,Delivered,2649
1672,2108,11,15-06-2024,Delivered,867
1673,4972,1,09-01-2024,Shipped,875
1674,2116,11,21-04-2024,Canceled,4219
1675,4371,18,21-02-2024,Pending,3328
1676,4347,10,26-01-2024,Pending,2161
1677,2643,20,24-02-2024,Canceled,1805
1678,673,18,08-02-2024,Canceled,294
1679,4499,8,08-11-2024,Shipped,1458
1680,4315,6,03-01-2024,Canceled,694
1681,1787,9,14-01-2024,Pending,2723
1682,1662,8,21-04-2024,Delivered,2472
1683,3411,11,07-06-2024,Delivered,1486
1684,2316,11,29-07-2024,Pending,1638
1685,774,14,07-07-2024,Delivered,285
1686,2239,2,24-08-2024,Pending,4044
1687,2199,13,02-07-2024,Shipped,4417
1688,2220,20,17-05-2024,Canceled,2447
1689,4512,5,26-02-2024,Pending,491
1690,510,16,01-02-2024,Pending,3171
1691,4539,14,16-01-2024,Canceled,772
1692,1448,11,24-01-2024,Delivered,4338
1693,4580,13,23-07-2024,Pending,4467
1694,4257,8,20-04-2024,Delivered,2584
1695,3549,18,02-08-2024,Shipped,2484
1696,382,9,16-06-2024,Shipped,4120
1697,2650,9,01-05-2024,Pending,66
1698,1829,7,26-04-2024,Delivered,4947
1699,195,9,09-03-2024,Canceled,575
1700,2547,15,14-05-2024,Pending,309
1701,1356,18,20-09-2024,Shipped,4016
1702,3729,9,08-05-2024,Canceled,1228
1703,1008,3,01-10-2024,Canceled,58
1704,2134,12,17-06-2024,Delivered,3511
1705,2891,8,30-09-2024,Pending,2566
1706,873,10,19-07-2024,Canceled,3355
1707,264,6,29-05-2024,Canceled,1381
1708,613,17,25-02-2024,Canceled,2635
1709,103,19,11-03-2024,Shipped,3531
1710,3057,14,05-03-2024,Canceled,1940
1711,2081,10,27-08-2024,Shipped,376
1712,1749,19,22-01-2024,Shipped,2322
1713,2528,2,16-10-2024,Shipped,2916
1714,2249,17,06-09-2024,Delivered,4457
1715,3050,12,05-05-2024,Pending,1685
1716,599,1,13-04-2024,Pending,2255
1717,219,1,19-04-2024,Delivered,4617
1718,2114,16,06-02-2024,Shipped,1432
1719,3201,8,27-06-2024,Delivered,1665
1720,1434,15,04-02-2024,Canceled,2804
1721,1305,7,07-01-2024,Canceled,2101
1722,986,1,14-05-2024,Delivered,2344
1723,795,14,28-05-2024,Canceled,3714
1724,1591,20,12-07-2024,Canceled,4246
1725,4380,13,24-03-2024,Delivered,4670
1726,1551,10,21-08-2024,Shipped,480
1727,734,10,11-10-2024,Shipped,4069
1728,1551,5,25-02-2024,Canceled,2120
1729,4862,16,28-08-2024,Delivered,1129
1730,4613,1,25-03-2024,Pending,1489
1731,3122,14,28-09-2024,Delivered,2336
1732,2639,8,07-09-2024,Pending,1406
1733,2267,8,08-06-2024,Delivered,281
1734,4272,7,19-10-2024,Pending,2340
1735,2725,7,10-08-2024,Delivered,929
1736,1545,4,13-01-2024,Canceled,2851
1737,1113,7,29-06-2024,Delivered,2523
1738,1751,16,04-01-2024,Pending,4573
1739,4937,9,27-05-2024,Shipped,4746
1740,3778,3,07-04-2024,Shipped,1385
1741,3323,5,20-09-2024,Shipped,4161
1742,2465,8,19-07-2024,Canceled,1148
1743,244,10,07-09-2024,Canceled,3541
1744,308,16,10-07-2024,Delivered,2052
1745,3274,8,25-02-2024,Delivered,3881
1746,1059,14,04-10-2024,Shipped,2184
1747,4568,4,03-04-2024,Shipped,3382
1748,4915,19,09-05-2024,Delivered,4797
1749,1224,19,21-10-2024,Delivered,1804
1750,4004,18,22-07-2024,Canceled,618
1751,4613,16,28-10-2024,Shipped,4355
1752,426,2,29-10-2024,Shipped,220
1753,2087,20,21-10-2024,Delivered,4987
1754,1654,5,10-10-2024,Delivered,3295
1755,61,18,13-03-2024,Canceled,1245
1756,2558,17,06-08-2024,Shipped,3396
1757,1701,10,02-09-2024,Pending,3668
1758,3960,16,11-08-2024,Delivered,4029
1759,2694,5,16-09-2024,Pending,413
1760,4380,13,13-09-2024,Shipped,143
1761,405,4,09-05-2024,Delivered,3762
1762,4968,20,02-02-2024,Delivered,3085
1763,1819,17,28-06-2024,Canceled,2283
1764,485,14,21-05-2024,Canceled,2256
1765,2394,17,03-09-2024,Delivered,1772
1766,3953,8,23-02-2024,Shipped,1661
1767,297,20,22-01-2024,Pending,926
1768,1534,17,28-04-2024,Pending,1679
1769,3414,2,29-06-2024,Canceled,2514
1770,391,5,06-07-2024,Pending,3237
1771,135,14,10-01-2024,Canceled,4361
1772,1305,2,16-01-2024,Delivered,2580
1773,1011,14,28-04-2024,Delivered,3091
1774,4386,18,21-07-2024,Canceled,1219
1775,738,1,16-03-2024,Pending,1578
1776,4149,9,27-09-2024,Shipped,429
1777,227,9,03-01-2024,Shipped,2431
1778,1481,9,23-09-2024,Canceled,1029
1779,564,6,22-06-2024,Canceled,937
1780,3803,19,31-05-2024,Canceled,2943
1781,75,12,20-02-2024,Canceled,4147
1782,3686,6,28-06-2024,Shipped,4641
1783,212,14,06-04-2024,Canceled,501
1784,1032,2,07-03-2024,Pending,62
1785,1040,13,20-05-2024,Shipped,3036
1786,1399,11,13-05-2024,Pending,718
1787,118,4,23-03-2024,Canceled,852
1788,4226,11,31-07-2024,Shipped,957
1789,2751,8,02-03-2024,Delivered,3617
1790,4516,11,27-06-2024,Delivered,4174
1791,1128,10,10-10-2024,Shipped,498
1792,4373,4,29-04-2024,Canceled,1187
1793,389,10,24-03-2024,Shipped,2729
1794,4791,2,04-08-2024,Canceled,722
1795,922,16,31-03-2024,Canceled,1679
1796,1072,11,01-03-2024,Canceled,1657
1797,3497,15,27-09-2024,Shipped,3187
1798,1286,3,02-06-2024,Pending,683
1799,1552,6,23-10-2024,Delivered,3939
1800,3301,7,05-11-2024,Pending,2534
1801,2929,5,03-03-2024,Delivered,4170
1802,2913,8,19-02-2024,Shipped,273
1803,2718,12,10-05-2024,Pending,1795
1804,3468,14,23-01-2024,Pending,1521
1805,1019,15,14-06-2024,Canceled,1483
1806,512,5,31-10-2024,Canceled,511
1807,1589,3,21-03-2024,Canceled,2003
1808,2631,5,28-04-2024,Shipped,3134
1809,1911,9,24-07-2024,Delivered,3495
1810,3354,16,22-03-2024,Shipped,965
1811,4052,18,25-06-2024,Shipped,1487
1812,3168,18,01-04-2024,Shipped,3367
1813,825,4,16-10-2024,Shipped,1578
1814,1681,13,21-09-2024,Delivered,2757
1815,4896,9,14-10-2024,Delivered,540
1816,4175,14,23-02-2024,Delivered,4875
1817,4938,16,31-03-2024,Pending,617
1818,819,19,02-01-2024,Delivered,1757
1819,1498,5,28-01-2024,Delivered,4826
1820,3728,16,11-04-2024,Canceled,2113
1821,2516,16,08-06-2024,Shipped,1163
1822,4146,1,09-04-2024,Delivered,682
1823,2917,19,13-06-2024,Shipped,2504
1824,2001,20,06-07-2024,Delivered,4259
1825,364,17,21-05-2024,Delivered,1793
1826,2820,5,29-10-2024,Canceled,4467
1827,4279,10,12-01-2024,Pending,1255
1828,1107,18,06-04-2024,Pending,3992
1829,4766,16,24-07-2024,Shipped,3986
1830,492,2,22-01-2024,Canceled,438
1831,2427,19,04-11-2024,Delivered,45
1832,544,11,21-08-2024,Shipped,2568
1833,3984,19,06-05-2024,Canceled,4140
1834,3772,5,14-10-2024,Canceled,953
1835,2989,14,24-04-2024,Shipped,4613
1836,264,3,03-02-2024,Delivered,4696
1837,81,16,29-07-2024,Shipped,2269
1838,3364,4,02-05-2024,Delivered,2441
1839,2865,8,26-09-2024,Delivered,2293
1840,2063,3,05-03-2024,Canceled,3571
1841,2007,1,24-01-2024,Pending,210
1842,4340,7,23-03-2024,Canceled,2768
1843,295,10,15-08-2024,Delivered,1660
1844,2347,13,11-07-2024,Shipped,4053
1845,1651,9,10-02-2024,Delivered,392
1846,643,16,17-01-2024,Canceled,2901
1847,3051,1,16-02-2024,Shipped,773
1848,2536,20,25-09-2024,Shipped,2933
1849,949,11,08-01-2024,Delivered,2618
1850,1099,16,17-04-2024,Delivered,4677
1851,4138,13,20-10-2024,Pending,4868
1852,4113,20,15-04-2024,Shipped,2795
1853,4935,4,25-03-2024,Pending,2891
1854,4461,15,25-03-2024,Pending,2030
1855,1224,12,14-01-2024,Canceled,2072
1856,864,5,21-05-2024,Canceled,3298
1857,1447,18,23-10-2024,Canceled,1768
1858,2074,8,17-01-2024,Canceled,633
1859,1500,1,14-08-2024,Shipped,2342
1860,1260,4,28-07-2024,Shipped,919
1861,2291,15,21-01-2024,Shipped,3007
1862,381,5,13-08-2024,Pending,1711
1863,1627,7,16-08-2024,Canceled,327
1864,135,14,07-11-2024,Pending,2297
1865,2539,20,03-04-2024,Pending,2045
1866,2467,17,08-04-2024,Delivered,4773
1867,4025,19,16-01-2024,Pending,2944
1868,3280,1,14-09-2024,Canceled,410
1869,605,18,13-08-2024,Delivered,880
1870,4154,14,07-06-2024,Delivered,4798
1871,2344,2,27-09-2024,Pending,2510
1872,49,9,08-01-2024,Pending,3419
1873,523,13,22-01-2024,Delivered,69
1874,3557,12,10-10-2024,Shipped,4884
1875,669,8,24-07-2024,Pending,4429
1876,3197,15,05-07-2024,Delivered,3434
1877,4554,7,05-06-2024,Canceled,1124
1878,4949,16,14-07-2024,Canceled,3496
1879,4326,5,23-04-2024,Pending,1710
1880,3691,11,16-09-2024,Delivered,715
1881,1421,5,23-07-2024,Canceled,164
1882,4689,19,01-06-2024,Delivered,930
1883,3573,7,25-05-2024,Delivered,2284
1884,4660,3,07-05-2024,Delivered,3382
1885,3601,16,21-07-2024,Delivered,4114
1886,2052,1,17-09-2024,Delivered,3232
1887,1886,15,27-04-2024,Delivered,3770
1888,4061,16,01-03-2024,Delivered,2890
1889,1197,4,04-03-2024,Pending,4810
1890,907,11,16-05-2024,Shipped,489
1891,4870,8,12-03-2024,Canceled,1312
1892,1890,12,29-06-2024,Canceled,796
1893,2316,5,19-06-2024,Canceled,3701
1894,2602,20,31-05-2024,Delivered,2390
1895,402,14,21-07-2024,Delivered,598
1896,1279,15,16-05-2024,Shipped,997
1897,168,5,30-06-2024,Delivered,4383
1898,1771,2,10-05-2024,Canceled,1276
1899,3237,17,22-05-2024,Delivered,2936
1900,1028,11,26-09-2024,Pending,4017
1901,2279,2,17-06-2024,Pending,2171
1902,4904,10,25-10-2024,Canceled,3210
1903,3907,7,23-04-2024,Shipped,663
1904,1240,2,01-05-2024,Shipped,2979
1905,212,6,24-02-2024,Pending,742
1906,3698,4,13-08-2024,Shipped,2237
1907,1847,12,09-03-2024,Canceled,1008
1908,1863,7,10-07-2024,Shipped,1764
1909,1730,12,10-07-2024,Pending,1643
1910,2308,2,12-05-2024,Delivered,2918
1911,4031,2,09-01-2024,Delivered,3433
1912,3590,13,03-02-2024,Shipped,4731
1913,1238,7,22-08-2024,Delivered,4255
1914,1280,1,22-03-2024,Pending,2057
1915,4738,9,26-02-2024,Pending,3600
1916,2621,1,08-11-2024,Delivered,592
1917,4938,14,19-05-2024,Shipped,2591
1918,1798,4,20-02-2024,Pending,140
1919,3547,17,01-10-2024,Shipped,1742
1920,733,13,07-06-2024,Shipped,991
1921,678,17,20-06-2024,Shipped,3064
1922,3027,13,01-05-2024,Delivered,612
1923,2062,12,24-08-2024,Delivered,1648
1924,3717,8,18-04-2024,Delivered,3820
1925,3790,17,23-02-2024,Shipped,2896
1926,1507,10,13-03-2024,Delivered,3180
1927,3958,11,23-10-2024,Pending,2805
1928,2395,9,08-03-2024,Canceled,2828
1929,909,3,05-02-2024,Shipped,3222
1930,4599,17,13-06-2024,Pending,318
1931,2364,5,29-05-2024,Canceled,881
1932,505,7,23-01-2024,Canceled,77
1933,1589,14,26-08-2024,Pending,3332
1934,3673,1,17-05-2024,Canceled,1454
1935,2028,17,08-03-2024,Shipped,2769
1936,4750,20,15-03-2024,Shipped,1232
1937,3119,13,16-07-2024,Canceled,3369
1938,2720,20,03-11-2024,Shipped,2372
1939,647,1,09-02-2024,Canceled,4076
1940,2225,16,16-04-2024,Pending,2408
1941,1888,2,24-08-2024,Delivered,2067
1942,3238,13,31-07-2024,Delivered,1157
1943,4658,12,23-06-2024,Canceled,918
1944,760,11,30-01-2024,Delivered,3643
1945,3029,19,24-09-2024,Pending,4616
1946,4637,11,21-04-2024,Canceled,4627
1947,1446,19,11-03-2024,Canceled,3582
1948,2439,15,16-10-2024,Pending,554
1949,2818,1,09-01-2024,Canceled,4806
1950,3401,18,10-10-2024,Canceled,4831
1951,3156,11,29-09-2024,Delivered,1563
1952,1253,1,27-03-2024,Delivered,841
1953,1803,1,15-09-2024,Canceled,1857
1954,3332,16,03-05-2024,Shipped,3466
1955,3919,8,26-06-2024,Shipped,2575
1956,2293,1,12-07-2024,Canceled,3127
1957,2687,19,23-06-2024,Canceled,4924
1958,3776,11,29-08-2024,Canceled,863
1959,3614,4,26-03-2024,Canceled,3497
1960,3494,7,16-02-2024,Pending,2753
1961,4874,16,09-03-2024,Canceled,3856
1962,4317,10,08-04-2024,Canceled,544
1963,419,2,20-01-2024,Delivered,2862
1964,2499,8,22-04-2024,Pending,886
1965,3914,14,16-08-2024,Shipped,1252
1966,3454,6,05-04-2024,Pending,3072
1967,3273,18,19-07-2024,Pending,857
1968,1269,16,28-05-2024,Shipped,2841
1969,3940,1,03-10-2024,Canceled,1437
1970,4649,7,23-03-2024,Delivered,1224
1971,1327,17,25-05-2024,Pending,1879
1972,2639,19,26-02-2024,Pending,2214
1973,282,10,19-10-2024,Pending,3302
1974,2495,9,29-03-2024,Delivered,3144
1975,4588,6,27-01-2024,Delivered,2352
1976,368,19,09-07-2024,Pending,216
1977,4306,12,11-05-2024,Delivered,234
1978,255,2,05-09-2024,Shipped,3031
1979,585,12,16-05-2024,Delivered,2285
1980,4851,16,20-03-2024,Shipped,4156
1981,119,7,25-03-2024,Shipped,1707
1982,2410,20,11-10-2024,Shipped,404
1983,146,8,30-06-2024,Shipped,1006
1984,3258,7,18-03-2024,Shipped,2814
1985,4041,12,02-09-2024,Canceled,314
1986,4910,15,25-04-2024,Shipped,4343
1987,1001,10,06-07-2024,Pending,835
1988,2004,18,30-06-2024,Pending,111
1989,2833,7,09-09-2024,Canceled,2561
1990,2993,14,16-06-2024,Canceled,1073
1991,4021,7,25-03-2024,Canceled,3276
1992,2234,11,25-01-2024,Pending,842
1993,4980,16,27-10-2024,Canceled,762
1994,4495,13,05-10-2024,Pending,1416
1995,3577,3,17-06-2024,Pending,1992
1996,1314,19,04-05-2024,Pending,1714
1997,4217,8,27-07-2024,Delivered,2344
1998,1672,2,18-05-2024,Canceled,3799
1999,1270,11,16-07-2024,Canceled,1866
2000,3615,15,25-02-2024,Canceled,2270
2001,1284,12,25-06-2024,Canceled,3344
2002,222,14,08-11-2024,Pending,4889
2003,2422,7,16-06-2024,Delivered,4176
2004,2732,3,18-05-2024,Pending,4845
2005,2594,9,26-04-2024,Pending,3914
2006,3737,3,01-09-2024,Canceled,1354
2007,1166,17,04-11-2024,Pending,4878
2008,2457,9,30-05-2024,Delivered,2100
2009,2558,17,29-08-2024,Canceled,1437
2010,1016,3,15-08-2024,Delivered,2363
2011,3963,18,27-01-2024,Pending,1809
2012,2810,18,14-05-2024,Canceled,3294
2013,2015,2,19-09-2024,Pending,1127
2014,576,11,04-09-2024,Delivered,174
2015,4646,2,03-08-2024,Shipped,1588
2016,4565,11,09-08-2024,Shipped,3353
2017,2404,7,09-07-2024,Shipped,1226
2018,4002,1,26-03-2024,Shipped,1055
2019,582,1,03-09-2024,Shipped,895
2020,4554,2,12-01-2024,Canceled,1061
2021,3740,12,05-09-2024,Shipped,3573
2022,4786,19,05-04-2024,Delivered,3846
2023,1161,12,03-10-2024,Canceled,109
2024,2368,20,09-07-2024,Pending,797
2025,4638,15,19-10-2024,Shipped,1872
2026,320,8,17-07-2024,Shipped,1012
2027,800,2,04-05-2024,Pending,3491
2028,3435,20,23-07-2024,Shipped,4593
2029,1434,15,09-02-2024,Delivered,1154
2030,283,13,14-04-2024,Canceled,1291
2031,1952,10,16-09-2024,Shipped,3000
2032,2499,15,27-10-2024,Delivered,2491
2033,2389,6,19-09-2024,Canceled,4603
2034,3627,15,26-09-2024,Pending,2029
2035,4070,18,06-09-2024,Canceled,1236
2036,3153,16,01-05-2024,Canceled,3384
2037,3670,13,04-09-2024,Canceled,4553
2038,1570,9,19-02-2024,Canceled,1994
2039,2481,8,08-08-2024,Canceled,1634
2040,754,6,22-07-2024,Canceled,1259
2041,3352,20,03-10-2024,Canceled,2516
2042,1958,5,18-03-2024,Delivered,469
2043,4624,4,07-06-2024,Shipped,2005
2044,1975,14,25-07-2024,Pending,486
2045,4353,20,30-06-2024,Pending,1186
2046,1635,13,08-06-2024,Shipped,1769
2047,2089,12,14-02-2024,Delivered,2825
2048,4610,4,30-08-2024,Shipped,4759
2049,1869,13,09-01-2024,Shipped,95
2050,2803,9,27-06-2024,Delivered,4406
2051,2293,8,01-05-2024,Pending,4784
2052,4730,7,10-01-2024,Delivered,3530
2053,4844,7,03-05-2024,Delivered,4466
2054,1716,17,02-06-2024,Canceled,1220
2055,4468,11,31-01-2024,Canceled,2104
2056,3109,3,08-02-2024,Delivered,1406
2057,1207,1,05-10-2024,Shipped,3526
2058,2354,19,14-05-2024,Delivered,1038
2059,2787,1,26-10-2024,Shipped,2857
2060,4929,1,17-05-2024,Shipped,3688
2061,842,6,21-05-2024,Pending,1102
2062,3677,7,07-11-2024,Delivered,4204
2063,1693,2,07-02-2024,Shipped,495
2064,436,19,17-01-2024,Shipped,3700
2065,3558,13,10-07-2024,Pending,3436
2066,4118,10,26-04-2024,Pending,2761
2067,3987,16,19-08-2024,Shipped,4087
2068,4044,5,30-08-2024,Pending,2745
2069,1997,13,30-07-2024,Shipped,2473
2070,2891,8,17-02-2024,Delivered,3640
2071,2205,13,06-08-2024,Pending,3007
2072,2352,9,21-07-2024,Delivered,4923
2073,4679,20,04-06-2024,Canceled,4019
2074,1942,19,04-11-2024,Delivered,3284
2075,4044,4,20-10-2024,Delivered,954
2076,4295,15,23-08-2024,Delivered,1798
2077,1338,10,28-05-2024,Canceled,4940
2078,593,6,10-02-2024,Delivered,2819
2079,3115,18,03-02-2024,Delivered,1290
2080,4413,6,24-05-2024,Delivered,4252
2081,1355,4,03-08-2024,Pending,1670
2082,4661,15,23-07-2024,Shipped,4453
2083,2087,3,24-08-2024,Canceled,4860
2084,1833,12,11-01-2024,Canceled,4175
2085,371,18,25-01-2024,Delivered,1709
2086,3516,11,08-07-2024,Delivered,4315
2087,726,4,28-01-2024,Canceled,2249
2088,3119,8,12-10-2024,Delivered,137
2089,523,3,14-07-2024,Shipped,3891
2090,2630,5,19-06-2024,Pending,4297
2091,3004,20,18-02-2024,Shipped,2171
2092,319,6,18-08-2024,Shipped,4003
2093,86,4,26-06-2024,Shipped,4324
2094,1679,7,04-01-2024,Pending,2436
2095,2933,10,31-01-2024,Delivered,3934
2096,603,14,10-10-2024,Delivered,3050
2097,897,9,13-03-2024,Delivered,2082
2098,4381,1,10-06-2024,Shipped,1000
2099,1451,13,15-07-2024,Delivered,2598
2100,1123,1,24-03-2024,Pending,3438
2101,2153,2,06-09-2024,Shipped,2580
2102,4631,7,15-02-2024,Pending,4866
2103,1223,14,18-05-2024,Canceled,139
2104,1629,6,21-10-2024,Canceled,1675
2105,4450,18,06-06-2024,Delivered,3218
2106,4761,11,06-03-2024,Delivered,368
2107,2054,14,08-09-2024,Delivered,604
2108,152,20,11-04-2024,Delivered,167
2109,2403,11,13-03-2024,Delivered,1745
2110,2255,4,24-01-2024,Pending,1263
2111,4348,18,31-05-2024,Canceled,1461
2112,4202,1,19-01-2024,Canceled,2786
2113,4381,4,25-05-2024,Shipped,27
2114,2233,5,05-09-2024,Canceled,3955
2115,2943,8,27-01-2024,Delivered,669
2116,1141,12,29-10-2024,Shipped,3411
2117,1268,7,07-02-2024,Shipped,878
2118,3783,4,05-06-2024,Pending,1323
2119,822,12,30-08-2024,Pending,424
2120,4401,1,25-10-2024,Delivered,4200
2121,3187,9,05-07-2024,Canceled,4103
2122,3182,7,11-06-2024,Shipped,169
2123,1333,8,24-08-2024,Pending,3772
2124,1242,16,05-01-2024,Pending,3771
2125,3897,17,13-05-2024,Pending,4544
2126,2983,5,13-04-2024,Delivered,2787
2127,2559,16,05-04-2024,Delivered,1304
2128,650,11,09-05-2024,Canceled,2381
2129,3155,17,23-10-2024,Delivered,1412
2130,1297,2,29-02-2024,Delivered,4148
2131,850,2,06-06-2024,Pending,4575
2132,456,1,02-08-2024,Delivered,1125
2133,2793,20,01-11-2024,Shipped,4056
2134,576,19,18-02-2024,Canceled,1238
2135,3025,18,12-10-2024,Delivered,3876
2136,114,15,28-10-2024,Shipped,4089
2137,4364,12,27-01-2024,Shipped,1384
2138,2206,14,22-08-2024,Canceled,3049
2139,839,16,25-04-2024,Delivered,3734
2140,4814,8,02-10-2024,Shipped,178
2141,4886,5,22-06-2024,Canceled,110
2142,2300,11,02-02-2024,Canceled,4532
2143,3265,2,14-08-2024,Canceled,900
2144,2311,15,12-10-2024,Delivered,3901
2145,2102,8,01-01-2024,Pending,2635
2146,4239,14,25-09-2024,Shipped,273
2147,1372,9,20-02-2024,Delivered,4647
2148,1689,17,15-09-2024,Shipped,599
2149,34,2,06-04-2024,Canceled,2572
2150,628,13,08-03-2024,Canceled,4996
2151,1016,5,11-07-2024,Pending,3218
2152,3212,16,01-10-2024,Delivered,3855
2153,2022,1,10-02-2024,Shipped,2509
2154,2728,8,13-01-2024,Pending,1066
2155,1922,12,27-09-2024,Pending,1706
2156,4728,9,03-07-2024,Delivered,2075
2157,1116,8,30-10-2024,Canceled,4892
2158,1742,7,05-04-2024,Delivered,1409
2159,3429,1,18-02-2024,Canceled,4239
2160,786,19,12-05-2024,Pending,3170
2161,317,16,24-06-2024,Pending,1430
2162,1378,11,21-05-2024,Pending,1967
2163,3970,16,30-08-2024,Shipped,2318
2164,2871,6,24-02-2024,Pending,775
2165,1443,10,16-02-2024,Pending,2024
2166,1172,13,11-03-2024,Shipped,2762
2167,3140,18,03-04-2024,Canceled,3864
2168,423,7,14-01-2024,Shipped,2977
2169,1214,2,19-03-2024,Canceled,2007
2170,3099,5,26-04-2024,Delivered,4237
2171,694,4,16-07-2024,Pending,1136
2172,3184,19,26-08-2024,Pending,4236
2173,2851,13,06-08-2024,Canceled,4734
2174,1268,10,23-10-2024,Pending,3893
2175,1663,10,04-09-2024,Delivered,905
2176,1909,12,24-01-2024,Delivered,4228
2177,3321,3,06-05-2024,Delivered,4218
2178,1031,3,08-06-2024,Shipped,255
2179,1633,18,03-10-2024,Shipped,3535
2180,4832,1,07-04-2024,Canceled,4826
2181,2972,3,06-11-2024,Delivered,3548
2182,2633,10,20-03-2024,Shipped,1732
2183,4684,16,01-02-2024,Shipped,3043
2184,3581,10,20-06-2024,Pending,3608
2185,2172,2,23-02-2024,Pending,3863
2186,3120,11,28-10-2024,Delivered,3228
2187,2255,11,31-01-2024,Canceled,860
2188,746,14,13-10-2024,Pending,1214
2189,3227,8,23-01-2024,Delivered,3303
2190,3898,2,07-09-2024,Pending,3325
2191,1745,5,11-09-2024,Shipped,4267
2192,1596,15,18-04-2024,Shipped,2209
2193,4451,4,02-06-2024,Canceled,4103
2194,3363,9,22-03-2024,Shipped,846
2195,465,15,26-10-2024,Pending,4782
2196,4277,17,26-01-2024,Pending,1421
2197,4373,17,02-11-2024,Shipped,4823
2198,2850,2,28-01-2024,Delivered,1165
2199,963,14,22-07-2024,Shipped,4421
2200,3365,3,25-09-2024,Canceled,2446
2201,2804,2,30-05-2024,Pending,4134
2202,891,9,22-10-2024,Pending,1647
2203,3273,16,10-10-2024,Shipped,2091
2204,937,5,25-06-2024,Delivered,3714
2205,2074,9,07-01-2024,Shipped,3269
2206,2895,14,10-09-2024,Delivered,2515
2207,1454,9,26-01-2024,Canceled,4452
2208,1254,9,07-08-2024,Delivered,530
2209,2158,10,27-07-2024,Canceled,1495
2210,4466,4,11-07-2024,Delivered,937
2211,2697,16,26-07-2024,Canceled,3099
2212,1625,2,22-03-2024,Shipped,2381
2213,57,14,15-05-2024,Delivered,1842
2214,1156,13,08-01-2024,Pending,4215
2215,3928,17,22-09-2024,Pending,1751
2216,291,19,04-05-2024,Delivered,3797
2217,3593,18,26-04-2024,Canceled,31
2218,4108,9,24-04-2024,Pending,3571
2219,826,2,20-05-2024,Canceled,3200
2220,1309,13,28-08-2024,Shipped,2077
2221,3190,12,14-03-2024,Canceled,4676
2222,590,2,12-02-2024,Canceled,4376
2223,1206,1,31-07-2024,Canceled,3152
2224,4344,17,11-02-2024,Shipped,4978
2225,1854,16,27-03-2024,Shipped,3036
2226,263,12,06-02-2024,Canceled,4788
2227,2,20,27-02-2024,Delivered,582
2228,2037,3,19-05-2024,Shipped,3002
2229,2137,12,23-04-2024,Canceled,3684
2230,3660,4,21-06-2024,Canceled,822
2231,2861,2,02-01-2024,Pending,3547
2232,3321,17,12-08-2024,Pending,3628
2233,3953,1,13-08-2024,Pending,4619
2234,4476,18,13-07-2024,Delivered,1445
2235,4119,14,15-03-2024,Shipped,1023
2236,3754,19,09-04-2024,Canceled,480
2237,3056,17,10-02-2024,Canceled,2619
2238,299,17,01-04-2024,Shipped,2007
2239,3206,9,18-05-2024,Canceled,3076
2240,1939,1,09-09-2024,Delivered,1666
2241,4378,15,07-11-2024,Delivered,3796
2242,1899,16,09-01-2024,Canceled,3314
2243,227,19,12-05-2024,Pending,1451
2244,3994,19,18-04-2024,Pending,1507
2245,4354,7,25-09-2024,Pending,471
2246,3674,1,03-01-2024,Pending,812
2247,2613,9,23-06-2024,Shipped,3470
2248,2112,1,08-06-2024,Canceled,1326
2249,3564,20,08-04-2024,Canceled,836
2250,3410,2,18-10-2024,Shipped,1110
2251,4062,10,06-07-2024,Delivered,4356
2252,511,14,12-02-2024,Delivered,3210
2253,4911,13,09-09-2024,Canceled,4748
2254,3484,13,04-08-2024,Delivered,4407
2255,4626,9,21-09-2024,Delivered,2941
2256,4032,11,29-05-2024,Shipped,1752
2257,3774,11,25-09-2024,Canceled,221
2258,4384,12,20-02-2024,Shipped,1711
2259,163,2,01-09-2024,Canceled,191
2260,673,17,16-08-2024,Delivered,682
2261,3133,4,14-04-2024,Canceled,3126
2262,2148,8,15-03-2024,Shipped,2471
2263,4790,1,07-06-2024,Pending,4037
2264,3089,2,31-07-2024,Pending,3113
2265,4174,12,24-09-2024,Delivered,68
2266,4969,2,12-02-2024,Canceled,3387
2267,2272,11,14-03-2024,Shipped,2429
2268,299,8,04-02-2024,Delivered,2313
2269,2153,1,24-04-2024,Delivered,2987
2270,2055,3,09-05-2024,Pending,1773
2271,4578,9,31-03-2024,Shipped,3183
2272,2308,13,19-10-2024,Delivered,2742
2273,2262,9,27-08-2024,Delivered,585
2274,210,14,19-04-2024,Canceled,3784
2275,4317,5,02-08-2024,Shipped,543
2276,2860,1,09-09-2024,Canceled,4303
2277,4082,12,04-01-2024,Canceled,4290
2278,2713,9,29-10-2024,Pending,942
2279,2415,14,30-06-2024,Pending,4264
2280,4199,13,21-02-2024,Canceled,2555
2281,3520,1,30-10-2024,Delivered,657
2282,399,16,09-01-2024,Delivered,2640
2283,3680,7,20-06-2024,Shipped,3063
2284,4132,20,23-10-2024,Pending,4764
2285,4743,12,25-07-2024,Delivered,4637
2286,4010,10,07-04-2024,Pending,2589
2287,1326,2,10-10-2024,Delivered,1319
2288,4810,20,14-05-2024,Delivered,44
2289,3136,17,15-09-2024,Canceled,1407
2290,2792,14,20-07-2024,Shipped,462
2291,2563,14,17-04-2024,Shipped,1005
2292,3831,1,07-05-2024,Shipped,2506
2293,1550,10,27-07-2024,Canceled,447
2294,471,3,27-04-2024,Shipped,388
2295,2103,15,22-01-2024,Delivered,2706
2296,149,11,09-03-2024,Shipped,77
2297,1349,5,21-02-2024,Shipped,3130
2298,2852,11,03-03-2024,Pending,4413
2299,246,20,21-06-2024,Canceled,1410
2300,4099,18,06-10-2024,Shipped,2008
2301,4394,20,06-07-2024,Delivered,978
2302,2377,15,27-05-2024,Shipped,2323
2303,4841,7,23-09-2024,Delivered,1206
2304,4084,13,03-01-2024,Canceled,2449
2305,1854,7,20-02-2024,Delivered,3546
2306,1554,9,07-02-2024,Shipped,1443
2307,3789,20,03-08-2024,Pending,1925
2308,1606,15,22-01-2024,Pending,1906
2309,1957,7,13-06-2024,Canceled,2423
2310,246,8,21-10-2024,Pending,4110
2311,2541,1,17-06-2024,Delivered,4005
2312,4183,5,07-07-2024,Shipped,2786
2313,4271,4,19-02-2024,Canceled,1193
2314,1893,9,10-05-2024,Canceled,627
2315,1730,16,09-03-2024,Pending,1705
2316,1777,8,23-06-2024,Shipped,1623
2317,346,17,17-08-2024,Delivered,42
2318,1140,4,15-03-2024,Delivered,393
2319,1045,8,18-10-2024,Canceled,3370
2320,2485,4,09-10-2024,Canceled,534
2321,823,11,10-10-2024,Shipped,4521
2322,3160,13,20-04-2024,Pending,248
2323,334,10,08-04-2024,Pending,112
2324,3779,14,15-04-2024,Canceled,362
2325,109,9,16-05-2024,Shipped,4532
2326,3190,13,17-02-2024,Shipped,3167
2327,1055,18,03-10-2024,Shipped,4664
2328,2610,16,08-11-2024,Pending,683
2329,743,20,16-08-2024,Canceled,4276
2330,2257,7,15-01-2024,Pending,476
2331,3644,6,06-06-2024,Delivered,850
2332,3997,6,19-06-2024,Pending,1180
2333,2161,10,08-07-2024,Pending,4069
2334,1211,5,25-04-2024,Delivered,856
2335,3212,14,05-09-2024,Delivered,4323
2336,1772,16,25-02-2024,Delivered,1455
2337,929,18,26-01-2024,Pending,4518
2338,2459,2,11-10-2024,Pending,961
2339,3006,6,04-01-2024,Pending,4583
2340,3580,16,21-10-2024,Pending,1439
2341,333,12,04-08-2024,Pending,3597
2342,2833,9,15-03-2024,Pending,85
2343,3409,11,06-01-2024,Pending,3794
2344,4954,3,10-06-2024,Delivered,820
2345,3482,6,22-03-2024,Pending,1108
2346,1606,8,08-10-2024,Delivered,2493
2347,246,15,17-04-2024,Canceled,2113
2348,2259,5,24-04-2024,Canceled,2094
2349,3218,8,18-03-2024,Delivered,3729
2350,2480,16,09-10-2024,Canceled,2191
2351,4266,12,09-07-2024,Canceled,1012
2352,2746,17,09-02-2024,Canceled,3312
2353,1947,18,08-01-2024,Delivered,12
2354,3939,6,22-09-2024,Shipped,1617
2355,4364,1,17-09-2024,Shipped,3893
2356,2092,19,20-07-2024,Pending,4837
2357,2353,11,09-04-2024,Shipped,1824
2358,1965,7,05-03-2024,Canceled,4945
2359,807,4,08-05-2024,Canceled,1530
2360,1009,17,21-06-2024,Shipped,2164
2361,1988,6,09-10-2024,Delivered,1432
2362,1706,2,14-05-2024,Canceled,1261
2363,161,12,14-04-2024,Pending,321
2364,247,16,12-03-2024,Pending,1109
2365,976,12,29-03-2024,Delivered,3176
2366,2025,8,27-06-2024,Delivered,2847
2367,1217,13,02-04-2024,Shipped,157
2368,1607,7,11-05-2024,Pending,150
2369,1301,8,22-03-2024,Pending,40
2370,3310,11,24-09-2024,Pending,44
2371,2692,10,10-04-2024,Canceled,707
2372,4334,8,07-08-2024,Canceled,4371
2373,4407,16,26-06-2024,Canceled,3210
2374,3867,1,18-02-2024,Delivered,2700
2375,1314,16,30-04-2024,Canceled,4582
2376,3099,9,21-07-2024,Canceled,2665
2377,3518,2,11-06-2024,Canceled,4973
2378,2851,8,21-07-2024,Delivered,4931
2379,962,7,28-08-2024,Delivered,3420
2380,982,11,16-07-2024,Delivered,1490
2381,4814,14,09-09-2024,Canceled,4592
2382,3748,8,09-09-2024,Shipped,3549
2383,2055,14,17-10-2024,Shipped,4165
2384,2178,18,16-03-2024,Pending,86
2385,1752,12,05-03-2024,Canceled,29
2386,3775,11,03-03-2024,Shipped,4113
2387,599,8,09-05-2024,Pending,3120
2388,2784,19,30-10-2024,Pending,4701
2389,4905,4,26-03-2024,Delivered,1808
2390,2310,2,10-05-2024,Pending,2943
2391,4609,1,11-01-2024,Shipped,2676
2392,229,6,12-03-2024,Canceled,2650
2393,3692,12,11-03-2024,Delivered,105
2394,3041,6,22-06-2024,Pending,1468
2395,2144,13,22-06-2024,Delivered,3908
2396,461,12,11-04-2024,Shipped,1176
2397,1333,4,09-09-2024,Shipped,4993
2398,17,16,02-06-2024,Shipped,2136
2399,2450,9,05-09-2024,Canceled,2932
2400,401,4,12-08-2024,Canceled,4435
2401,1948,19,03-01-2024,Shipped,2321
2402,1387,8,15-03-2024,Delivered,357
2403,733,11,30-03-2024,Canceled,3564
2404,3465,10,20-07-2024,Pending,1686
2405,3684,19,08-04-2024,Canceled,147
2406,2482,19,10-07-2024,Delivered,400
2407,3821,16,12-02-2024,Delivered,2843
2408,59,6,26-03-2024,Canceled,3137
2409,3873,16,04-07-2024,Canceled,3901
2410,2325,14,04-01-2024,Shipped,113
2411,1510,17,11-05-2024,Shipped,1986
2412,2591,11,23-07-2024,Pending,935
2413,4223,17,10-07-2024,Delivered,2552
2414,163,8,23-09-2024,Shipped,2893
2415,4761,2,03-10-2024,Canceled,1605
2416,3625,8,09-07-2024,Delivered,2836
2417,3383,17,09-10-2024,Pending,4592
2418,15,16,10-05-2024,Delivered,4304
2419,4962,16,24-02-2024,Pending,2445
2420,4732,15,04-03-2024,Canceled,3183
2421,2449,16,11-03-2024,Delivered,2293
2422,2193,18,02-11-2024,Pending,4166
2423,4468,14,02-02-2024,Pending,3253
2424,3499,1,22-09-2024,Delivered,3457
2425,4538,9,31-08-2024,Pending,4339
2426,3973,17,16-09-2024,Pending,4782
2427,2797,10,03-03-2024,Pending,2009
2428,1572,3,08-10-2024,Canceled,3263
2429,1870,6,18-01-2024,Delivered,1184
2430,4869,14,14-01-2024,Pending,2793
2431,1943,13,12-10-2024,Delivered,4046
2432,510,17,28-04-2024,Canceled,2817
2433,1273,13,05-01-2024,Shipped,729
2434,1653,19,03-09-2024,Shipped,3097
2435,2544,17,28-02-2024,Delivered,4875
2436,2727,12,24-03-2024,Canceled,4805
2437,2492,10,13-09-2024,Canceled,2890
2438,3659,10,19-04-2024,Shipped,2116
2439,3504,11,21-02-2024,Delivered,4357
2440,4285,13,19-01-2024,Canceled,3439
2441,699,12,13-03-2024,Delivered,3411
2442,1323,10,28-03-2024,Delivered,2411
2443,1377,20,20-09-2024,Delivered,3044
2444,1253,5,30-07-2024,Shipped,1352
2445,4911,5,04-07-2024,Canceled,3204
2446,456,12,05-09-2024,Shipped,1940
2447,504,8,22-03-2024,Shipped,2513
2448,1200,7,02-08-2024,Canceled,4149
2449,1119,1,27-04-2024,Shipped,1254
2450,464,18,24-05-2024,Shipped,1732
2451,510,2,25-10-2024,Pending,4278
2452,3221,18,22-03-2024,Shipped,3063
2453,572,9,19-05-2024,Shipped,1679
2454,3742,14,13-01-2024,Canceled,2283
2455,398,10,04-11-2024,Canceled,1162
2456,4367,19,22-01-2024,Canceled,52
2457,409,13,18-02-2024,Pending,1917
2458,2975,10,07-02-2024,Delivered,3385
2459,1247,16,01-05-2024,Delivered,3059
2460,4206,19,14-09-2024,Canceled,2352
2461,3371,11,09-10-2024,Shipped,2033
2462,1577,17,08-06-2024,Pending,2968
2463,1153,7,03-04-2024,Delivered,4065
2464,1398,12,29-07-2024,Shipped,462
2465,333,18,17-03-2024,Shipped,2706
2466,2895,17,05-06-2024,Shipped,1043
2467,1190,14,26-05-2024,Canceled,954
2468,1285,11,10-06-2024,Shipped,636
2469,3329,5,07-08-2024,Canceled,561
2470,3000,12,18-04-2024,Canceled,3896
2471,2022,10,05-09-2024,Pending,1629
2472,2668,7,20-10-2024,Pending,3702
2473,3657,1,14-03-2024,Delivered,3023
2474,3182,8,07-06-2024,Shipped,3012
2475,187,2,11-05-2024,Canceled,3763
2476,1126,1,16-07-2024,Delivered,386
2477,2419,20,25-05-2024,Pending,867
2478,4230,7,10-10-2024,Delivered,1913
2479,3640,4,29-08-2024,Pending,3009
2480,4518,3,28-04-2024,Shipped,3717
2481,2023,17,27-08-2024,Pending,3169
2482,3278,5,28-01-2024,Delivered,2678
2483,1704,10,23-08-2024,Shipped,2443
2484,3172,10,12-08-2024,Pending,1577
2485,2801,15,05-07-2024,Shipped,4688
2486,2008,5,29-07-2024,Canceled,4006
2487,2601,1,26-09-2024,Canceled,4120
2488,2732,19,04-05-2024,Delivered,4134
2489,4215,3,26-09-2024,Shipped,3033
2490,1558,16,14-02-2024,Shipped,1724
2491,28,19,26-03-2024,Shipped,2400
2492,3060,12,02-10-2024,Shipped,2196
2493,4116,11,06-09-2024,Delivered,4276
2494,3241,15,30-04-2024,Canceled,3237
2495,643,8,24-04-2024,Shipped,4457
2496,2408,2,07-11-2024,Pending,1181
2497,2095,6,02-05-2024,Shipped,4882
2498,3236,18,08-10-2024,Shipped,1764
2499,2741,17,04-05-2024,Canceled,3421
2500,4642,4,06-04-2024,Canceled,3772
2501,2083,11,27-09-2024,Pending,976
2502,4050,7,03-03-2024,Pending,1829
2503,4585,1,19-08-2024,Shipped,4001
2504,514,16,31-05-2024,Pending,3203
2505,2167,6,12-07-2024,Canceled,60
2506,3793,15,12-07-2024,Shipped,3101
2507,3282,17,14-03-2024,Delivered,4934
2508,418,17,09-07-2024,Delivered,1845
2509,2619,12,02-05-2024,Shipped,1509
2510,970,14,13-08-2024,Delivered,4261
2511,2111,12,01-05-2024,Delivered,4779
2512,3641,12,01-03-2024,Shipped,170
2513,1196,7,29-07-2024,Shipped,4326
2514,3188,1,22-03-2024,Canceled,3518
2515,793,16,04-02-2024,Delivered,1743
2516,3605,5,14-07-2024,Shipped,3994
2517,4895,1,08-09-2024,Canceled,4566
2518,1301,4,30-07-2024,Delivered,1462
2519,4098,1,23-07-2024,Shipped,2166
2520,1488,14,12-09-2024,Pending,1005
2521,937,14,01-06-2024,Shipped,4141
2522,3967,11,12-02-2024,Pending,1685
2523,4635,19,03-06-2024,Canceled,4878
2524,1088,11,11-06-2024,Delivered,3332
2525,2883,15,04-06-2024,Shipped,2011
2526,508,3,30-03-2024,Shipped,3376
2527,1360,1,04-04-2024,Pending,1373
2528,2618,14,26-04-2024,Canceled,2153
2529,1239,20,12-03-2024,Delivered,4729
2530,2907,12,03-11-2024,Canceled,3164
2531,4990,1,17-07-2024,Shipped,4833
2532,4924,5,14-01-2024,Shipped,1444
2533,1369,19,22-08-2024,Canceled,4586
2534,1922,4,01-02-2024,Delivered,4324
2535,4175,3,07-02-2024,Delivered,3946
2536,804,20,11-05-2024,Pending,3858
2537,471,3,10-04-2024,Canceled,3943
2538,2208,11,11-10-2024,Delivered,3516
2539,266,15,13-02-2024,Canceled,4252
2540,3061,19,27-05-2024,Pending,4932
2541,723,4,17-07-2024,Canceled,654
2542,1280,19,07-03-2024,Canceled,1749
2543,1867,9,24-04-2024,Canceled,4703
2544,1618,9,23-08-2024,Shipped,2520
2545,335,10,04-11-2024,Pending,4365
2546,4326,16,29-06-2024,Delivered,1821
2547,4006,15,26-06-2024,Shipped,2477
2548,2851,15,03-01-2024,Shipped,226
2549,2300,20,20-10-2024,Delivered,2782
2550,4429,17,18-05-2024,Canceled,63
2551,147,11,20-09-2024,Canceled,512
2552,4781,16,10-04-2024,Shipped,2458
2553,1421,11,15-09-2024,Canceled,2243
2554,1870,18,10-08-2024,Canceled,444
2555,985,7,14-02-2024,Delivered,2714
2556,3548,12,28-01-2024,Pending,2942
2557,4733,19,18-09-2024,Pending,476
2558,2681,3,19-09-2024,Delivered,3707
2559,4629,16,11-04-2024,Pending,4835
2560,903,16,13-01-2024,Canceled,4482
2561,4381,16,15-06-2024,Delivered,2044
2562,1928,7,24-05-2024,Canceled,4441
2563,2801,5,06-09-2024,Delivered,3628
2564,3086,19,14-04-2024,Delivered,2597
2565,4414,5,10-07-2024,Pending,1174
2566,3247,14,03-06-2024,Pending,1838
2567,3231,2,17-05-2024,Shipped,3419
2568,1790,7,07-02-2024,Canceled,2479
2569,3037,2,11-03-2024,Shipped,2921
2570,413,5,13-06-2024,Canceled,764
2571,2425,19,06-07-2024,Canceled,880
2572,723,20,22-09-2024,Canceled,4300
2573,1413,11,05-09-2024,Pending,1357
2574,525,16,07-11-2024,Pending,1500
2575,2781,15,08-09-2024,Pending,4281
2576,4514,16,06-10-2024,Canceled,2104
2577,4619,1,16-04-2024,Pending,2036
2578,2047,20,19-08-2024,Canceled,1012
2579,1277,19,07-01-2024,Canceled,3749
2580,2063,15,26-06-2024,Delivered,461
2581,1054,6,18-05-2024,Delivered,3404
2582,2347,3,08-11-2024,Pending,3000
2583,4989,20,28-03-2024,Canceled,1594
2584,3537,11,15-05-2024,Shipped,1771
2585,784,2,09-02-2024,Pending,4973
2586,4674,6,18-03-2024,Pending,1916
2587,1616,5,18-07-2024,Pending,2072
2588,3068,20,06-04-2024,Delivered,1044
2589,969,7,11-04-2024,Canceled,2096
2590,828,15,22-05-2024,Pending,2011
2591,3976,9,09-06-2024,Canceled,3519
2592,2726,20,04-03-2024,Delivered,4538
2593,4767,2,07-08-2024,Delivered,1283
2594,1603,6,24-03-2024,Pending,4500
2595,132,18,26-03-2024,Pending,3692
2596,1399,7,27-04-2024,Pending,4624
2597,3901,3,15-09-2024,Delivered,4637
2598,765,7,21-08-2024,Pending,4512
2599,2804,18,06-05-2024,Canceled,3234
2600,2215,10,12-06-2024,Shipped,2528
2601,3157,4,08-05-2024,Delivered,3871
2602,2290,5,12-02-2024,Canceled,1679
2603,3982,11,09-05-2024,Shipped,4854
2604,828,14,25-09-2024,Shipped,1528
2605,2785,10,25-07-2024,Delivered,293
2606,4409,9,29-02-2024,Shipped,2765
2607,654,11,01-03-2024,Delivered,3688
2608,4110,6,30-09-2024,Shipped,2479
2609,1734,19,23-03-2024,Shipped,4970
2610,3760,18,21-01-2024,Pending,2249
2611,2913,19,18-08-2024,Canceled,2951
2612,2395,17,26-04-2024,Pending,4764
2613,3130,2,08-07-2024,Pending,3433
2614,2761,18,04-06-2024,Delivered,219
2615,4843,9,15-01-2024,Canceled,4257
2616,4779,16,12-05-2024,Shipped,576
2617,4972,14,08-08-2024,Delivered,2899
2618,4596,13,14-06-2024,Pending,4779
2619,398,1,22-06-2024,Shipped,1990
2620,2095,14,07-06-2024,Pending,687
2621,2625,14,14-10-2024,Delivered,2572
2622,3804,7,21-05-2024,Delivered,1616
2623,2909,16,17-09-2024,Canceled,352
2624,2516,11,23-10-2024,Shipped,3021
2625,2256,10,17-06-2024,Shipped,4690
2626,1567,1,02-02-2024,Shipped,3176
2627,3041,15,06-03-2024,Delivered,4919
2628,3076,17,16-04-2024,Shipped,2467
2629,4739,3,07-08-2024,Canceled,2618
2630,4798,12,31-07-2024,Pending,3614
2631,905,15,22-09-2024,Canceled,1335
2632,3368,5,25-03-2024,Delivered,981
2633,2115,6,30-03-2024,Delivered,464
2634,1239,18,27-10-2024,Pending,1651
2635,3860,13,25-04-2024,Canceled,646
2636,3984,17,10-04-2024,Shipped,4365
2637,563,19,07-02-2024,Delivered,2949
2638,3167,15,01-05-2024,Shipped,3257
2639,2426,9,28-05-2024,Pending,301
2640,1971,19,07-07-2024,Shipped,700
2641,3814,19,06-11-2024,Pending,3976
2642,4074,5,13-08-2024,Canceled,3425
2643,2795,18,29-05-2024,Pending,391
2644,959,17,13-08-2024,Pending,2754
2645,1069,9,11-10-2024,Pending,1511
2646,3222,17,13-10-2024,Shipped,4446
2647,4221,6,28-10-2024,Shipped,3116
2648,3360,20,20-03-2024,Canceled,2688
2649,3044,3,16-07-2024,Shipped,4822
2650,665,4,16-08-2024,Canceled,1479
2651,4419,17,28-02-2024,Delivered,667
2652,2407,20,24-05-2024,Canceled,675
2653,4249,10,18-09-2024,Canceled,1374
2654,3216,1,05-03-2024,Shipped,3372
2655,4785,1,26-08-2024,Pending,2574
2656,4541,14,09-02-2024,Shipped,4182
2657,2888,20,21-04-2024,Shipped,841
2658,4319,16,06-09-2024,Pending,2855
2659,1920,3,19-08-2024,Canceled,3348
2660,596,10,27-03-2024,Pending,350
2661,2716,4,02-07-2024,Delivered,2755
2662,1890,11,23-03-2024,Shipped,1243
2663,4523,10,19-10-2024,Shipped,4523
2664,4324,13,11-05-2024,Delivered,4031
2665,4856,5,05-09-2024,Shipped,3509
2666,4982,17,10-09-2024,Shipped,2465
2667,331,15,12-09-2024,Delivered,2000
2668,1898,2,02-03-2024,Delivered,1554
2669,2013,4,26-08-2024,Pending,4801
2670,782,3,19-01-2024,Canceled,3906
2671,2320,19,20-07-2024,Canceled,3984
2672,662,17,28-03-2024,Delivered,1164
2673,4023,16,02-02-2024,Shipped,946
2674,738,11,22-10-2024,Canceled,1888
2675,2969,1,11-10-2024,Shipped,2038
2676,3666,15,01-02-2024,Pending,1367
2677,4089,13,29-09-2024,Pending,1852
2678,1543,14,31-05-2024,Pending,2129
2679,4062,18,24-09-2024,Shipped,3164
2680,1948,14,13-09-2024,Pending,4781
2681,679,1,18-07-2024,Pending,2561
2682,1694,4,12-06-2024,Canceled,317
2683,2762,20,22-06-2024,Shipped,2027
2684,1793,1,24-09-2024,Shipped,601
2685,1648,2,12-04-2024,Pending,2506
2686,566,12,12-04-2024,Canceled,1109
2687,4789,2,29-10-2024,Shipped,2508
2688,3495,17,22-06-2024,Canceled,44
2689,4710,12,22-07-2024,Pending,1263
2690,1690,15,18-06-2024,Canceled,3619
2691,4252,10,23-07-2024,Canceled,494
2692,2060,17,23-06-2024,Pending,1036
2693,2009,4,18-03-2024,Pending,95
2694,1560,4,20-02-2024,Delivered,4639
2695,4105,12,02-01-2024,Delivered,371
2696,719,16,26-06-2024,Delivered,3873
2697,2199,8,25-01-2024,Delivered,4492
2698,1311,14,25-07-2024,Pending,3712
2699,656,4,03-02-2024,Delivered,2992
2700,979,19,07-02-2024,Shipped,54
2701,3920,18,05-06-2024,Delivered,4771
2702,3857,12,27-08-2024,Delivered,1901
2703,3082,2,08-04-2024,Delivered,4413
2704,3812,8,07-04-2024,Shipped,3226
2705,4124,8,14-02-2024,Canceled,4199
2706,1688,1,14-09-2024,Delivered,1947
2707,2211,17,01-08-2024,Shipped,4493
2708,3146,11,25-02-2024,Canceled,1123
2709,4721,17,01-06-2024,Canceled,27
2710,1547,16,19-10-2024,Delivered,4519
2711,4829,11,22-08-2024,Canceled,1957
2712,1751,13,12-07-2024,Canceled,997
2713,2797,15,16-09-2024,Canceled,3069
2714,1055,19,01-02-2024,Delivered,1831
2715,1103,16,14-07-2024,Canceled,1636
2716,191,12,04-10-2024,Shipped,147
2717,4120,10,23-10-2024,Canceled,1732
2718,3462,13,30-06-2024,Canceled,2209
2719,4088,9,23-09-2024,Canceled,4710
2720,3937,17,23-01-2024,Delivered,2042
2721,1888,20,04-10-2024,Pending,2127
2722,4012,5,14-02-2024,Shipped,2319
2723,3840,7,13-05-2024,Shipped,2282
2724,1501,11,29-03-2024,Pending,1875
2725,1552,1,06-10-2024,Shipped,4123
2726,3496,2,09-08-2024,Shipped,1097
2727,3344,4,03-08-2024,Canceled,801
2728,2560,13,18-09-2024,Delivered,4952
2729,2240,18,28-06-2024,Pending,1930
2730,2290,5,14-04-2024,Pending,2463
2731,4873,20,09-01-2024,Shipped,418
2732,3938,7,16-05-2024,Canceled,1881
2733,3588,13,18-10-2024,Shipped,1906
2734,2749,18,15-04-2024,Pending,3741
2735,2811,12,30-01-2024,Shipped,1003
2736,573,19,12-08-2024,Pending,2752
2737,621,8,26-01-2024,Pending,2876
2738,4670,2,14-08-2024,Delivered,1019
2739,4513,5,22-10-2024,Shipped,3115
2740,851,3,15-08-2024,Shipped,4698
2741,828,14,14-08-2024,Canceled,4533
2742,1000,10,26-04-2024,Pending,2586
2743,2503,1,05-10-2024,Delivered,2430
2744,931,18,28-09-2024,Shipped,3566
2745,1242,19,21-08-2024,Pending,809
2746,3836,13,26-07-2024,Shipped,3532
2747,2577,15,02-09-2024,Canceled,612
2748,395,1,03-05-2024,Pending,1524
2749,3309,6,12-09-2024,Canceled,452
2750,3531,9,02-11-2024,Shipped,3809
2751,476,11,17-02-2024,Delivered,2430
2752,509,10,17-02-2024,Shipped,4117
2753,2797,5,05-07-2024,Shipped,12
2754,2709,1,22-04-2024,Canceled,2168
2755,3613,9,06-03-2024,Delivered,2345
2756,1789,9,31-05-2024,Shipped,3920
2757,81,1,01-02-2024,Pending,2712
2758,83,17,30-04-2024,Delivered,2643
2759,2254,3,20-02-2024,Pending,4118
2760,731,16,25-02-2024,Delivered,1772
2761,2289,7,21-06-2024,Delivered,2803
2762,602,1,30-04-2024,Pending,4080
2763,1516,6,12-01-2024,Shipped,1163
2764,435,5,25-04-2024,Pending,389
2765,3197,17,18-05-2024,Pending,2646
2766,3341,1,01-02-2024,Delivered,770
2767,4764,4,06-03-2024,Pending,3030
2768,3794,20,05-03-2024,Canceled,2861
2769,4945,20,22-07-2024,Shipped,1142
2770,4943,7,20-09-2024,Delivered,12
2771,445,15,07-05-2024,Shipped,2185
2772,4019,14,07-11-2024,Canceled,3879
2773,1744,14,13-07-2024,Pending,2530
2774,2930,7,07-08-2024,Shipped,2476
2775,3860,14,06-09-2024,Pending,2462
2776,755,10,28-10-2024,Canceled,485
2777,4891,19,25-03-2024,Canceled,2326
2778,4320,9,09-09-2024,Delivered,605
2779,1189,10,27-06-2024,Pending,2174
2780,1581,3,12-01-2024,Shipped,1802
2781,2157,14,05-08-2024,Shipped,3532
2782,3018,5,14-02-2024,Delivered,3450
2783,1657,15,20-01-2024,Pending,3738
2784,3938,20,15-10-2024,Pending,4815
2785,546,15,01-04-2024,Shipped,1481
2786,3736,15,14-05-2024,Delivered,3613
2787,964,16,24-06-2024,Shipped,2282
2788,4541,17,22-09-2024,Pending,1668
2789,3997,3,17-04-2024,Shipped,1963
2790,223,7,27-03-2024,Delivered,1466
2791,2345,10,03-02-2024,Shipped,4455
2792,833,3,04-08-2024,Delivered,4223
2793,1447,18,08-08-2024,Pending,1631
2794,3608,18,15-02-2024,Delivered,2196
2795,346,2,15-01-2024,Canceled,4339
2796,2587,13,12-01-2024,Pending,1423
2797,1590,18,30-04-2024,Delivered,3472
2798,2799,3,07-09-2024,Delivered,3233
2799,493,2,14-08-2024,Pending,2040
2800,580,15,10-03-2024,Delivered,4482
2801,1939,1,09-04-2024,Pending,4575
2802,1759,14,05-06-2024,Canceled,64
2803,4742,16,15-01-2024,Delivered,769
2804,4711,19,21-10-2024,Pending,1853
2805,2377,19,16-02-2024,Delivered,2826
2806,1956,8,28-02-2024,Canceled,1942
2807,117,4,29-07-2024,Delivered,2592
2808,2360,18,31-08-2024,Canceled,1037
2809,2514,2,19-05-2024,Pending,741
2810,1632,19,10-04-2024,Canceled,2312
2811,4167,15,16-09-2024,Delivered,743
2812,2381,20,11-09-2024,Pending,4693
2813,4739,12,09-08-2024,Shipped,4114
2814,3715,14,11-08-2024,Canceled,3352
2815,2377,12,08-10-2024,Pending,3257
2816,652,16,05-11-2024,Shipped,922
2817,682,1,05-09-2024,Shipped,847
2818,1302,5,26-06-2024,Delivered,2907
2819,1977,11,10-03-2024,Canceled,3104
2820,362,9,04-06-2024,Shipped,3107
2821,3888,5,27-10-2024,Pending,2203
2822,3701,7,29-03-2024,Delivered,570
2823,1888,3,08-02-2024,Canceled,249
2824,3100,17,10-09-2024,Canceled,4679
2825,3176,16,10-05-2024,Delivered,1294
2826,4901,14,21-01-2024,Delivered,3955
2827,2408,7,17-07-2024,Shipped,3485
2828,2180,17,28-01-2024,Canceled,4011
2829,4809,20,04-01-2024,Canceled,250
2830,1828,20,02-08-2024,Canceled,4709
2831,259,5,17-06-2024,Pending,188
2832,1441,4,18-06-2024,Shipped,1124
2833,1236,8,20-06-2024,Shipped,284
2834,4737,12,21-01-2024,Pending,477
2835,2315,16,14-04-2024,Shipped,3549
2836,3009,2,19-09-2024,Shipped,3872
2837,2283,20,27-10-2024,Pending,3257
2838,2054,15,20-02-2024,Shipped,1215
2839,1994,2,13-10-2024,Shipped,924
2840,4105,11,12-08-2024,Canceled,1790
2841,2833,15,19-05-2024,Delivered,437
2842,3637,3,23-09-2024,Delivered,4643
2843,834,2,23-06-2024,Pending,2864
2844,4696,18,20-08-2024,Canceled,3614
2845,1024,15,08-01-2024,Canceled,3416
2846,497,15,23-03-2024,Pending,1595
2847,280,7,05-05-2024,Delivered,2365
2848,4820,5,18-04-2024,Shipped,1312
2849,4984,5,17-09-2024,Pending,992
2850,4203,16,18-01-2024,Pending,286
2851,1759,7,30-05-2024,Delivered,4346
2852,4972,7,15-04-2024,Delivered,4417
2853,3089,9,28-02-2024,Canceled,458
2854,1608,20,16-10-2024,Pending,4828
2855,2437,5,10-09-2024,Shipped,2218
2856,3541,9,24-07-2024,Delivered,3941
2857,4572,4,02-03-2024,Pending,4419
2858,4568,7,27-03-2024,Pending,4074
2859,2855,11,19-05-2024,Pending,4102
2860,4332,12,08-08-2024,Delivered,4314
2861,904,15,13-07-2024,Canceled,4581
2862,4484,20,18-04-2024,Pending,2341
2863,4800,15,25-07-2024,Pending,748
2864,1638,2,14-07-2024,Canceled,4100
2865,4314,5,07-07-2024,Pending,3888
2866,3985,20,03-06-2024,Canceled,2636
2867,2477,4,29-08-2024,Pending,2804
2868,1956,3,14-09-2024,Delivered,2872
2869,3411,1,31-01-2024,Canceled,3769
2870,1068,16,27-07-2024,Pending,4118
2871,2960,14,05-10-2024,Shipped,938
2872,4302,4,06-11-2024,Delivered,3226
2873,4230,8,11-06-2024,Canceled,290
2874,1307,6,19-04-2024,Delivered,649
2875,3632,16,24-10-2024,Pending,998
2876,932,9,20-07-2024,Delivered,193
2877,3980,15,26-09-2024,Shipped,457
2878,3751,15,19-04-2024,Shipped,1492
2879,2750,13,30-01-2024,Canceled,2427
2880,3028,14,09-03-2024,Shipped,4639
2881,1156,14,01-02-2024,Delivered,3519
2882,2671,2,27-02-2024,Shipped,4530
2883,649,4,02-04-2024,Pending,2821
2884,4067,15,19-04-2024,Pending,197
2885,3270,2,09-08-2024,Delivered,2190
2886,1438,7,27-05-2024,Pending,2304
2887,3617,14,14-01-2024,Pending,3026
2888,662,19,15-05-2024,Delivered,3845
2889,3123,11,21-08-2024,Canceled,4619
2890,2551,4,06-09-2024,Shipped,4410
2891,211,19,20-03-2024,Canceled,2007
2892,1714,7,21-10-2024,Canceled,3126
2893,2640,7,13-07-2024,Canceled,3186
2894,4099,10,17-01-2024,Delivered,2391
2895,2025,12,01-10-2024,Shipped,2157
2896,3014,11,01-06-2024,Canceled,2082
2897,4592,4,26-02-2024,Shipped,3279
2898,3689,10,29-06-2024,Delivered,1336
2899,4174,15,25-02-2024,Canceled,4478
2900,4954,10,28-03-2024,Shipped,966
2901,4942,3,09-05-2024,Shipped,1874
2902,2911,18,24-02-2024,Delivered,574
2903,3767,7,31-05-2024,Pending,4273
2904,496,13,14-04-2024,Shipped,4662
2905,2496,4,03-10-2024,Shipped,383
2906,1701,4,03-11-2024,Delivered,3225
2907,1493,19,22-03-2024,Delivered,1225
2908,4577,8,28-05-2024,Pending,3217
2909,856,11,04-02-2024,Canceled,320
2910,4804,20,13-02-2024,Shipped,3194
2911,2829,12,05-04-2024,Pending,2710
2912,2777,3,20-07-2024,Pending,590
2913,1662,5,04-11-2024,Shipped,3077
2914,2308,1,26-07-2024,Canceled,1720
2915,4799,2,03-07-2024,Canceled,1400
2916,2607,4,23-01-2024,Delivered,1480
2917,863,1,01-10-2024,Delivered,2723
2918,113,20,04-05-2024,Canceled,696
2919,28,5,01-07-2024,Delivered,642
2920,2179,14,09-02-2024,Canceled,4494
2921,1238,7,16-06-2024,Shipped,2946
2922,3534,12,03-03-2024,Pending,1633
2923,4441,3,29-08-2024,Shipped,1330
2924,2748,15,15-07-2024,Pending,1237
2925,2110,7,18-04-2024,Delivered,4054
2926,4792,13,12-07-2024,Delivered,3975
2927,1381,20,11-10-2024,Shipped,3023
2928,1002,12,25-05-2024,Pending,2325
2929,1345,16,27-04-2024,Shipped,1606
2930,3938,5,14-07-2024,Pending,1899
2931,1110,10,10-07-2024,Delivered,4333
2932,4806,3,18-01-2024,Pending,4591
2933,4611,10,13-10-2024,Delivered,3365
2934,709,4,07-11-2024,Pending,3584
2935,3051,2,21-01-2024,Canceled,3806
2936,1101,2,08-08-2024,Shipped,4416
2937,647,18,16-06-2024,Shipped,2394
2938,3326,12,09-04-2024,Pending,217
2939,1488,18,08-06-2024,Canceled,4829
2940,2365,14,15-02-2024,Shipped,2162
2941,577,9,13-04-2024,Canceled,4443
2942,2041,4,25-05-2024,Pending,4233
2943,1720,10,10-08-2024,Delivered,4760
2944,2910,10,24-08-2024,Pending,745
2945,396,1,18-04-2024,Canceled,1183
2946,3746,19,18-07-2024,Canceled,972
2947,893,7,05-04-2024,Delivered,1176
2948,254,11,08-11-2024,Delivered,1033
2949,1035,15,03-11-2024,Canceled,4495
2950,3964,10,18-07-2024,Shipped,2240
2951,4144,4,01-09-2024,Delivered,3389
2952,4823,11,16-05-2024,Pending,2974
2953,1262,19,06-06-2024,Canceled,4813
2954,82,18,07-10-2024,Delivered,4492
2955,3292,12,18-01-2024,Canceled,812
2956,2030,9,17-02-2024,Shipped,2795
2957,1376,17,17-06-2024,Shipped,42
2958,3823,7,13-06-2024,Delivered,2930
2959,3507,19,14-07-2024,Canceled,2366
2960,2077,18,11-05-2024,Shipped,1623
2961,3325,20,03-08-2024,Shipped,2230
2962,4599,10,22-10-2024,Delivered,654
2963,1198,2,09-06-2024,Canceled,2776
2964,1288,9,25-06-2024,Canceled,2570
2965,931,7,31-10-2024,Canceled,607
2966,4449,13,19-06-2024,Delivered,3851
2967,893,9,23-07-2024,Pending,1548
2968,1213,17,22-08-2024,Delivered,773
2969,2209,15,09-05-2024,Pending,4659
2970,4739,5,30-03-2024,Shipped,2907
2971,3653,2,11-10-2024,Canceled,416
2972,4227,19,23-02-2024,Shipped,1892
2973,1942,4,29-04-2024,Delivered,2269
2974,209,12,28-08-2024,Delivered,1374
2975,3858,1,23-06-2024,Shipped,3036
2976,3693,4,24-10-2024,Delivered,1083
2977,1338,16,10-05-2024,Delivered,3324
2978,2549,1,06-11-2024,Canceled,2329
2979,3046,10,24-03-2024,Delivered,2998
2980,1109,18,26-08-2024,Delivered,2173
2981,356,20,22-03-2024,Shipped,1096
2982,4519,16,17-01-2024,Delivered,512
2983,4236,1,29-03-2024,Shipped,4486
2984,2081,17,06-09-2024,Delivered,3241
2985,2312,10,31-05-2024,Canceled,3429
2986,1001,18,30-01-2024,Delivered,3495
2987,3114,7,25-08-2024,Canceled,910
2988,2928,3,09-08-2024,Canceled,2048
2989,2659,19,06-08-2024,Pending,1719
2990,4670,8,21-03-2024,Shipped,3328
2991,281,3,18-02-2024,Canceled,4092
2992,394,18,26-05-2024,Delivered,371
2993,3352,15,11-10-2024,Pending,3524
2994,4815,12,09-01-2024,Shipped,2245
2995,304,7,06-04-2024,Pending,4836
2996,4010,15,31-10-2024,Canceled,4572
2997,3666,12,29-07-2024,Canceled,3658
2998,3032,4,24-09-2024,Pending,2776
2999,1862,16,14-10-2024,Canceled,929
3000,684,15,03-06-2024,Pending,156
3001,3868,19,13-02-2024,Delivered,4538
3002,1070,4,02-09-2024,Shipped,3439
3003,4232,9,24-05-2024,Shipped,4269
3004,287,5,07-10-2024,Delivered,1853
3005,3753,4,19-06-2024,Shipped,1943
3006,1483,6,06-09-2024,Pending,783
3007,2817,4,04-11-2024,Shipped,265
3008,4550,19,20-04-2024,Canceled,1959
3009,4986,7,21-02-2024,Pending,4073
3010,301,3,14-10-2024,Delivered,4334
3011,1299,19,14-03-2024,Delivered,2754
3012,2638,14,01-06-2024,Pending,4772
3013,4736,5,26-07-2024,Shipped,4994
3014,1740,13,18-03-2024,Shipped,4040
3015,2680,8,23-06-2024,Canceled,4977
3016,3765,6,13-10-2024,Pending,723
3017,1367,15,22-07-2024,Canceled,386
3018,3214,20,04-01-2024,Delivered,4219
3019,2333,2,18-09-2024,Delivered,1987
3020,3375,17,25-03-2024,Pending,1611
3021,4872,2,24-06-2024,Delivered,1981
3022,4153,9,31-01-2024,Delivered,2707
3023,1785,11,30-06-2024,Shipped,3604
3024,1376,14,29-01-2024,Pending,4534
3025,2810,2,01-08-2024,Pending,3865
3026,4185,6,17-06-2024,Pending,4269
3027,3931,20,05-05-2024,Canceled,144
3028,868,20,27-07-2024,Pending,4765
3029,3245,3,30-07-2024,Delivered,666
3030,3149,4,09-01-2024,Shipped,1348
3031,1953,15,26-06-2024,Canceled,3542
3032,3077,10,20-04-2024,Delivered,1675
3033,466,12,05-06-2024,Shipped,3727
3034,4248,12,31-10-2024,Delivered,827
3035,3261,7,15-02-2024,Shipped,2145
3036,1354,6,25-09-2024,Delivered,2911
3037,1065,12,26-02-2024,Delivered,3902
3038,1192,20,16-01-2024,Shipped,171
3039,4298,2,07-04-2024,Canceled,3541
3040,2000,19,09-06-2024,Delivered,4079
3041,4603,6,11-05-2024,Pending,1729
3042,3294,16,27-04-2024,Pending,1263
3043,3850,8,06-05-2024,Delivered,4908
3044,1774,19,26-05-2024,Pending,1152
3045,2201,11,03-05-2024,Pending,1826
3046,3604,15,17-06-2024,Delivered,775
3047,1607,1,31-05-2024,Delivered,2218
3048,4129,6,26-03-2024,Delivered,524
3049,3856,12,25-09-2024,Shipped,2854
3050,4209,2,29-05-2024,Delivered,538
3051,885,5,17-10-2024,Canceled,638
3052,1035,14,19-10-2024,Pending,1073
3053,3362,14,22-03-2024,Delivered,1061
3054,1707,17,31-05-2024,Pending,1782
3055,4152,5,16-03-2024,Pending,3744
3056,3481,14,01-10-2024,Shipped,4492
3057,4878,5,02-08-2024,Delivered,2532
3058,3933,14,16-09-2024,Delivered,252
3059,2414,5,20-10-2024,Shipped,800
3060,1309,14,14-02-2024,Pending,2809
3061,3185,19,22-03-2024,Pending,118
3062,3512,15,28-08-2024,Pending,4943
3063,4013,13,25-02-2024,Pending,3372
3064,643,18,05-11-2024,Canceled,3210
3065,4025,9,13-09-2024,Shipped,4958
3066,909,11,24-02-2024,Pending,1487
3067,3367,6,09-03-2024,Shipped,1018
3068,3468,15,22-03-2024,Delivered,70
3069,2162,5,23-01-2024,Pending,840
3070,4809,1,20-04-2024,Delivered,180
3071,4972,12,20-10-2024,Pending,2700
3072,3325,10,12-03-2024,Delivered,3000
3073,2745,16,07-02-2024,Pending,403
3074,4633,2,23-01-2024,Delivered,2854
3075,2457,18,30-03-2024,Shipped,4851
3076,48,9,10-07-2024,Shipped,4345
3077,4249,10,18-08-2024,Pending,4330
3078,4284,19,18-10-2024,Pending,4673
3079,4050,17,09-08-2024,Canceled,4009
3080,2580,7,01-08-2024,Shipped,311
3081,4582,13,13-03-2024,Shipped,111
3082,637,6,12-01-2024,Delivered,3406
3083,3204,15,27-04-2024,Delivered,4602
3084,477,11,06-09-2024,Canceled,248
3085,811,5,27-07-2024,Canceled,3878
3086,1719,1,22-06-2024,Delivered,3289
3087,2090,5,06-08-2024,Delivered,904
3088,2836,5,05-10-2024,Delivered,3181
3089,4260,18,13-10-2024,Delivered,847
3090,4360,5,24-03-2024,Canceled,4973
3091,2909,7,12-07-2024,Shipped,3346
3092,34,17,07-10-2024,Pending,355
3093,1913,7,18-01-2024,Shipped,3693
3094,1040,3,20-10-2024,Pending,685
3095,552,10,05-02-2024,Shipped,4107
3096,3760,16,08-03-2024,Delivered,2014
3097,4358,6,31-03-2024,Shipped,4653
3098,3455,2,19-03-2024,Pending,4853
3099,913,19,10-05-2024,Delivered,2425
3100,32,9,26-10-2024,Shipped,4315
3101,4437,14,22-06-2024,Shipped,385
3102,884,16,29-09-2024,Delivered,1503
3103,4723,5,08-08-2024,Pending,454
3104,1015,10,16-10-2024,Pending,4385
3105,2608,10,25-03-2024,Canceled,231
3106,3565,15,14-10-2024,Canceled,287
3107,4262,2,10-07-2024,Pending,1707
3108,4651,7,01-09-2024,Canceled,468
3109,2795,3,01-07-2024,Delivered,1276
3110,1455,16,02-10-2024,Pending,1121
3111,4155,1,13-10-2024,Delivered,2483
3112,685,14,14-05-2024,Pending,1856
3113,4544,10,19-08-2024,Pending,1125
3114,4349,10,03-01-2024,Shipped,2742
3115,2604,1,01-02-2024,Pending,3429
3116,676,1,10-03-2024,Pending,2444
3117,4293,13,21-08-2024,Pending,1455
3118,2699,4,20-02-2024,Pending,4211
3119,1377,10,16-08-2024,Canceled,1779
3120,3606,17,21-09-2024,Pending,4310
3121,4718,5,29-08-2024,Shipped,1797
3122,4500,20,20-02-2024,Shipped,1780
3123,2146,17,28-08-2024,Delivered,2973
3124,3150,12,01-03-2024,Pending,4383
3125,2573,20,10-01-2024,Pending,1113
3126,21,2,27-01-2024,Shipped,2770
3127,3534,8,01-04-2024,Canceled,4812
3128,4423,20,22-03-2024,Pending,1743
3129,2337,3,21-06-2024,Canceled,130
3130,3119,16,06-01-2024,Canceled,2303
3131,1490,20,16-10-2024,Delivered,3746
3132,4608,4,20-04-2024,Delivered,200
3133,557,6,04-05-2024,Delivered,3457
3134,3560,2,03-07-2024,Delivered,4437
3135,789,1,13-04-2024,Pending,3262
3136,774,2,04-10-2024,Shipped,2520
3137,4220,15,03-01-2024,Shipped,2265
3138,395,1,14-09-2024,Canceled,4653
3139,1799,4,02-08-2024,Delivered,1779
3140,1402,18,04-05-2024,Delivered,1268
3141,2749,2,20-01-2024,Delivered,587
3142,408,16,08-10-2024,Pending,3357
3143,3534,14,02-07-2024,Pending,39
3144,3900,5,01-10-2024,Pending,2585
3145,1467,1,25-04-2024,Delivered,876
3146,2534,2,21-08-2024,Delivered,4939
3147,2441,11,04-09-2024,Pending,3861
3148,265,16,31-01-2024,Pending,3924
3149,1570,4,01-02-2024,Pending,2124
3150,1656,9,28-03-2024,Pending,1147
3151,1575,3,22-08-2024,Shipped,2749
3152,345,1,01-03-2024,Delivered,1606
3153,1396,2,28-07-2024,Canceled,4510
3154,594,8,22-02-2024,Delivered,1532
3155,2507,2,17-03-2024,Pending,564
3156,2947,4,08-06-2024,Pending,3401
3157,1656,14,13-08-2024,Shipped,4693
3158,4344,3,13-06-2024,Pending,54
3159,1192,3,17-10-2024,Delivered,2022
3160,250,17,01-05-2024,Shipped,1725
3161,1204,5,30-08-2024,Shipped,990
3162,990,17,03-04-2024,Shipped,3854
3163,1336,6,31-07-2024,Pending,644
3164,4987,9,27-02-2024,Canceled,4539
3165,2682,1,27-10-2024,Pending,2253
3166,1348,9,17-06-2024,Delivered,620
3167,2382,1,05-08-2024,Pending,3945
3168,4354,17,28-03-2024,Delivered,3445
3169,2020,1,04-02-2024,Shipped,840
3170,4388,7,02-04-2024,Canceled,1486
3171,875,15,01-08-2024,Delivered,3983
3172,2500,10,06-01-2024,Delivered,2574
3173,143,17,24-09-2024,Shipped,1520
3174,1486,12,08-01-2024,Canceled,140
3175,1125,7,04-10-2024,Pending,588
3176,3978,11,23-09-2024,Delivered,2024
3177,3723,15,25-03-2024,Shipped,4740
3178,795,15,06-04-2024,Delivered,3498
3179,2969,16,06-08-2024,Delivered,370
3180,4284,7,17-03-2024,Delivered,3567
3181,3127,1,01-04-2024,Pending,2149
3182,228,16,17-06-2024,Canceled,1756
3183,4399,12,18-10-2024,Shipped,1759
3184,4112,1,26-06-2024,Shipped,603
3185,348,8,17-10-2024,Pending,1888
3186,2449,9,24-10-2024,Shipped,1566
3187,1023,14,18-03-2024,Shipped,1794
3188,2419,18,30-09-2024,Delivered,2852
3189,864,20,06-06-2024,Delivered,1632
3190,1361,2,28-01-2024,Pending,3274
3191,2823,12,26-04-2024,Delivered,362
3192,394,3,06-10-2024,Shipped,435
3193,1722,15,25-01-2024,Shipped,1107
3194,3757,7,20-04-2024,Shipped,3991
3195,344,3,12-07-2024,Delivered,2681
3196,3733,13,18-09-2024,Delivered,2832
3197,416,10,09-06-2024,Pending,4587
3198,2977,4,30-01-2024,Delivered,4125
3199,4433,16,23-08-2024,Pending,4309
3200,4979,12,22-04-2024,Pending,1030
3201,2589,19,21-05-2024,Canceled,2799
3202,3937,1,12-06-2024,Shipped,2033
3203,3333,20,03-02-2024,Shipped,2301
3204,4965,3,17-09-2024,Canceled,1652
3205,1306,7,06-10-2024,Pending,4516
3206,1829,10,04-05-2024,Pending,2413
3207,1215,18,27-07-2024,Pending,4514
3208,1164,9,11-02-2024,Shipped,4481
3209,2692,20,15-07-2024,Canceled,3874
3210,4074,8,13-02-2024,Pending,4917
3211,345,11,07-09-2024,Canceled,602
3212,1816,11,30-01-2024,Canceled,2287
3213,3608,20,05-01-2024,Delivered,3594
3214,3887,5,03-06-2024,Canceled,3130
3215,287,1,28-09-2024,Shipped,2771
3216,4930,10,24-08-2024,Canceled,1278
3217,1386,17,21-08-2024,Delivered,1174
3218,1751,15,22-04-2024,Canceled,1352
3219,2265,6,13-09-2024,Delivered,1963
3220,4822,19,28-02-2024,Shipped,2276
3221,391,13,06-11-2024,Shipped,3783
3222,4926,17,04-11-2024,Canceled,1523
3223,1040,5,12-08-2024,Delivered,2292
3224,3479,6,12-03-2024,Delivered,4931
3225,1695,13,04-03-2024,Pending,3112
3226,3323,3,01-04-2024,Canceled,627
3227,4918,1,25-01-2024,Delivered,702
3228,3142,3,15-10-2024,Shipped,3268
3229,859,19,28-08-2024,Shipped,4409
3230,4496,18,09-07-2024,Canceled,75
3231,4244,5,15-10-2024,Delivered,4575
3232,2279,12,14-07-2024,Shipped,3105
3233,3710,13,13-08-2024,Shipped,2012
3234,2791,11,03-10-2024,Pending,2015
3235,2562,13,13-05-2024,Canceled,2576
3236,3924,15,04-10-2024,Delivered,1001
3237,1030,5,19-09-2024,Canceled,2317
3238,294,8,21-07-2024,Pending,1388
3239,3228,11,13-08-2024,Shipped,2794
3240,2385,13,22-03-2024,Pending,4924
3241,4362,18,07-09-2024,Delivered,1072
3242,299,10,09-09-2024,Pending,3149
3243,1366,18,27-02-2024,Pending,2277
3244,3821,16,17-01-2024,Canceled,995
3245,443,9,25-01-2024,Canceled,282
3246,1693,9,04-11-2024,Canceled,3199
3247,4354,5,16-01-2024,Pending,4935
3248,1227,20,21-09-2024,Canceled,3051
3249,2090,3,05-08-2024,Delivered,1518
3250,3060,7,20-08-2024,Canceled,3894
3251,211,15,04-11-2024,Pending,318
3252,3890,16,20-07-2024,Shipped,3467
3253,3589,12,24-09-2024,Canceled,3834
3254,2902,4,30-01-2024,Shipped,2815
3255,374,15,03-01-2024,Delivered,3947
3256,1833,13,05-07-2024,Delivered,4835
3257,3254,8,02-03-2024,Delivered,4500
3258,4586,1,30-03-2024,Shipped,4396
3259,2495,17,27-02-2024,Delivered,1630
3260,2175,7,09-10-2024,Pending,1384
3261,3810,10,05-11-2024,Canceled,740
3262,342,19,25-02-2024,Delivered,31
3263,3539,14,10-09-2024,Canceled,3976
3264,557,1,18-09-2024,Delivered,4787
3265,1003,17,12-07-2024,Shipped,3247
3266,297,2,26-04-2024,Pending,1679
3267,4881,3,14-10-2024,Delivered,870
3268,4120,3,19-06-2024,Shipped,4402
3269,1119,2,20-07-2024,Shipped,3044
3270,4846,14,02-04-2024,Canceled,2441
3271,4768,16,07-11-2024,Delivered,3550
3272,3206,7,14-01-2024,Shipped,1504
3273,1454,11,05-02-2024,Canceled,3803
3274,4946,5,30-08-2024,Shipped,3432
3275,3648,8,22-10-2024,Shipped,1635
3276,3928,4,29-04-2024,Pending,482
3277,4615,3,13-04-2024,Pending,4474
3278,3178,14,18-02-2024,Delivered,3766
3279,156,5,03-01-2024,Canceled,4758
3280,1142,17,16-07-2024,Delivered,1561
3281,3021,14,27-07-2024,Shipped,307
3282,4791,15,20-03-2024,Pending,3664
3283,3965,10,29-04-2024,Delivered,4487
3284,2320,16,22-10-2024,Canceled,2593
3285,461,17,14-04-2024,Pending,2983
3286,3280,11,07-04-2024,Delivered,1734
3287,2993,2,28-02-2024,Shipped,4739
3288,3909,19,11-05-2024,Shipped,3717
3289,3485,8,06-04-2024,Delivered,2248
3290,2766,6,07-07-2024,Delivered,4544
3291,1564,20,23-04-2024,Shipped,2145
3292,2081,2,23-02-2024,Pending,131
3293,26,16,13-04-2024,Shipped,693
3294,2942,12,20-08-2024,Delivered,955
3295,1341,1,21-10-2024,Canceled,3142
3296,757,11,26-04-2024,Pending,3002
3297,996,9,05-02-2024,Pending,4186
3298,1799,12,11-07-2024,Shipped,3032
3299,525,20,13-07-2024,Pending,3748
3300,3837,13,08-05-2024,Delivered,4254
3301,630,13,01-08-2024,Pending,3760
3302,2631,5,12-04-2024,Pending,3136
3303,494,3,03-07-2024,Canceled,2429
3304,3603,3,17-10-2024,Pending,755
3305,1886,12,12-07-2024,Delivered,2641
3306,3790,3,17-01-2024,Shipped,906
3307,3674,17,01-03-2024,Delivered,4228
3308,3382,5,24-03-2024,Shipped,704
3309,4096,6,14-08-2024,Canceled,2165
3310,3899,18,20-02-2024,Shipped,884
3311,2727,6,15-07-2024,Pending,2773
3312,3743,16,17-09-2024,Pending,2811
3313,1112,13,05-09-2024,Shipped,4336
3314,1819,10,14-03-2024,Pending,4972
3315,4754,18,01-02-2024,Pending,540
3316,1319,12,22-01-2024,Delivered,1852
3317,2646,15,22-08-2024,Pending,1910
3318,471,11,26-01-2024,Shipped,4009
3319,1824,19,25-05-2024,Shipped,144
3320,4073,6,19-06-2024,Pending,3640
3321,1598,14,27-01-2024,Shipped,3514
3322,651,19,19-08-2024,Shipped,1233
3323,4726,14,06-02-2024,Delivered,456
3324,963,18,05-01-2024,Shipped,2583
3325,843,11,23-04-2024,Canceled,4064
3326,1217,13,06-09-2024,Delivered,4810
3327,2084,5,03-04-2024,Shipped,2107
3328,1104,15,13-10-2024,Canceled,1118
3329,3231,6,18-08-2024,Shipped,3835
3330,4331,16,21-06-2024,Shipped,3629
3331,4327,13,25-10-2024,Canceled,2112
3332,4895,4,12-08-2024,Pending,1297
3333,492,19,30-09-2024,Canceled,1526
3334,4578,20,08-03-2024,Canceled,4292
3335,4579,13,03-04-2024,Shipped,1934
3336,4768,3,30-04-2024,Shipped,2664
3337,1025,4,05-02-2024,Canceled,4502
3338,178,5,11-01-2024,Shipped,3436
3339,3426,8,17-09-2024,Shipped,3012
3340,3258,14,17-10-2024,Pending,3712
3341,2476,16,29-02-2024,Shipped,3855
3342,768,6,26-04-2024,Pending,3467
3343,4971,17,26-02-2024,Pending,4135
3344,1980,6,15-05-2024,Shipped,4402
3345,2452,8,18-01-2024,Shipped,1308
3346,137,2,05-05-2024,Shipped,1787
3347,3411,15,23-08-2024,Pending,757
3348,3573,10,23-09-2024,Delivered,3292
3349,4645,18,31-05-2024,Shipped,971
3350,2791,10,19-03-2024,Delivered,2493
3351,2661,3,11-02-2024,Canceled,3535
3352,4510,2,22-01-2024,Delivered,555
3353,2074,15,26-05-2024,Pending,1250
3354,1531,15,23-10-2024,Canceled,374
3355,4940,17,02-03-2024,Canceled,4711
3356,4995,17,13-06-2024,Shipped,2514
3357,688,13,05-08-2024,Canceled,3171
3358,2085,17,23-04-2024,Delivered,3982
3359,4304,9,19-04-2024,Shipped,248
3360,4551,20,26-01-2024,Delivered,4159
3361,2251,15,31-07-2024,Canceled,1044
3362,4043,15,30-06-2024,Canceled,3781
3363,1631,18,04-11-2024,Pending,2304
3364,4632,7,31-10-2024,Delivered,374
3365,3896,4,30-06-2024,Pending,3230
3366,3071,3,01-11-2024,Pending,3915
3367,3409,3,16-06-2024,Canceled,567
3368,2293,20,18-09-2024,Delivered,1059
3369,4170,1,28-07-2024,Pending,4559
3370,2775,14,25-08-2024,Delivered,3719
3371,4969,6,10-06-2024,Pending,4703
3372,118,20,03-02-2024,Delivered,3886
3373,4854,20,24-09-2024,Canceled,2665
3374,3441,1,01-07-2024,Pending,1368
3375,4970,2,15-06-2024,Canceled,138
3376,3006,17,03-09-2024,Delivered,268
3377,4831,6,26-07-2024,Canceled,1918
3378,2725,12,19-06-2024,Pending,2189
3379,2112,16,29-09-2024,Shipped,1459
3380,4129,20,13-03-2024,Canceled,4690
3381,3835,9,06-08-2024,Delivered,1116
3382,3288,8,10-06-2024,Pending,2416
3383,4197,20,18-02-2024,Pending,709
3384,2554,10,08-10-2024,Delivered,130
3385,4956,14,08-01-2024,Canceled,3189
3386,1551,2,27-04-2024,Shipped,1463
3387,4447,5,07-03-2024,Canceled,1359
3388,3669,18,25-10-2024,Delivered,1922
3389,4560,13,15-08-2024,Delivered,1977
3390,4009,13,10-07-2024,Shipped,3852
3391,2590,4,22-05-2024,Canceled,2329
3392,2257,3,04-11-2024,Delivered,1914
3393,1463,10,02-10-2024,Delivered,2214
3394,909,7,31-07-2024,Shipped,2514
3395,2605,5,01-09-2024,Pending,3912
3396,1865,13,04-02-2024,Shipped,1576
3397,4078,19,23-01-2024,Pending,2530
3398,4771,7,06-02-2024,Delivered,3855
3399,3030,11,24-09-2024,Canceled,2001
3400,4915,2,29-04-2024,Canceled,53
3401,3138,14,25-01-2024,Canceled,1635
3402,3450,9,19-01-2024,Pending,3103
3403,1528,5,07-10-2024,Canceled,2302
3404,1727,6,12-01-2024,Canceled,2797
3405,3081,16,23-07-2024,Canceled,2909
3406,1951,11,09-10-2024,Canceled,1531
3407,1311,6,28-02-2024,Delivered,1944
3408,102,9,13-05-2024,Canceled,1579
3409,1371,12,18-08-2024,Pending,1490
3410,4825,12,03-09-2024,Shipped,3787
3411,1020,3,10-03-2024,Shipped,4008
3412,2216,15,23-03-2024,Delivered,765
3413,4639,6,19-01-2024,Shipped,4619
3414,3303,8,30-05-2024,Delivered,1614
3415,2134,16,13-05-2024,Pending,840
3416,4600,16,07-02-2024,Shipped,1376
3417,4042,15,14-02-2024,Canceled,3706
3418,2067,2,04-07-2024,Shipped,126
3419,315,1,09-06-2024,Pending,4203
3420,419,4,04-08-2024,Pending,4750
3421,1722,14,03-03-2024,Shipped,2751
3422,1812,10,06-05-2024,Canceled,1450
3423,4660,17,16-02-2024,Canceled,4374
3424,3812,14,04-05-2024,Pending,2867
3425,3337,16,29-02-2024,Shipped,142
3426,2274,2,04-11-2024,Shipped,4354
3427,1477,20,15-07-2024,Pending,2583
3428,2920,15,18-07-2024,Shipped,2456
3429,4659,8,11-01-2024,Canceled,2962
3430,3851,7,17-01-2024,Canceled,2694
3431,544,14,30-04-2024,Pending,3322
3432,2792,12,24-08-2024,Delivered,3830
3433,1961,17,10-06-2024,Canceled,2821
3434,2105,12,10-01-2024,Delivered,1418
3435,4456,19,21-05-2024,Delivered,1598
3436,4136,17,16-04-2024,Pending,4058
3437,2083,14,11-06-2024,Shipped,587
3438,13,17,06-08-2024,Delivered,2922
3439,991,13,10-01-2024,Pending,484
3440,1448,11,25-05-2024,Shipped,2656
3441,3929,13,17-01-2024,Shipped,607
3442,4706,12,15-07-2024,Pending,4142
3443,1226,1,26-04-2024,Pending,1597
3444,456,4,06-09-2024,Canceled,3510
3445,2539,17,06-09-2024,Canceled,753
3446,1163,3,15-08-2024,Canceled,4797
3447,4950,8,14-10-2024,Shipped,865
3448,3824,4,09-05-2024,Canceled,3113
3449,207,20,12-09-2024,Shipped,1596
3450,4820,15,03-02-2024,Delivered,431
3451,3298,18,03-07-2024,Pending,1180
3452,130,10,17-10-2024,Delivered,117
3453,4326,15,06-01-2024,Delivered,2578
3454,2271,6,10-04-2024,Canceled,4529
3455,4072,4,18-02-2024,Pending,4825
3456,1427,18,20-01-2024,Shipped,2318
3457,2211,3,22-10-2024,Pending,402
3458,1279,13,19-04-2024,Pending,2034
3459,4215,10,05-07-2024,Canceled,376
3460,3933,6,22-03-2024,Delivered,4774
3461,2591,13,09-01-2024,Pending,1568
3462,423,6,22-07-2024,Canceled,547
3463,1991,18,19-06-2024,Shipped,1681
3464,2631,8,05-08-2024,Delivered,4239
3465,4239,15,29-07-2024,Delivered,2731
3466,2159,18,20-06-2024,Canceled,812
3467,1002,13,08-05-2024,Canceled,1654
3468,1603,11,19-02-2024,Delivered,1054
3469,1156,12,30-05-2024,Delivered,4822
3470,1719,5,28-03-2024,Canceled,2480
3471,2058,19,03-03-2024,Shipped,3291
3472,2386,13,05-03-2024,Canceled,3737
3473,2441,13,17-10-2024,Canceled,923
3474,2349,14,21-07-2024,Pending,4372
3475,1902,7,08-04-2024,Canceled,1631
3476,390,18,24-04-2024,Pending,4383
3477,2397,9,14-02-2024,Shipped,1348
3478,1886,5,31-03-2024,Canceled,656
3479,1504,10,30-03-2024,Delivered,620
3480,1874,15,20-09-2024,Delivered,2268
3481,550,13,15-03-2024,Delivered,2390
3482,1224,3,04-05-2024,Delivered,3359
3483,21,13,02-08-2024,Pending,4438
3484,2490,2,10-09-2024,Shipped,2781
3485,367,20,22-01-2024,Canceled,1934
3486,335,20,08-03-2024,Delivered,712
3487,2859,5,22-09-2024,Shipped,4719
3488,106,16,29-01-2024,Delivered,4909
3489,1069,14,24-01-2024,Pending,395
3490,3012,4,24-03-2024,Shipped,4209
3491,4991,18,05-07-2024,Delivered,4242
3492,2200,1,17-10-2024,Shipped,3883
3493,3366,1,04-07-2024,Canceled,437
3494,2400,4,06-01-2024,Canceled,3402
3495,1817,15,11-01-2024,Shipped,3210
3496,2064,13,25-02-2024,Canceled,479
3497,676,1,02-04-2024,Pending,1457
3498,3572,15,24-03-2024,Delivered,3756
3499,3394,1,03-05-2024,Pending,1232
3500,1577,20,29-07-2024,Pending,3
3501,599,7,24-02-2024,Delivered,4516
3502,3065,7,18-03-2024,Shipped,1105
3503,4746,9,08-05-2024,Delivered,1372
3504,4811,9,08-11-2024,Delivered,3628
3505,3543,18,10-01-2024,Delivered,284
3506,3037,18,18-06-2024,Canceled,4686
3507,4895,3,08-03-2024,Delivered,514
3508,820,15,30-06-2024,Canceled,247
3509,3912,4,30-04-2024,Delivered,4321
3510,243,3,16-09-2024,Canceled,315
3511,4929,3,02-02-2024,Canceled,3115
3512,382,11,15-10-2024,Delivered,4063
3513,3815,9,31-10-2024,Canceled,2550
3514,1739,3,23-05-2024,Delivered,3341
3515,842,2,02-07-2024,Delivered,1526
3516,609,1,21-01-2024,Shipped,1443
3517,3007,12,16-07-2024,Pending,2089
3518,1139,10,25-07-2024,Pending,4402
3519,3800,9,19-03-2024,Pending,203
3520,4850,20,05-03-2024,Shipped,48
3521,1530,6,16-07-2024,Delivered,4413
3522,3213,11,01-06-2024,Canceled,4101
3523,3817,1,14-01-2024,Delivered,429
3524,712,10,12-04-2024,Shipped,4854
3525,261,15,07-02-2024,Canceled,1331
3526,4269,3,27-05-2024,Canceled,4892
3527,3466,15,08-02-2024,Shipped,3418
3528,2645,4,01-05-2024,Pending,4572
3529,422,6,28-03-2024,Pending,3222
3530,816,2,12-05-2024,Delivered,3570
3531,3860,5,18-04-2024,Canceled,480
3532,98,18,26-03-2024,Pending,1915
3533,2055,19,04-10-2024,Pending,4096
3534,4298,9,28-04-2024,Shipped,2068
3535,1726,10,15-08-2024,Shipped,277
3536,3291,2,13-02-2024,Delivered,612
3537,4593,20,04-10-2024,Delivered,2426
3538,859,16,19-10-2024,Canceled,2984
3539,4921,2,08-09-2024,Canceled,3206
3540,4742,5,30-09-2024,Delivered,3185
3541,4964,9,14-07-2024,Delivered,205
3542,93,4,10-08-2024,Delivered,783
3543,411,7,28-02-2024,Delivered,4365
3544,641,17,29-04-2024,Canceled,3377
3545,3633,20,14-05-2024,Shipped,2887
3546,3586,6,14-09-2024,Pending,2443
3547,1636,1,02-05-2024,Pending,3854
3548,1995,7,24-06-2024,Canceled,1311
3549,2749,2,10-10-2024,Delivered,3543
3550,2740,16,21-04-2024,Canceled,4839
3551,4901,11,09-09-2024,Canceled,1527
3552,3683,8,12-06-2024,Shipped,2980
3553,1799,12,31-08-2024,Canceled,663
3554,4002,1,24-04-2024,Canceled,1348
3555,3260,8,07-10-2024,Pending,1970
3556,4086,11,31-03-2024,Pending,3958
3557,3058,7,17-03-2024,Delivered,974
3558,3967,18,30-03-2024,Pending,4837
3559,4930,9,22-01-2024,Shipped,2146
3560,3412,20,15-04-2024,Pending,4804
3561,1839,11,07-01-2024,Pending,621
3562,2151,20,25-03-2024,Canceled,4841
3563,974,17,18-01-2024,Pending,585
3564,4914,12,15-09-2024,Shipped,999
3565,4980,1,15-09-2024,Shipped,2957
3566,2103,9,29-09-2024,Pending,2767
3567,383,4,11-05-2024,Canceled,2715
3568,1068,2,31-07-2024,Shipped,2792
3569,1063,19,28-10-2024,Delivered,4014
3570,4593,16,01-02-2024,Shipped,2427
3571,38,5,13-07-2024,Canceled,1774
3572,2278,13,15-02-2024,Delivered,1882
3573,1529,19,19-05-2024,Pending,3023
3574,1707,16,14-09-2024,Shipped,503
3575,4625,14,18-07-2024,Pending,3969
3576,1991,19,15-05-2024,Canceled,2425
3577,87,10,01-04-2024,Canceled,4882
3578,1788,6,13-05-2024,Canceled,809
3579,2222,15,02-01-2024,Canceled,363
3580,308,11,15-06-2024,Shipped,3047
3581,2646,4,18-02-2024,Canceled,3585
3582,585,16,21-08-2024,Pending,3641
3583,4662,1,29-02-2024,Pending,2808
3584,362,12,20-05-2024,Shipped,4786
3585,4982,4,26-07-2024,Delivered,2341
3586,1358,11,14-09-2024,Shipped,4369
3587,4722,13,13-01-2024,Delivered,4426
3588,2860,5,11-10-2024,Pending,4940
3589,2350,18,17-10-2024,Pending,1000
3590,967,5,19-08-2024,Shipped,4370
3591,941,1,08-11-2024,Canceled,1638
3592,4687,13,19-08-2024,Shipped,302
3593,4968,9,17-04-2024,Shipped,207
3594,3647,17,25-08-2024,Pending,1111
3595,1906,3,25-01-2024,Delivered,853
3596,2126,1,09-08-2024,Pending,173
3597,1261,11,11-09-2024,Pending,3904
3598,3326,15,24-10-2024,Delivered,3543
3599,1751,19,07-04-2024,Pending,2662
3600,1088,15,27-10-2024,Canceled,3552
3601,1875,14,03-04-2024,Shipped,1890
3602,877,7,21-06-2024,Canceled,1200
3603,525,10,17-03-2024,Canceled,3203
3604,31,18,02-04-2024,Canceled,1346
3605,919,15,24-03-2024,Canceled,3902
3606,2486,16,27-01-2024,Shipped,3198
3607,3803,8,09-03-2024,Delivered,2382
3608,4374,15,26-08-2024,Canceled,2841
3609,2608,12,20-03-2024,Delivered,2736
3610,2239,9,27-09-2024,Pending,4682
3611,925,2,24-07-2024,Delivered,3330
3612,3489,5,27-05-2024,Pending,2246
3613,349,20,14-10-2024,Canceled,3886
3614,1008,3,17-05-2024,Delivered,2929
3615,292,5,10-05-2024,Pending,368
3616,1600,2,05-06-2024,Canceled,4740
3617,3135,14,28-10-2024,Canceled,4217
3618,4324,10,02-08-2024,Delivered,554
3619,1369,3,12-05-2024,Pending,1547
3620,3100,8,12-09-2024,Delivered,2735
3621,755,4,24-01-2024,Shipped,598
3622,1470,7,01-03-2024,Shipped,3026
3623,4488,17,23-02-2024,Delivered,2974
3624,3480,19,04-01-2024,Delivered,3381
3625,4782,6,04-09-2024,Canceled,842
3626,1583,8,25-07-2024,Canceled,3861
3627,1133,18,08-01-2024,Delivered,2134
3628,3515,15,25-05-2024,Pending,4113
3629,1316,9,14-03-2024,Pending,1748
3630,2814,11,30-07-2024,Delivered,1667
3631,1211,3,01-10-2024,Pending,3800
3632,3071,14,25-04-2024,Delivered,1246
3633,3193,15,20-10-2024,Delivered,4007
3634,2095,17,11-07-2024,Shipped,1866
3635,2165,9,18-09-2024,Shipped,644
3636,1431,1,19-09-2024,Delivered,3329
3637,1396,6,11-08-2024,Canceled,95
3638,4189,13,27-09-2024,Canceled,106
3639,1287,11,29-02-2024,Delivered,3639
3640,89,1,23-06-2024,Shipped,943
3641,5000,17,18-08-2024,Canceled,1745
3642,635,20,23-05-2024,Canceled,2613
3643,1058,5,26-01-2024,Pending,4533
3644,2990,18,23-03-2024,Pending,2302
3645,3979,19,12-03-2024,Pending,1260
3646,1515,4,29-10-2024,Shipped,2369
3647,2409,1,15-10-2024,Canceled,2184
3648,1279,3,18-04-2024,Pending,3257
3649,1639,11,02-06-2024,Pending,2384
3650,2986,3,06-05-2024,Pending,305
3651,256,6,30-01-2024,Canceled,4709
3652,3017,5,31-07-2024,Pending,320
3653,2361,11,14-03-2024,Pending,491
3654,3902,15,22-09-2024,Canceled,1370
3655,2968,10,23-05-2024,Pending,2605
3656,4246,13,18-08-2024,Delivered,368
3657,3957,16,08-02-2024,Delivered,1950
3658,2871,2,09-04-2024,Pending,2966
3659,2670,18,17-06-2024,Canceled,989
3660,474,13,14-02-2024,Delivered,3092
3661,625,14,01-09-2024,Pending,4951
3662,2775,12,05-03-2024,Shipped,4096
3663,1634,17,18-01-2024,Delivered,1276
3664,2541,8,14-02-2024,Pending,2694
3665,1720,17,10-10-2024,Pending,2672
3666,1833,8,13-04-2024,Delivered,850
3667,1370,1,16-01-2024,Shipped,1738
3668,3326,11,10-10-2024,Delivered,187
3669,567,17,25-06-2024,Shipped,1359
3670,3255,17,16-08-2024,Shipped,4584
3671,1869,18,15-07-2024,Canceled,2603
3672,2425,15,28-03-2024,Pending,201
3673,2889,18,16-04-2024,Delivered,3523
3674,1938,16,08-01-2024,Delivered,3305
3675,4631,13,03-01-2024,Delivered,2503
3676,4113,19,23-06-2024,Pending,4885
3677,2950,14,21-06-2024,Canceled,3080
3678,1366,20,02-11-2024,Delivered,1769
3679,1845,13,30-01-2024,Delivered,1800
3680,3961,10,07-11-2024,Canceled,1965
3681,920,20,23-09-2024,Shipped,2962
3682,1345,15,10-09-2024,Canceled,2358
3683,1561,11,12-06-2024,Shipped,1296
3684,860,5,02-09-2024,Canceled,161
3685,4741,5,24-01-2024,Shipped,2864
3686,3661,1,08-02-2024,Pending,1829
3687,198,18,12-10-2024,Canceled,2713
3688,2923,20,13-01-2024,Shipped,3964
3689,2029,3,06-08-2024,Delivered,2134
3690,157,6,08-10-2024,Canceled,3009
3691,1118,14,08-11-2024,Shipped,3438
3692,641,17,11-10-2024,Delivered,496
3693,3038,11,26-03-2024,Canceled,2584
3694,1658,8,28-10-2024,Canceled,2543
3695,784,2,12-02-2024,Canceled,1627
3696,3416,12,20-06-2024,Shipped,4348
3697,4650,4,08-11-2024,Canceled,607
3698,893,2,03-04-2024,Canceled,780
3699,1574,14,30-04-2024,Delivered,2747
3700,4414,8,23-08-2024,Delivered,981
3701,359,1,09-10-2024,Shipped,4029
3702,3020,20,07-08-2024,Pending,529
3703,2843,2,16-06-2024,Delivered,3484
3704,2863,1,19-03-2024,Pending,3729
3705,2743,17,09-03-2024,Delivered,2566
3706,2430,17,07-02-2024,Canceled,2391
3707,2202,3,22-05-2024,Shipped,4913
3708,2199,4,19-05-2024,Shipped,3159
3709,4088,9,27-03-2024,Canceled,1983
3710,3163,7,09-09-2024,Delivered,670
3711,3971,15,22-10-2024,Delivered,4926
3712,4717,10,03-04-2024,Pending,2170
3713,758,18,27-08-2024,Pending,2972
3714,3435,9,01-11-2024,Canceled,3150
3715,4068,11,29-06-2024,Shipped,4519
3716,3948,17,04-05-2024,Pending,2768
3717,414,6,19-03-2024,Pending,4447
3718,381,7,09-02-2024,Canceled,3439
3719,3646,15,10-07-2024,Shipped,1892
3720,3657,16,07-05-2024,Pending,4722
3721,1081,9,20-02-2024,Pending,872
3722,3781,11,31-07-2024,Canceled,1165
3723,2724,2,25-05-2024,Canceled,108
3724,1135,19,08-02-2024,Pending,3933
3725,4408,12,05-11-2024,Delivered,4506
3726,4558,1,12-03-2024,Delivered,3260
3727,3128,8,13-09-2024,Shipped,4328
3728,2575,4,02-03-2024,Pending,2272
3729,3067,19,09-04-2024,Pending,865
3730,269,3,09-01-2024,Pending,3517
3731,4883,16,05-09-2024,Shipped,2916
3732,2646,1,17-09-2024,Shipped,3908
3733,2026,14,19-01-2024,Canceled,3740
3734,3434,6,13-01-2024,Delivered,784
3735,4820,10,22-02-2024,Pending,3041
3736,3623,8,01-05-2024,Shipped,3803
3737,132,5,10-08-2024,Delivered,2375
3738,4682,12,17-03-2024,Canceled,2903
3739,4117,13,10-07-2024,Pending,771
3740,2602,14,02-10-2024,Delivered,871
3741,2469,8,09-05-2024,Delivered,228
3742,808,6,28-07-2024,Delivered,998
3743,3715,16,02-02-2024,Canceled,4750
3744,3313,16,26-07-2024,Shipped,4719
3745,4048,14,29-03-2024,Pending,704
3746,1376,15,13-05-2024,Delivered,1064
3747,2477,2,15-01-2024,Shipped,244
3748,1185,16,05-09-2024,Canceled,2535
3749,4920,4,18-01-2024,Delivered,2544
3750,839,18,12-03-2024,Shipped,1961
3751,495,19,26-02-2024,Canceled,1269
3752,1376,15,05-08-2024,Pending,2910
3753,2590,16,02-07-2024,Pending,821
3754,2352,4,16-10-2024,Canceled,186
3755,2531,3,13-04-2024,Shipped,2759
3756,592,13,05-01-2024,Delivered,212
3757,2287,13,17-09-2024,Canceled,3214
3758,4188,20,25-07-2024,Delivered,1939
3759,1540,14,17-08-2024,Pending,1193
3760,4872,18,09-07-2024,Canceled,4834
3761,919,8,24-05-2024,Pending,2269
3762,3464,3,07-09-2024,Shipped,1207
3763,1210,5,08-07-2024,Shipped,4240
3764,3509,7,30-09-2024,Canceled,396
3765,4313,1,19-07-2024,Canceled,4934
3766,56,18,07-10-2024,Delivered,1269
3767,4723,8,11-04-2024,Shipped,104
3768,4994,20,22-02-2024,Shipped,4255
3769,2243,12,29-03-2024,Shipped,1135
3770,1601,8,14-05-2024,Delivered,2332
3771,3904,3,01-02-2024,Canceled,3135
3772,129,7,31-08-2024,Pending,71
3773,4439,7,05-08-2024,Pending,2909
3774,1787,15,18-09-2024,Shipped,476
3775,4913,14,15-01-2024,Shipped,4211
3776,1419,6,01-10-2024,Shipped,1399
3777,3838,9,03-03-2024,Delivered,716
3778,3399,16,08-11-2024,Canceled,4896
3779,3054,4,17-06-2024,Shipped,4275
3780,3902,11,30-04-2024,Canceled,1180
3781,130,3,11-03-2024,Shipped,2826
3782,1274,19,12-02-2024,Delivered,3378
3783,2761,8,03-09-2024,Pending,4065
3784,1747,6,27-04-2024,Canceled,2690
3785,4139,13,15-08-2024,Canceled,2381
3786,2882,5,24-02-2024,Delivered,206
3787,2896,2,25-07-2024,Delivered,3228
3788,1822,20,02-10-2024,Pending,4535
3789,3333,8,17-07-2024,Pending,1951
3790,1567,2,25-04-2024,Pending,4154
3791,3225,5,29-01-2024,Delivered,1807
3792,686,14,30-05-2024,Delivered,2289
3793,2285,2,07-10-2024,Delivered,4961
3794,2534,12,31-03-2024,Pending,4481
3795,4964,5,02-10-2024,Pending,1557
3796,3504,15,18-04-2024,Canceled,1898
3797,3305,4,20-04-2024,Pending,47
3798,9,15,09-07-2024,Pending,4069
3799,109,11,30-06-2024,Canceled,1588
3800,1373,3,09-09-2024,Shipped,3189
3801,2311,6,17-08-2024,Canceled,3092
3802,3813,18,13-03-2024,Delivered,3369
3803,1551,2,07-07-2024,Shipped,1972
3804,255,3,06-09-2024,Canceled,489
3805,4318,9,29-08-2024,Delivered,4442
3806,2511,3,10-06-2024,Delivered,860
3807,2130,8,25-08-2024,Canceled,2252
3808,3794,20,01-11-2024,Shipped,978
3809,4642,12,15-10-2024,Shipped,4150
3810,1581,5,18-03-2024,Shipped,4725
3811,3484,3,27-08-2024,Delivered,2647
3812,4469,5,17-09-2024,Pending,4050
3813,1944,3,28-02-2024,Shipped,4891
3814,3343,15,03-01-2024,Pending,4262
3815,2046,15,14-05-2024,Shipped,959
3816,1561,14,23-05-2024,Delivered,4925
3817,111,8,01-02-2024,Delivered,4575
3818,4651,7,06-11-2024,Pending,446
3819,3753,14,22-05-2024,Pending,4213
3820,350,6,14-10-2024,Shipped,1289
3821,4912,16,09-09-2024,Delivered,923
3822,3778,7,29-06-2024,Delivered,2012
3823,892,2,03-01-2024,Delivered,325
3824,3040,12,02-11-2024,Delivered,2260
3825,4827,18,07-04-2024,Shipped,4285
3826,1258,5,17-05-2024,Pending,3725
3827,3959,8,05-10-2024,Canceled,4785
3828,4558,10,14-03-2024,Shipped,3582
3829,3423,5,13-10-2024,Canceled,3535
3830,4748,19,14-10-2024,Shipped,3527
3831,437,8,30-03-2024,Canceled,2940
3832,1986,1,05-01-2024,Delivered,4137
3833,3741,8,22-04-2024,Delivered,104
3834,4285,5,26-03-2024,Canceled,640
3835,2974,17,07-04-2024,Pending,2518
3836,2899,6,30-08-2024,Shipped,3071
3837,639,7,15-04-2024,Delivered,577
3838,2811,3,03-08-2024,Delivered,2605
3839,2757,1,13-02-2024,Shipped,2382
3840,1173,16,20-05-2024,Canceled,2996
3841,4279,18,08-08-2024,Pending,4320
3842,4141,18,06-08-2024,Pending,2848
3843,2938,4,17-07-2024,Canceled,4852
3844,3441,14,25-02-2024,Pending,2710
3845,3190,15,25-09-2024,Shipped,1144
3846,2109,13,31-05-2024,Pending,954
3847,1034,19,19-07-2024,Pending,3992
3848,777,11,01-07-2024,Delivered,4282
3849,1184,15,23-04-2024,Pending,1700
3850,3386,9,23-04-2024,Pending,3313
3851,1115,10,26-03-2024,Canceled,3242
3852,3421,10,02-04-2024,Delivered,2455
3853,648,9,18-09-2024,Shipped,197
3854,3917,14,10-07-2024,Pending,4944
3855,2194,3,21-03-2024,Canceled,1249
3856,2240,3,13-02-2024,Shipped,4372
3857,4588,17,12-04-2024,Delivered,300
3858,2467,7,01-09-2024,Delivered,147
3859,3461,5,05-01-2024,Canceled,193
3860,1885,2,25-02-2024,Delivered,3658
3861,1666,19,24-08-2024,Shipped,3798
3862,1914,14,09-01-2024,Pending,42
3863,4460,7,29-03-2024,Shipped,990
3864,1193,16,08-01-2024,Shipped,3900
3865,3639,16,20-01-2024,Shipped,875
3866,1395,20,30-07-2024,Canceled,880
3867,1450,3,11-02-2024,Canceled,2036
3868,2429,20,03-11-2024,Canceled,3703
3869,3864,6,23-09-2024,Canceled,4274
3870,4411,18,05-11-2024,Pending,496
3871,3375,2,03-01-2024,Canceled,2762
3872,363,12,27-03-2024,Shipped,669
3873,302,16,23-08-2024,Shipped,3683
3874,4222,13,05-02-2024,Canceled,3505
3875,1069,15,28-01-2024,Delivered,1339
3876,4237,17,15-02-2024,Pending,331
3877,3157,7,06-09-2024,Canceled,4657
3878,4567,5,26-04-2024,Shipped,119
3879,3088,14,05-01-2024,Shipped,1736
3880,443,6,09-07-2024,Shipped,3006
3881,1253,7,13-05-2024,Delivered,1407
3882,4322,6,25-05-2024,Shipped,4410
3883,4996,4,09-08-2024,Pending,3044
3884,2272,2,30-06-2024,Delivered,3183
3885,3856,2,27-07-2024,Canceled,2454
3886,743,17,03-11-2024,Canceled,4099
3887,3742,7,18-06-2024,Delivered,2493
3888,537,1,06-03-2024,Delivered,1407
3889,4093,20,28-01-2024,Delivered,1837
3890,4945,4,10-06-2024,Canceled,2538
3891,3578,6,24-03-2024,Pending,305
3892,2669,10,08-04-2024,Delivered,562
3893,3147,20,15-07-2024,Delivered,4273
3894,1445,18,28-04-2024,Canceled,2381
3895,1967,2,14-10-2024,Canceled,4090
3896,4557,7,12-10-2024,Pending,1352
3897,4565,16,21-04-2024,Shipped,1939
3898,3215,5,31-03-2024,Canceled,1831
3899,4238,5,24-01-2024,Delivered,914
3900,3755,10,09-05-2024,Pending,949
3901,2150,16,23-03-2024,Shipped,1625
3902,1936,9,26-04-2024,Pending,2220
3903,88,15,11-04-2024,Canceled,4974
3904,2994,3,19-10-2024,Pending,3635
3905,1658,20,03-09-2024,Canceled,4410
3906,3815,6,04-07-2024,Shipped,414
3907,4449,8,10-05-2024,Canceled,113
3908,3301,17,17-05-2024,Pending,530
3909,1012,11,09-01-2024,Delivered,4282
3910,3005,12,03-11-2024,Delivered,3891
3911,1509,16,18-07-2024,Pending,3235
3912,1438,12,27-02-2024,Delivered,3086
3913,54,19,30-03-2024,Shipped,4256
3914,1086,5,03-08-2024,Pending,1001
3915,2140,16,26-02-2024,Shipped,2473
3916,615,16,24-07-2024,Delivered,104
3917,3818,19,03-09-2024,Pending,307
3918,3121,20,26-07-2024,Delivered,1894
3919,3038,1,04-08-2024,Shipped,980
3920,3579,14,07-02-2024,Canceled,4639
3921,3643,3,02-06-2024,Canceled,2173
3922,2238,3,01-02-2024,Delivered,414
3923,4971,14,31-03-2024,Pending,3530
3924,3934,2,26-06-2024,Canceled,3659
3925,4356,13,10-09-2024,Canceled,1061
3926,4344,18,03-02-2024,Delivered,3189
3927,3432,2,13-08-2024,Delivered,2019
3928,4349,15,07-05-2024,Pending,3063
3929,700,9,22-09-2024,Canceled,2288
3930,2935,9,19-07-2024,Shipped,2218
3931,1501,14,26-07-2024,Delivered,1357
3932,3778,20,27-10-2024,Delivered,2917
3933,2334,13,12-01-2024,Shipped,3185
3934,617,3,09-07-2024,Pending,3326
3935,3800,14,28-03-2024,Canceled,4543
3936,4202,18,03-11-2024,Shipped,2062
3937,3584,11,25-02-2024,Delivered,4795
3938,4810,6,07-07-2024,Delivered,884
3939,4496,4,17-02-2024,Delivered,448
3940,4644,4,29-04-2024,Canceled,2031
3941,2533,17,27-05-2024,Pending,4927
3942,1167,13,27-03-2024,Shipped,2195
3943,2603,8,15-05-2024,Shipped,4951
3944,1674,14,13-05-2024,Shipped,4892
3945,966,12,24-04-2024,Canceled,4275
3946,2177,5,25-02-2024,Pending,3422
3947,4531,11,26-07-2024,Shipped,1772
3948,3302,15,28-04-2024,Shipped,3560
3949,875,6,17-06-2024,Shipped,1599
3950,787,6,20-07-2024,Pending,2334
3951,1045,2,09-06-2024,Pending,1123
3952,3722,8,24-03-2024,Shipped,1938
3953,946,17,22-10-2024,Pending,4257
3954,3947,3,02-09-2024,Canceled,4894
3955,3107,16,04-10-2024,Shipped,1977
3956,4548,9,28-10-2024,Pending,3453
3957,2211,15,29-07-2024,Canceled,1706
3958,2112,3,21-06-2024,Canceled,4839
3959,4226,18,09-03-2024,Delivered,1344
3960,4968,18,21-01-2024,Pending,55
3961,820,16,22-03-2024,Canceled,3355
3962,2872,19,05-03-2024,Canceled,3306
3963,1490,13,18-03-2024,Shipped,3261
3964,1862,4,22-07-2024,Canceled,1950
3965,576,15,27-03-2024,Delivered,1047
3966,3854,17,23-10-2024,Pending,2379
3967,4651,7,01-03-2024,Pending,3564
3968,234,17,19-10-2024,Shipped,1760
3969,602,7,19-02-2024,Pending,2473
3970,2649,12,05-07-2024,Shipped,774
3971,4111,13,24-01-2024,Delivered,416
3972,4976,18,01-05-2024,Shipped,3948
3973,4514,6,24-08-2024,Delivered,3697
3974,399,8,11-04-2024,Pending,2177
3975,2664,16,02-04-2024,Shipped,1883
3976,3464,13,24-02-2024,Pending,3791
3977,2143,15,04-07-2024,Shipped,3986
3978,2455,14,26-09-2024,Pending,3973
3979,1798,11,23-04-2024,Canceled,2030
3980,4899,12,12-01-2024,Pending,3782
3981,4821,6,03-03-2024,Delivered,3678
3982,2167,17,27-05-2024,Shipped,894
3983,2988,10,16-05-2024,Canceled,2003
3984,1994,5,13-05-2024,Pending,4890
3985,2801,8,01-08-2024,Delivered,4238
3986,386,11,05-05-2024,Pending,2318
3987,1074,10,27-08-2024,Pending,3580
3988,4425,2,11-03-2024,Delivered,1586
3989,2596,3,11-04-2024,Shipped,3986
3990,566,12,22-05-2024,Shipped,2826
3991,3363,5,05-08-2024,Delivered,4301
3992,2922,11,20-01-2024,Delivered,4920
3993,4501,7,05-03-2024,Pending,1594
3994,1545,6,01-04-2024,Shipped,4121
3995,902,17,07-10-2024,Shipped,3078
3996,2469,5,09-10-2024,Shipped,267
3997,3183,12,06-04-2024,Pending,3331
3998,3431,7,16-02-2024,Pending,4928
3999,3898,10,12-01-2024,Delivered,3037
4000,3518,19,16-07-2024,Pending,1412
4001,1715,11,08-02-2024,Shipped,2401
4002,3090,2,14-07-2024,Pending,4608
4003,2595,9,17-05-2024,Canceled,1304
4004,2905,5,08-09-2024,Delivered,2091
4005,1015,18,18-04-2024,Canceled,2995
4006,1943,15,06-10-2024,Shipped,3559
4007,4079,14,27-07-2024,Shipped,3612
4008,2368,2,10-10-2024,Pending,814
4009,530,1,10-01-2024,Delivered,2076
4010,4216,3,06-05-2024,Canceled,476
4011,1737,5,16-10-2024,Canceled,2669
4012,453,1,21-09-2024,Delivered,2541
4013,656,12,01-11-2024,Delivered,2920
4014,4942,9,06-02-2024,Delivered,4632
4015,4321,6,08-04-2024,Pending,447
4016,2309,16,01-04-2024,Pending,3504
4017,2691,9,13-09-2024,Pending,3312
4018,2349,19,19-07-2024,Shipped,4578
4019,4742,2,21-07-2024,Delivered,3545
4020,1203,3,02-10-2024,Pending,4511
4021,3294,19,09-03-2024,Delivered,1551
4022,4649,7,02-07-2024,Pending,1001
4023,1552,2,28-03-2024,Canceled,4996
4024,3033,11,08-07-2024,Delivered,2291
4025,994,19,03-09-2024,Delivered,1665
4026,4971,8,27-10-2024,Pending,326
4027,4558,13,13-04-2024,Delivered,2510
4028,68,8,12-08-2024,Shipped,4047
4029,3031,18,18-01-2024,Shipped,1961
4030,2928,15,15-08-2024,Delivered,1306
4031,2504,10,10-08-2024,Delivered,2053
4032,966,17,10-04-2024,Delivered,823
4033,4069,10,12-09-2024,Shipped,2324
4034,1045,6,18-04-2024,Delivered,1845
4035,4978,2,12-07-2024,Canceled,4005
4036,2365,1,05-02-2024,Pending,1994
4037,3706,9,26-07-2024,Canceled,1381
4038,3928,3,06-09-2024,Pending,992
4039,461,18,28-10-2024,Canceled,3776
4040,3899,15,26-01-2024,Delivered,1843
4041,2237,15,07-10-2024,Pending,3392
4042,3603,17,19-03-2024,Delivered,3828
4043,1445,13,26-02-2024,Shipped,489
4044,4944,13,25-04-2024,Delivered,424
4045,1650,3,22-10-2024,Shipped,2701
4046,869,11,15-01-2024,Shipped,1512
4047,4162,8,06-06-2024,Delivered,4565
4048,3116,19,28-02-2024,Canceled,1804
4049,1377,6,28-01-2024,Shipped,4926
4050,4477,12,07-10-2024,Pending,4051
4051,3482,10,20-04-2024,Pending,2041
4052,2538,3,07-06-2024,Delivered,1392
4053,3842,2,06-02-2024,Delivered,1775
4054,2383,18,31-03-2024,Pending,2954
4055,3698,2,25-03-2024,Pending,3665
4056,2939,3,16-05-2024,Canceled,1462
4057,4277,1,11-04-2024,Pending,3298
4058,4920,15,19-06-2024,Delivered,4805
4059,1563,19,14-03-2024,Pending,2605
4060,4898,7,05-11-2024,Canceled,4879
4061,2155,9,08-10-2024,Pending,686
4062,2498,1,06-04-2024,Delivered,3020
4063,2318,14,02-07-2024,Shipped,2785
4064,393,11,23-01-2024,Delivered,1128
4065,264,2,06-03-2024,Pending,1690
4066,1042,9,25-10-2024,Canceled,1240
4067,4609,8,04-05-2024,Pending,1260
4068,3280,2,05-05-2024,Canceled,2903
4069,885,4,14-05-2024,Pending,4534
4070,598,5,20-10-2024,Delivered,3232
4071,2338,18,18-10-2024,Delivered,1445
4072,371,1,24-09-2024,Canceled,3679
4073,4921,8,31-05-2024,Pending,3264
4074,3537,6,15-03-2024,Pending,2038
4075,325,4,22-04-2024,Pending,2302
4076,3953,17,01-09-2024,Canceled,3274
4077,3913,16,01-08-2024,Delivered,1950
4078,938,13,16-02-2024,Delivered,888
4079,4637,11,12-04-2024,Pending,2351
4080,4463,19,14-02-2024,Shipped,4364
4081,448,14,08-09-2024,Shipped,1572
4082,1331,11,17-05-2024,Delivered,4714
4083,2517,9,28-06-2024,Delivered,3332
4084,561,3,25-06-2024,Delivered,2767
4085,2776,4,14-09-2024,Pending,2988
4086,3674,1,13-02-2024,Delivered,3598
4087,3574,10,04-08-2024,Shipped,2396
4088,908,11,22-01-2024,Delivered,3094
4089,2484,15,17-10-2024,Canceled,4977
4090,4836,20,23-06-2024,Canceled,4159
4091,3800,17,07-04-2024,Pending,3812
4092,3732,20,07-08-2024,Canceled,4979
4093,2149,3,22-02-2024,Delivered,4093
4094,2069,16,25-02-2024,Shipped,4636
4095,801,4,18-10-2024,Pending,4229
4096,1476,12,14-09-2024,Canceled,3470
4097,2714,6,07-09-2024,Canceled,3693
4098,3585,8,14-03-2024,Shipped,3875
4099,4078,4,28-08-2024,Shipped,826
4100,3345,1,15-06-2024,Shipped,2901
4101,1643,1,09-06-2024,Canceled,2708
4102,3025,14,20-05-2024,Delivered,4432
4103,1034,14,23-02-2024,Shipped,4500
4104,4787,19,25-07-2024,Canceled,2237
4105,358,18,03-09-2024,Shipped,1
4106,2912,8,22-05-2024,Canceled,3269
4107,1578,5,29-09-2024,Canceled,508
4108,3276,4,10-02-2024,Shipped,3775
4109,3021,10,05-09-2024,Shipped,461
4110,1006,10,10-04-2024,Canceled,1934
4111,3320,6,11-02-2024,Shipped,3925
4112,294,19,18-08-2024,Pending,4891
4113,4521,18,01-01-2024,Delivered,3822
4114,350,1,18-07-2024,Shipped,3281
4115,439,11,21-10-2024,Pending,3663
4116,1213,16,11-03-2024,Canceled,450
4117,2073,16,25-10-2024,Canceled,4074
4118,1746,8,22-06-2024,Shipped,781
4119,1104,20,18-04-2024,Shipped,4001
4120,3694,9,03-05-2024,Shipped,3999
4121,48,4,12-09-2024,Pending,3600
4122,3172,2,24-06-2024,Delivered,1918
4123,308,19,16-04-2024,Pending,4718
4124,4694,8,24-05-2024,Shipped,416
4125,1499,4,08-06-2024,Canceled,1357
4126,4363,19,15-05-2024,Pending,2099
4127,4909,5,13-08-2024,Shipped,1869
4128,2402,10,09-09-2024,Shipped,2325
4129,1545,3,19-10-2024,Delivered,1832
4130,2637,12,22-08-2024,Pending,4152
4131,2583,20,28-02-2024,Shipped,1144
4132,4195,15,24-05-2024,Canceled,1017
4133,90,19,07-01-2024,Shipped,1565
4134,1408,12,08-07-2024,Pending,1561
4135,2552,2,15-06-2024,Pending,3450
4136,4800,18,14-03-2024,Delivered,972
4137,1673,17,29-03-2024,Canceled,4771
4138,4860,5,03-07-2024,Delivered,71
4139,4164,3,24-09-2024,Pending,2614
4140,1691,15,05-11-2024,Canceled,4576
4141,2484,17,30-03-2024,Shipped,1592
4142,1656,8,10-06-2024,Shipped,1052
4143,2958,14,22-04-2024,Shipped,250
4144,2439,6,27-10-2024,Delivered,1988
4145,4636,14,19-03-2024,Pending,4276
4146,385,17,25-05-2024,Pending,1334
4147,3118,9,20-10-2024,Canceled,1715
4148,3941,16,30-03-2024,Pending,4183
4149,4976,3,11-07-2024,Pending,549
4150,2686,3,13-02-2024,Canceled,4005
4151,2157,19,11-03-2024,Canceled,3954
4152,1396,15,08-02-2024,Pending,4357
4153,780,10,23-04-2024,Pending,2517
4154,3660,2,02-06-2024,Canceled,3021
4155,3692,13,04-04-2024,Canceled,995
4156,2898,3,21-01-2024,Pending,4847
4157,1153,18,12-07-2024,Pending,3420
4158,3035,20,24-01-2024,Canceled,4097
4159,4230,9,08-09-2024,Canceled,3576
4160,3133,20,23-01-2024,Delivered,4682
4161,4221,18,24-08-2024,Canceled,768
4162,4438,9,07-05-2024,Delivered,1611
4163,1903,8,25-07-2024,Canceled,204
4164,4645,11,21-03-2024,Pending,2522
4165,2289,20,08-11-2024,Shipped,1749
4166,1614,10,09-01-2024,Canceled,4800
4167,843,11,09-04-2024,Delivered,1431
4168,2422,10,07-03-2024,Canceled,3210
4169,1037,14,26-10-2024,Pending,4029
4170,644,18,18-10-2024,Shipped,11
4171,3088,7,28-07-2024,Shipped,1806
4172,947,13,01-06-2024,Delivered,679
4173,3893,3,25-03-2024,Pending,3431
4174,2101,15,27-02-2024,Canceled,1410
4175,3034,10,03-04-2024,Pending,1769
4176,1036,16,26-01-2024,Canceled,3067
4177,2772,17,20-01-2024,Shipped,245
4178,1565,8,09-03-2024,Pending,2112
4179,1544,5,05-06-2024,Delivered,1144
4180,4061,18,19-05-2024,Shipped,3190
4181,4677,14,24-09-2024,Shipped,3592
4182,3238,13,04-05-2024,Canceled,4667
4183,4577,17,12-07-2024,Canceled,1135
4184,4228,5,19-04-2024,Shipped,4901
4185,3711,7,04-07-2024,Canceled,3514
4186,4673,5,12-04-2024,Shipped,2013
4187,3081,2,22-09-2024,Pending,691
4188,306,11,23-04-2024,Canceled,18
4189,4588,6,22-08-2024,Canceled,3128
4190,4209,4,18-03-2024,Delivered,4730
4191,2735,3,02-06-2024,Canceled,2650
4192,4833,15,01-06-2024,Delivered,4827
4193,1868,2,09-07-2024,Pending,4208
4194,3865,17,29-03-2024,Shipped,386
4195,2225,18,06-05-2024,Pending,3590
4196,2260,10,25-02-2024,Pending,961
4197,3842,4,08-02-2024,Pending,2407
4198,1647,2,04-06-2024,Shipped,3233
4199,1395,6,07-01-2024,Canceled,4279
4200,1268,6,21-07-2024,Delivered,3432
4201,2866,7,05-04-2024,Canceled,4252
4202,1103,11,25-04-2024,Canceled,4890
4203,3177,12,18-01-2024,Canceled,4113
4204,210,17,05-03-2024,Delivered,4277
4205,4860,15,16-07-2024,Shipped,3058
4206,2653,2,17-08-2024,Canceled,1139
4207,2276,12,26-06-2024,Shipped,3279
4208,1673,11,08-11-2024,Canceled,3275
4209,298,12,18-04-2024,Canceled,2767
4210,3239,20,30-10-2024,Canceled,1120
4211,3660,17,02-01-2024,Canceled,4908
4212,2482,14,27-08-2024,Delivered,4331
4213,1537,16,23-03-2024,Pending,759
4214,1321,12,23-10-2024,Canceled,2132
4215,1865,4,23-09-2024,Canceled,850
4216,3595,7,15-08-2024,Pending,4529
4217,366,17,20-03-2024,Delivered,187
4218,282,13,13-04-2024,Canceled,14
4219,678,10,26-08-2024,Canceled,4649
4220,1606,3,25-09-2024,Canceled,2439
4221,1709,13,24-09-2024,Delivered,3938
4222,1127,4,31-05-2024,Canceled,2853
4223,2093,15,18-04-2024,Pending,1747
4224,1394,19,03-07-2024,Shipped,15
4225,4873,18,08-11-2024,Shipped,383
4226,4629,8,02-11-2024,Delivered,2605
4227,672,7,20-08-2024,Pending,1400
4228,4876,16,17-03-2024,Delivered,1456
4229,4282,4,21-05-2024,Pending,3981
4230,2707,14,26-03-2024,Delivered,2656
4231,2200,8,29-08-2024,Pending,3560
4232,2083,11,03-10-2024,Pending,4068
4233,2925,8,10-05-2024,Pending,4499
4234,477,10,31-05-2024,Shipped,2598
4235,3142,20,04-03-2024,Delivered,4133
4236,1999,1,06-11-2024,Shipped,3260
4237,3671,11,10-02-2024,Delivered,1581
4238,2224,19,15-10-2024,Pending,1718
4239,3405,19,06-05-2024,Shipped,4225
4240,4815,15,23-04-2024,Canceled,2922
4241,4400,3,28-02-2024,Canceled,188
4242,362,9,30-09-2024,Pending,2259
4243,2933,4,07-11-2024,Canceled,1516
4244,568,16,10-06-2024,Pending,2187
4245,3854,10,21-02-2024,Canceled,1328
4246,712,20,09-06-2024,Canceled,1805
4247,4401,2,25-06-2024,Canceled,83
4248,4673,5,01-02-2024,Shipped,733
4249,686,4,23-07-2024,Delivered,2215
4250,3834,12,28-07-2024,Delivered,3681
4251,1185,11,22-08-2024,Delivered,3907
4252,2656,2,06-09-2024,Pending,2477
4253,2047,13,02-03-2024,Pending,2149
4254,4030,19,08-06-2024,Delivered,1
4255,4844,2,12-10-2024,Canceled,203
4256,2025,11,04-07-2024,Pending,2986
4257,1849,10,24-01-2024,Shipped,1785
4258,122,3,04-02-2024,Delivered,2459
4259,2136,12,21-03-2024,Delivered,1379
4260,2475,1,16-06-2024,Pending,4283
4261,2978,10,26-01-2024,Delivered,1919
4262,2314,18,14-08-2024,Pending,1042
4263,1702,6,05-02-2024,Shipped,661
4264,1049,16,09-06-2024,Pending,1089
4265,3125,17,30-05-2024,Delivered,411
4266,1369,10,19-06-2024,Pending,1073
4267,2394,6,25-03-2024,Delivered,544
4268,3987,6,13-03-2024,Canceled,1388
4269,3269,8,03-11-2024,Pending,4858
4270,2519,10,25-02-2024,Pending,2867
4271,4187,14,16-02-2024,Delivered,1971
4272,1361,18,29-09-2024,Delivered,2077
4273,1764,15,12-10-2024,Shipped,1139
4274,3768,9,06-09-2024,Shipped,3401
4275,308,15,26-06-2024,Canceled,1353
4276,3066,11,09-09-2024,Delivered,1276
4277,2912,7,25-10-2024,Canceled,4100
4278,3227,20,22-06-2024,Canceled,1716
4279,4175,3,15-05-2024,Shipped,558
4280,1284,12,17-08-2024,Shipped,3234
4281,1290,6,17-04-2024,Canceled,3814
4282,2026,16,27-01-2024,Delivered,937
4283,2863,14,25-04-2024,Shipped,4464
4284,2254,14,13-04-2024,Pending,3525
4285,1832,5,07-07-2024,Pending,4677
4286,4499,9,05-07-2024,Shipped,2519
4287,2630,4,13-10-2024,Shipped,631
4288,2762,3,10-03-2024,Delivered,4370
4289,1295,4,10-01-2024,Delivered,933
4290,3569,2,25-10-2024,Delivered,1837
4291,2287,4,18-04-2024,Pending,1244
4292,2813,13,12-05-2024,Canceled,4480
4293,2397,12,28-03-2024,Canceled,729
4294,694,1,27-03-2024,Canceled,44
4295,632,5,20-06-2024,Canceled,4202
4296,3100,18,11-10-2024,Delivered,4504
4297,2580,18,01-11-2024,Delivered,3307
4298,4578,17,30-05-2024,Shipped,3644
4299,4418,18,16-08-2024,Delivered,3953
4300,1851,11,31-10-2024,Delivered,3649
4301,3787,14,26-06-2024,Pending,3473
4302,3961,19,20-08-2024,Delivered,3868
4303,3776,19,09-02-2024,Pending,2638
4304,4496,9,27-09-2024,Canceled,4105
4305,4860,15,18-06-2024,Delivered,4405
4306,2371,15,23-02-2024,Delivered,4414
4307,3885,4,27-06-2024,Pending,71
4308,425,16,03-06-2024,Pending,2279
4309,322,17,28-02-2024,Delivered,190
4310,4780,9,03-11-2024,Canceled,3854
4311,471,3,16-04-2024,Canceled,1201
4312,2458,11,05-04-2024,Canceled,2922
4313,3736,19,11-08-2024,Delivered,3118
4314,1881,18,07-06-2024,Pending,2055
4315,3227,8,12-09-2024,Shipped,1446
4316,4976,2,20-01-2024,Canceled,2264
4317,2125,14,19-10-2024,Delivered,914
4318,1270,3,04-06-2024,Canceled,572
4319,619,12,26-03-2024,Shipped,2103
4320,1947,6,15-01-2024,Delivered,3872
4321,652,16,15-01-2024,Canceled,260
4322,51,2,29-06-2024,Delivered,2064
4323,3306,1,16-08-2024,Delivered,3126
4324,1956,8,25-07-2024,Pending,1732
4325,3869,2,08-03-2024,Shipped,1528
4326,4603,11,21-03-2024,Shipped,2292
4327,1155,19,02-10-2024,Shipped,4600
4328,1193,3,24-03-2024,Shipped,4837
4329,3385,13,05-09-2024,Canceled,4007
4330,1994,20,26-10-2024,Pending,312
4331,3165,2,09-10-2024,Canceled,2370
4332,3336,17,03-08-2024,Delivered,213
4333,470,19,13-08-2024,Canceled,3415
4334,1475,12,30-01-2024,Shipped,2571
4335,322,15,03-07-2024,Delivered,1804
4336,3492,6,13-07-2024,Pending,4910
4337,2393,3,09-07-2024,Canceled,2529
4338,3357,3,20-10-2024,Delivered,2186
4339,3211,20,20-03-2024,Pending,54
4340,2354,7,14-09-2024,Canceled,3965
4341,2925,5,31-08-2024,Canceled,3848
4342,4825,6,21-05-2024,Pending,2730
4343,1402,9,11-06-2024,Delivered,2127
4344,4721,2,26-03-2024,Delivered,392
4345,3768,6,29-08-2024,Delivered,4515
4346,2296,14,12-03-2024,Shipped,1611
4347,3042,4,29-01-2024,Shipped,4644
4348,2424,4,12-02-2024,Canceled,3142
4349,3710,2,14-07-2024,Delivered,3623
4350,2357,18,25-06-2024,Shipped,3550
4351,3285,16,03-08-2024,Canceled,1385
4352,3187,20,19-10-2024,Pending,3062
4353,1327,17,10-02-2024,Shipped,102
4354,1425,12,15-10-2024,Shipped,4669
4355,740,14,29-05-2024,Canceled,2511
4356,3014,4,25-02-2024,Shipped,2967
4357,3638,3,28-05-2024,Canceled,4170
4358,812,1,06-09-2024,Shipped,948
4359,3,11,10-08-2024,Canceled,784
4360,4084,12,23-07-2024,Shipped,2582
4361,1813,20,04-07-2024,Pending,3303
4362,3285,7,19-06-2024,Shipped,2563
4363,1865,14,26-03-2024,Canceled,3187
4364,190,8,07-05-2024,Shipped,4285
4365,3389,11,14-10-2024,Delivered,4424
4366,4599,11,18-09-2024,Pending,4850
4367,1626,6,15-02-2024,Delivered,3719
4368,1112,19,19-01-2024,Pending,4177
4369,3923,7,17-05-2024,Delivered,1831
4370,2425,6,23-09-2024,Canceled,4312
4371,4023,7,05-11-2024,Delivered,2269
4372,846,14,04-09-2024,Shipped,1243
4373,1094,3,30-08-2024,Shipped,3280
4374,683,4,28-06-2024,Shipped,4723
4375,3366,4,23-03-2024,Delivered,2147
4376,37,1,26-04-2024,Delivered,1426
4377,3460,18,26-04-2024,Delivered,3217
4378,4318,12,30-10-2024,Canceled,2928
4379,2503,16,08-06-2024,Canceled,3940
4380,49,8,22-07-2024,Canceled,2200
4381,446,2,13-05-2024,Canceled,4958
4382,1425,3,08-11-2024,Pending,1936
4383,4714,3,01-01-2024,Pending,2449
4384,2161,5,15-01-2024,Shipped,1637
4385,4394,19,28-08-2024,Shipped,90
4386,706,10,24-04-2024,Shipped,868
4387,1873,12,23-06-2024,Delivered,3483
4388,2601,8,27-08-2024,Shipped,1761
4389,1016,16,19-09-2024,Shipped,3187
4390,544,1,11-04-2024,Pending,97
4391,2531,8,26-06-2024,Delivered,3469
4392,1416,13,21-10-2024,Pending,1507
4393,3263,11,15-09-2024,Pending,2953
4394,3103,9,23-10-2024,Delivered,2726
4395,3214,13,18-08-2024,Delivered,3944
4396,1759,13,04-03-2024,Shipped,4408
4397,114,10,15-08-2024,Canceled,3387
4398,4820,12,31-03-2024,Pending,667
4399,2563,17,08-09-2024,Delivered,3771
4400,4703,2,03-06-2024,Canceled,113
4401,4013,11,28-10-2024,Canceled,4451
4402,1198,13,09-09-2024,Canceled,4686
4403,3171,11,08-02-2024,Shipped,2789
4404,79,6,30-05-2024,Pending,2971
4405,3950,12,08-06-2024,Canceled,3689
4406,3117,6,29-02-2024,Pending,1192
4407,1507,20,10-10-2024,Canceled,4348
4408,2109,10,29-09-2024,Pending,4405
4409,2335,4,24-08-2024,Pending,1783
4410,844,17,16-01-2024,Delivered,1439
4411,1259,14,30-07-2024,Shipped,976
4412,2400,6,21-06-2024,Shipped,1480
4413,3637,3,10-08-2024,Pending,2431
4414,4227,2,21-02-2024,Pending,1750
4415,1602,2,09-08-2024,Canceled,3219
4416,4367,13,01-06-2024,Pending,851
4417,1542,16,28-07-2024,Delivered,867
4418,1168,10,28-05-2024,Delivered,4531
4419,4873,19,31-03-2024,Canceled,2311
4420,4828,14,08-09-2024,Shipped,2706
4421,73,19,14-06-2024,Delivered,1700
4422,4515,17,11-10-2024,Canceled,1937
4423,3590,20,16-10-2024,Canceled,4844
4424,4799,1,09-07-2024,Canceled,606
4425,842,3,24-06-2024,Shipped,971
4426,4515,1,15-06-2024,Canceled,4344
4427,2834,18,30-03-2024,Canceled,760
4428,50,3,30-08-2024,Delivered,2220
4429,2627,20,25-05-2024,Shipped,3078
4430,2744,9,29-05-2024,Delivered,2854
4431,3853,4,30-03-2024,Delivered,130
4432,1934,2,24-05-2024,Delivered,1767
4433,2447,9,19-02-2024,Shipped,1774
4434,55,3,03-07-2024,Delivered,3040
4435,203,5,02-04-2024,Pending,2854
4436,3693,9,05-06-2024,Canceled,1034
4437,197,6,05-01-2024,Pending,1167
4438,1020,14,08-01-2024,Delivered,2934
4439,1477,8,02-11-2024,Delivered,3469
4440,2589,15,07-11-2024,Delivered,2426
4441,2330,7,24-06-2024,Canceled,724
4442,1453,16,20-05-2024,Pending,3680
4443,32,11,22-05-2024,Delivered,451
4444,4677,13,05-01-2024,Canceled,4331
4445,990,14,09-04-2024,Pending,1376
4446,400,11,04-01-2024,Pending,588
4447,4561,9,09-09-2024,Shipped,1629
4448,2113,11,05-08-2024,Pending,49
4449,4468,9,17-04-2024,Pending,1038
4450,1311,5,14-02-2024,Delivered,3934
4451,182,13,02-10-2024,Delivered,4005
4452,2473,11,17-03-2024,Pending,2598
4453,2957,4,17-07-2024,Canceled,2704
4454,1082,1,30-03-2024,Canceled,946
4455,4835,19,30-10-2024,Canceled,3475
4456,1142,3,13-07-2024,Shipped,1660
4457,1367,20,10-08-2024,Delivered,1808
4458,4539,4,20-01-2024,Canceled,707
4459,4737,5,07-02-2024,Pending,2320
4460,4367,11,26-01-2024,Pending,1490
4461,3541,6,27-06-2024,Pending,4866
4462,3063,8,03-05-2024,Pending,1115
4463,3069,10,27-02-2024,Canceled,1271
4464,4951,8,04-11-2024,Delivered,4093
4465,1148,4,30-07-2024,Pending,3549
4466,3951,13,07-09-2024,Shipped,476
4467,4096,3,20-02-2024,Pending,1232
4468,3927,18,02-01-2024,Pending,2243
4469,2393,16,06-09-2024,Shipped,699
4470,4623,19,01-07-2024,Delivered,769
4471,4518,2,19-08-2024,Pending,4013
4472,2940,8,05-01-2024,Pending,4902
4473,3113,8,12-07-2024,Shipped,1797
4474,4659,7,06-07-2024,Delivered,1378
4475,4871,20,06-09-2024,Delivered,1885
4476,2407,14,13-08-2024,Shipped,3058
4477,1752,8,12-09-2024,Shipped,4314
4478,4385,11,14-07-2024,Canceled,1212
4479,3053,12,09-10-2024,Canceled,3092
4480,1790,12,08-10-2024,Canceled,1059
4481,1790,1,27-07-2024,Canceled,4550
4482,901,4,21-09-2024,Canceled,2256
4483,2654,2,05-06-2024,Delivered,3138
4484,4275,5,18-02-2024,Canceled,141
4485,4836,16,19-07-2024,Delivered,1726
4486,3703,3,08-03-2024,Delivered,531
4487,755,2,25-05-2024,Canceled,2947
4488,1938,6,09-06-2024,Delivered,4956
4489,3986,4,01-10-2024,Canceled,2072
4490,471,11,27-01-2024,Delivered,359
4491,4204,15,09-06-2024,Delivered,2878
4492,4605,18,14-06-2024,Canceled,1579
4493,3178,14,11-04-2024,Canceled,490
4494,3183,1,16-01-2024,Canceled,2446
4495,86,13,07-03-2024,Canceled,3085
4496,1530,1,02-08-2024,Shipped,2686
4497,1374,6,05-09-2024,Pending,1184
4498,4436,6,02-01-2024,Canceled,2520
4499,3929,17,20-02-2024,Shipped,2763
4500,2740,7,05-08-2024,Delivered,2587
4501,4028,7,11-01-2024,Delivered,3232
4502,4026,2,26-02-2024,Delivered,4006
4503,782,11,07-03-2024,Delivered,3969
4504,3720,8,10-03-2024,Shipped,2634
4505,4326,2,20-09-2024,Shipped,1234
4506,801,6,26-04-2024,Pending,1739
4507,2422,10,24-04-2024,Shipped,4741
4508,2913,20,30-05-2024,Delivered,1218
4509,3518,13,17-06-2024,Delivered,1759
4510,4861,10,02-02-2024,Delivered,4740
4511,2468,10,27-09-2024,Shipped,959
4512,4973,6,09-06-2024,Shipped,4079
4513,4064,4,06-05-2024,Delivered,1517
4514,3330,5,05-02-2024,Shipped,3067
4515,1390,10,02-07-2024,Pending,1579
4516,1740,11,28-09-2024,Pending,3447
4517,2847,1,19-05-2024,Canceled,103
4518,1311,18,06-08-2024,Canceled,3726
4519,4806,11,17-06-2024,Delivered,1438
4520,3899,14,03-06-2024,Canceled,3707
4521,1666,19,07-06-2024,Pending,4050
4522,2250,18,12-03-2024,Shipped,1233
4523,3336,11,05-06-2024,Pending,2630
4524,949,13,17-05-2024,Pending,4547
4525,2834,18,12-07-2024,Canceled,1194
4526,2891,4,21-01-2024,Canceled,4169
4527,2376,17,26-04-2024,Shipped,2230
4528,3943,18,25-03-2024,Canceled,3954
4529,4521,5,30-07-2024,Shipped,2422
4530,678,6,24-07-2024,Shipped,344
4531,4672,15,19-03-2024,Pending,2244
4532,271,13,17-03-2024,Pending,2098
4533,2191,19,19-10-2024,Pending,2318
4534,1436,20,09-08-2024,Shipped,2492
4535,3671,19,09-03-2024,Shipped,2555
4536,3894,20,17-03-2024,Shipped,386
4537,4716,1,18-09-2024,Canceled,842
4538,2202,17,10-10-2024,Delivered,3042
4539,1325,15,21-07-2024,Pending,3139
4540,3059,3,12-04-2024,Canceled,35
4541,1802,11,10-01-2024,Canceled,3872
4542,2764,3,29-08-2024,Canceled,3512
4543,2191,11,12-08-2024,Pending,4586
4544,4039,2,03-10-2024,Pending,3060
4545,3334,7,15-02-2024,Shipped,676
4546,1384,12,13-03-2024,Delivered,1610
4547,636,10,27-10-2024,Delivered,3610
4548,2942,18,02-06-2024,Pending,2194
4549,2377,8,20-08-2024,Shipped,2087
4550,2024,4,31-01-2024,Pending,2224
4551,4723,4,25-06-2024,Canceled,893
4552,3972,20,06-06-2024,Delivered,3469
4553,3129,17,24-10-2024,Delivered,2192
4554,2209,14,08-04-2024,Pending,1285
4555,2470,18,11-08-2024,Canceled,4901
4556,2371,15,04-08-2024,Shipped,817
4557,347,16,21-05-2024,Canceled,4384
4558,1179,6,22-06-2024,Shipped,2304
4559,2731,18,21-06-2024,Delivered,4048
4560,3495,15,25-04-2024,Pending,2029
4561,545,6,06-03-2024,Delivered,1807
4562,1098,18,21-06-2024,Canceled,3513
4563,798,5,22-03-2024,Canceled,23
4564,1035,4,02-05-2024,Delivered,2986
4565,3567,1,08-08-2024,Canceled,2668
4566,4601,14,02-08-2024,Pending,4626
4567,161,20,11-04-2024,Canceled,870
4568,353,10,22-01-2024,Canceled,515
4569,2264,17,20-09-2024,Canceled,4760
4570,1587,13,21-09-2024,Canceled,2177
4571,3004,11,21-09-2024,Canceled,819
4572,3271,4,26-06-2024,Delivered,2820
4573,1391,9,11-01-2024,Delivered,1786
4574,2361,4,07-10-2024,Delivered,467
4575,3243,9,05-05-2024,Delivered,4696
4576,2614,13,26-04-2024,Delivered,2187
4577,2725,2,30-06-2024,Delivered,1730
4578,254,8,29-02-2024,Canceled,3184
4579,3262,19,19-01-2024,Shipped,4966
4580,1923,2,19-10-2024,Delivered,3072
4581,4835,20,28-08-2024,Shipped,3741
4582,4704,20,21-02-2024,Canceled,3403
4583,2775,9,17-06-2024,Delivered,201
4584,389,8,14-04-2024,Shipped,277
4585,885,13,30-05-2024,Delivered,2941
4586,1890,7,24-09-2024,Pending,399
4587,1846,3,07-05-2024,Shipped,1984
4588,4740,4,25-02-2024,Shipped,4076
4589,2425,10,16-08-2024,Canceled,2015
4590,3912,16,09-06-2024,Canceled,1484
4591,2577,13,27-06-2024,Pending,4705
4592,4263,3,05-10-2024,Shipped,657
4593,1186,1,18-08-2024,Pending,2088
4594,1427,16,07-04-2024,Shipped,1278
4595,1106,6,02-07-2024,Pending,4353
4596,279,12,13-02-2024,Pending,226
4597,3841,13,13-07-2024,Pending,2508
4598,2455,2,22-08-2024,Pending,2307
4599,4409,7,31-01-2024,Delivered,130
4600,3730,12,29-09-2024,Shipped,3893
4601,235,17,15-06-2024,Delivered,1785
4602,427,12,08-06-2024,Pending,1851
4603,862,18,28-07-2024,Shipped,4259
4604,3886,7,17-01-2024,Shipped,3543
4605,391,8,09-07-2024,Delivered,3316
4606,3411,3,31-03-2024,Pending,2091
4607,2844,9,04-10-2024,Pending,3723
4608,292,10,14-02-2024,Delivered,1041
4609,133,12,09-10-2024,Canceled,1951
4610,2271,2,18-01-2024,Delivered,626
4611,3936,18,12-01-2024,Delivered,3461
4612,4645,19,31-01-2024,Shipped,559
4613,4535,8,22-06-2024,Canceled,639
4614,875,16,09-08-2024,Delivered,2024
4615,2079,6,01-07-2024,Shipped,4955
4616,2298,15,01-07-2024,Shipped,1414
4617,564,12,05-06-2024,Pending,2344
4618,2876,10,28-05-2024,Canceled,4179
4619,171,10,16-09-2024,Shipped,201
4620,3676,8,19-01-2024,Canceled,2048
4621,2848,8,21-01-2024,Canceled,897
4622,1770,12,10-03-2024,Pending,534
4623,860,6,03-03-2024,Canceled,3608
4624,1887,14,06-01-2024,Canceled,262
4625,3732,1,10-01-2024,Delivered,3784
4626,1332,15,08-09-2024,Canceled,3445
4627,4738,8,07-04-2024,Canceled,3031
4628,4339,15,24-09-2024,Canceled,4346
4629,2949,8,28-09-2024,Canceled,137
4630,4716,15,16-06-2024,Shipped,856
4631,2734,17,29-04-2024,Canceled,245
4632,3496,10,27-10-2024,Pending,1708
4633,190,19,20-02-2024,Pending,1078
4634,4860,2,25-03-2024,Shipped,588
4635,1819,11,17-07-2024,Canceled,925
4636,503,15,05-03-2024,Pending,345
4637,2320,11,23-02-2024,Shipped,1840
4638,868,17,06-04-2024,Canceled,838
4639,768,14,13-05-2024,Delivered,268
4640,3644,17,04-05-2024,Delivered,3326
4641,4119,1,11-03-2024,Delivered,1012
4642,511,16,24-02-2024,Canceled,3671
4643,3155,17,12-01-2024,Canceled,639
4644,2879,1,21-08-2024,Shipped,1699
4645,4199,14,30-04-2024,Canceled,317
4646,3891,5,09-02-2024,Pending,2345
4647,1442,9,05-03-2024,Shipped,326
4648,4584,10,10-04-2024,Delivered,1245
4649,2115,20,10-05-2024,Canceled,2313
4650,2702,11,11-09-2024,Canceled,4370
4651,2797,14,30-09-2024,Delivered,4359
4652,3392,16,04-06-2024,Pending,3285
4653,2909,5,13-03-2024,Canceled,4425
4654,435,11,02-09-2024,Shipped,1518
4655,1253,13,31-08-2024,Pending,1108
4656,2183,3,12-02-2024,Delivered,2441
4657,4673,8,27-02-2024,Pending,4094
4658,2796,18,14-10-2024,Shipped,1483
4659,1783,3,10-01-2024,Shipped,2290
4660,1368,14,06-03-2024,Pending,2715
4661,4381,2,20-05-2024,Canceled,1110
4662,3210,9,10-04-2024,Canceled,842
4663,940,4,08-09-2024,Canceled,639
4664,299,12,11-01-2024,Shipped,2138
4665,3788,15,12-08-2024,Canceled,4905
4666,1582,11,08-04-2024,Pending,3881
4667,4265,11,11-02-2024,Canceled,1302
4668,4630,9,31-01-2024,Shipped,230
4669,3528,3,14-03-2024,Canceled,1043
4670,2867,19,09-08-2024,Canceled,4083
4671,1255,12,01-11-2024,Canceled,4858
4672,2948,8,05-06-2024,Canceled,2123
4673,1702,13,09-05-2024,Shipped,2034
4674,695,19,11-04-2024,Pending,4074
4675,3991,19,15-05-2024,Pending,4097
4676,2132,19,02-03-2024,Delivered,852
4677,4532,1,07-05-2024,Delivered,2902
4678,300,17,26-09-2024,Delivered,1912
4679,4264,4,01-05-2024,Delivered,2098
4680,4883,3,07-02-2024,Shipped,4601
4681,2056,19,21-06-2024,Pending,1518
4682,3299,5,28-10-2024,Delivered,2473
4683,2923,5,31-05-2024,Pending,4597
4684,3485,9,04-05-2024,Pending,623
4685,4444,11,10-06-2024,Delivered,2593
4686,3340,7,05-10-2024,Shipped,2809
4687,1710,9,26-08-2024,Shipped,4622
4688,4525,4,05-08-2024,Delivered,3304
4689,456,7,26-03-2024,Delivered,3849
4690,1424,7,12-06-2024,Shipped,3799
4691,2937,11,27-04-2024,Pending,3835
4692,3886,18,21-08-2024,Delivered,3021
4693,940,4,05-05-2024,Pending,1127
4694,2610,18,11-01-2024,Shipped,2521
4695,126,18,20-08-2024,Delivered,3619
4696,4104,16,11-09-2024,Pending,3694
4697,3693,15,09-03-2024,Canceled,4032
4698,4835,8,07-06-2024,Canceled,4494
4699,1982,20,27-02-2024,Shipped,582
4700,2478,14,17-07-2024,Canceled,2474
4701,3385,14,27-08-2024,Shipped,1306
4702,2561,8,06-07-2024,Pending,4887
4703,3385,18,23-05-2024,Shipped,656
4704,1839,9,19-09-2024,Delivered,3711
4705,4242,6,09-07-2024,Pending,2528
4706,2009,9,29-02-2024,Pending,2638
4707,3749,17,24-01-2024,Pending,4947
4708,3584,13,10-10-2024,Canceled,837
4709,2951,10,14-09-2024,Shipped,1335
4710,662,15,09-10-2024,Shipped,50
4711,3257,19,15-03-2024,Canceled,2247
4712,2354,19,03-10-2024,Canceled,1120
4713,2454,17,08-02-2024,Delivered,974
4714,2076,18,21-04-2024,Canceled,2856
4715,2214,14,25-09-2024,Delivered,3045
4716,666,10,17-03-2024,Delivered,99
4717,2077,9,04-01-2024,Canceled,4545
4718,3405,11,06-06-2024,Delivered,2881
4719,769,3,09-02-2024,Shipped,3942
4720,4613,14,26-04-2024,Pending,1934
4721,4694,9,01-04-2024,Shipped,4604
4722,4519,5,09-03-2024,Canceled,1404
4723,464,17,17-07-2024,Pending,1674
4724,1659,15,13-07-2024,Pending,4642
4725,2607,1,22-05-2024,Pending,4289
4726,3514,17,24-07-2024,Pending,617
4727,4893,14,12-08-2024,Pending,2037
4728,2196,9,29-08-2024,Canceled,4430
4729,1192,3,22-04-2024,Delivered,2903
4730,2331,8,24-06-2024,Shipped,1108
4731,1946,9,16-01-2024,Shipped,339
4732,2284,10,20-08-2024,Pending,4840
4733,3844,14,12-09-2024,Pending,3211
4734,2838,15,14-08-2024,Delivered,27
4735,219,12,09-01-2024,Canceled,374
4736,2641,10,09-06-2024,Delivered,4695
4737,3342,18,20-08-2024,Canceled,4977
4738,4212,4,11-08-2024,Delivered,2738
4739,469,4,10-10-2024,Canceled,452
4740,4054,4,15-10-2024,Shipped,851
4741,4598,2,31-07-2024,Shipped,1873
4742,3913,19,14-02-2024,Pending,4151
4743,2574,10,02-08-2024,Pending,3105
4744,4952,4,07-08-2024,Delivered,2165
4745,1278,1,19-02-2024,Shipped,2115
4746,4012,14,27-03-2024,Shipped,2179
4747,2866,12,02-11-2024,Delivered,3162
4748,2043,19,02-07-2024,Shipped,4154
4749,1531,17,28-01-2024,Pending,1152
4750,2119,2,24-01-2024,Delivered,4875
4751,2728,18,10-04-2024,Shipped,1144
4752,1624,13,27-04-2024,Shipped,412
4753,3030,10,12-08-2024,Pending,431
4754,1911,5,23-01-2024,Shipped,4370
4755,3406,7,11-07-2024,Pending,3406
4756,3776,6,07-02-2024,Pending,571
4757,310,15,12-09-2024,Pending,1933
4758,2797,6,10-02-2024,Shipped,3340
4759,2756,13,27-03-2024,Delivered,3082
4760,2529,20,13-09-2024,Pending,847
4761,850,19,12-06-2024,Delivered,1643
4762,4612,8,08-04-2024,Shipped,2054
4763,3743,9,13-06-2024,Pending,2167
4764,3322,7,28-07-2024,Pending,4606
4765,284,9,26-08-2024,Canceled,2359
4766,3694,4,21-01-2024,Shipped,1523
4767,587,20,29-05-2024,Shipped,673
4768,1701,2,02-10-2024,Shipped,344
4769,4741,11,25-07-2024,Delivered,3343
4770,1777,13,23-07-2024,Pending,724
4771,4867,20,30-06-2024,Shipped,1047
4772,2372,12,18-07-2024,Shipped,2752
4773,1842,11,01-05-2024,Canceled,2572
4774,3312,8,28-07-2024,Canceled,4263
4775,2250,19,10-01-2024,Delivered,3787
4776,4613,3,14-03-2024,Shipped,2713
4777,547,16,20-08-2024,Canceled,3028
4778,1097,10,09-02-2024,Shipped,1925
4779,4170,19,25-02-2024,Delivered,2149
4780,1427,6,07-09-2024,Pending,517
4781,560,10,07-11-2024,Pending,2154
4782,3588,12,27-06-2024,Shipped,3313
4783,1877,20,05-11-2024,Delivered,2613
4784,2347,20,06-07-2024,Canceled,1138
4785,1576,15,27-08-2024,Pending,822
4786,3043,6,01-11-2024,Delivered,2627
4787,405,6,15-01-2024,Shipped,2002
4788,22,16,10-05-2024,Pending,1094
4789,1920,9,15-03-2024,Pending,1070
4790,1765,17,17-09-2024,Shipped,2301
4791,3773,10,29-07-2024,Delivered,706
4792,292,2,15-10-2024,Pending,2903
4793,3809,18,13-07-2024,Delivered,3189
4794,4842,7,09-05-2024,Pending,325
4795,1352,17,30-01-2024,Shipped,3065
4796,2545,12,06-10-2024,Delivered,2245
4797,342,17,25-09-2024,Delivered,4856
4798,1099,8,15-07-2024,Canceled,4579
4799,3425,18,26-09-2024,Shipped,4729
4800,3224,7,30-08-2024,Shipped,2220
4801,585,6,12-05-2024,Pending,3408
4802,1368,9,23-03-2024,Shipped,403
4803,386,9,10-10-2024,Pending,1987
4804,833,5,22-10-2024,Shipped,1846
4805,2703,9,07-04-2024,Canceled,3708
4806,3336,17,11-03-2024,Delivered,2400
4807,3589,6,12-08-2024,Canceled,1395
4808,4639,17,24-06-2024,Pending,4595
4809,3150,12,06-09-2024,Pending,3448
4810,640,6,21-01-2024,Shipped,1009
4811,2919,6,30-03-2024,Delivered,561
4812,4343,13,08-08-2024,Pending,2058
4813,4089,3,15-10-2024,Shipped,1828
4814,3493,1,28-06-2024,Delivered,1912
4815,451,6,11-10-2024,Canceled,4028
4816,1390,1,22-10-2024,Pending,3091
4817,202,1,31-10-2024,Canceled,4933
4818,4512,13,10-07-2024,Shipped,4326
4819,4150,2,19-03-2024,Delivered,291
4820,2331,4,31-03-2024,Pending,3884
4821,2659,10,18-07-2024,Delivered,163
4822,947,9,02-01-2024,Delivered,2769
4823,2801,17,12-01-2024,Canceled,265
4824,1405,5,08-04-2024,Delivered,4631
4825,3129,2,05-02-2024,Delivered,4765
4826,4656,8,09-04-2024,Pending,1589
4827,3796,14,16-09-2024,Pending,776
4828,1695,1,16-03-2024,Shipped,4096
4829,1351,17,05-03-2024,Delivered,2877
4830,484,9,10-09-2024,Canceled,3287
4831,990,8,27-10-2024,Delivered,4101
4832,4783,5,26-09-2024,Shipped,4955
4833,1592,9,11-06-2024,Canceled,42
4834,3448,11,10-10-2024,Shipped,276
4835,4535,12,23-09-2024,Shipped,1814
4836,3669,1,07-09-2024,Pending,4266
4837,2670,20,25-08-2024,Canceled,3930
4838,2152,12,01-05-2024,Pending,711
4839,3805,11,03-09-2024,Shipped,2656
4840,3220,12,26-04-2024,Delivered,2665
4841,2462,16,17-02-2024,Shipped,3408
4842,1619,20,31-10-2024,Delivered,3505
4843,3526,13,04-01-2024,Delivered,1116
4844,2149,18,12-04-2024,Delivered,2023
4845,4881,13,24-10-2024,Shipped,1260
4846,3215,3,21-02-2024,Pending,3605
4847,654,17,20-03-2024,Delivered,4174
4848,3573,1,24-02-2024,Canceled,4024
4849,3838,10,06-01-2024,Canceled,477
4850,4065,10,14-01-2024,Delivered,4445
4851,2112,12,27-09-2024,Pending,4959
4852,1534,4,22-09-2024,Pending,1994
4853,3399,2,02-08-2024,Delivered,515
4854,2906,7,30-05-2024,Canceled,589
4855,1958,7,21-05-2024,Canceled,2869
4856,2258,11,31-07-2024,Shipped,4676
4857,56,3,25-05-2024,Delivered,318
4858,223,18,08-03-2024,Canceled,2993
4859,4896,16,27-09-2024,Canceled,2023
4860,137,16,26-09-2024,Delivered,2004
4861,2986,4,14-03-2024,Canceled,4445
4862,3451,6,27-03-2024,Pending,4669
4863,813,7,10-04-2024,Pending,4266
4864,669,16,06-08-2024,Delivered,4695
4865,15,11,07-07-2024,Delivered,3317
4866,2545,12,22-07-2024,Pending,126
4867,41,14,27-01-2024,Pending,4054
4868,2762,7,27-08-2024,Pending,2429
4869,2424,17,29-03-2024,Pending,2875
4870,1774,2,25-04-2024,Canceled,704
4871,4351,2,05-03-2024,Shipped,3318
4872,3780,2,06-02-2024,Shipped,2658
4873,4485,4,25-01-2024,Shipped,2480
4874,4897,2,20-04-2024,Pending,173
4875,4993,16,19-06-2024,Pending,4576
4876,182,2,07-09-2024,Pending,1958
4877,3074,18,19-04-2024,Delivered,1387
4878,3860,12,03-06-2024,Pending,3787
4879,786,4,01-07-2024,Pending,2111
4880,3411,12,02-05-2024,Shipped,4188
4881,4679,8,07-07-2024,Pending,3578
4882,2000,18,26-03-2024,Shipped,46
4883,4377,18,06-03-2024,Shipped,3144
4884,680,14,29-09-2024,Canceled,3738
4885,3261,15,02-05-2024,Delivered,1520
4886,831,5,02-02-2024,Delivered,4779
4887,3342,8,02-10-2024,Shipped,4238
4888,2915,15,31-08-2024,Delivered,262
4889,3722,5,07-04-2024,Canceled,1716
4890,1506,9,12-02-2024,Shipped,4263
4891,1163,1,09-05-2024,Pending,3004
4892,1556,18,12-06-2024,Shipped,4656
4893,541,4,28-01-2024,Canceled,377
4894,3961,5,26-06-2024,Pending,2638
4895,985,6,14-03-2024,Delivered,1863
4896,3816,13,03-02-2024,Delivered,260
4897,4051,11,09-03-2024,Canceled,2894
4898,4495,2,18-04-2024,Canceled,258
4899,1391,10,28-03-2024,Delivered,2583
4900,1343,11,28-02-2024,Pending,2188
4901,4487,14,14-02-2024,Canceled,1738
4902,2599,2,10-10-2024,Shipped,480
4903,3009,14,13-08-2024,Canceled,2752
4904,4329,19,26-06-2024,Shipped,1270
4905,709,12,10-08-2024,Pending,4275
4906,368,20,29-02-2024,Shipped,290
4907,2611,4,08-04-2024,Delivered,1479
4908,3932,20,02-07-2024,Pending,3512
4909,1969,15,27-09-2024,Delivered,1207
4910,1114,19,28-09-2024,Canceled,1484
4911,4435,13,03-06-2024,Canceled,1857
4912,2966,11,14-02-2024,Pending,3955
4913,141,17,28-06-2024,Pending,3564
4914,4600,19,16-04-2024,Canceled,4524
4915,1366,10,19-01-2024,Canceled,2842
4916,914,10,29-03-2024,Delivered,1580
4917,4942,4,07-05-2024,Pending,708
4918,3655,3,04-09-2024,Pending,2981
4919,3685,12,03-10-2024,Pending,3497
4920,2016,4,20-03-2024,Pending,3355
4921,3083,20,01-10-2024,Shipped,3489
4922,3919,6,15-01-2024,Canceled,2783
4923,1780,13,16-01-2024,Shipped,2595
4924,4768,8,25-10-2024,Shipped,2018
4925,4423,7,09-05-2024,Canceled,2625
4926,4003,11,28-05-2024,Delivered,3865
4927,310,18,21-07-2024,Pending,1767
4928,2884,13,15-04-2024,Canceled,2725
4929,4371,20,18-02-2024,Canceled,4265
4930,4463,5,23-06-2024,Shipped,1973
4931,4570,7,01-03-2024,Canceled,3016
4932,4726,5,09-07-2024,Delivered,4384
4933,1222,7,22-03-2024,Canceled,2551
4934,1819,11,15-04-2024,Pending,211
4935,2083,15,22-01-2024,Shipped,820
4936,1906,18,31-05-2024,Pending,1779
4937,2267,2,07-08-2024,Shipped,2926
4938,2676,6,09-07-2024,Pending,3808
4939,2126,6,08-05-2024,Pending,4121
4940,4111,20,12-04-2024,Delivered,2241
4941,2396,15,15-02-2024,Pending,4597
4942,2039,10,29-03-2024,Shipped,780
4943,4610,20,27-10-2024,Canceled,1180
4944,968,1,11-03-2024,Delivered,2106
4945,75,2,29-05-2024,Canceled,4895
4946,1044,9,16-03-2024,Canceled,2074
4947,561,6,06-10-2024,Shipped,2551
4948,4058,19,02-10-2024,Canceled,2913
4949,4390,8,03-01-2024,Pending,4127
4950,3330,15,16-09-2024,Shipped,2786
4951,123,20,09-02-2024,Delivered,189
4952,162,9,08-11-2024,Canceled,2516
4953,4332,2,02-11-2024,Canceled,2282
4954,4182,20,04-05-2024,Canceled,1972
4955,996,10,22-01-2024,Delivered,1975
4956,179,1,02-08-2024,Shipped,667
4957,1909,9,05-09-2024,Shipped,462
4958,98,11,19-10-2024,Pending,3769
4959,1555,8,12-08-2024,Pending,559
4960,3099,20,21-02-2024,Pending,691
4961,669,17,21-02-2024,Shipped,628
4962,3228,20,26-08-2024,Delivered,2931
4963,958,6,14-07-2024,Pending,3221
4964,1151,5,19-03-2024,Pending,4605
4965,3153,4,18-01-2024,Pending,2156
4966,2724,7,17-08-2024,Delivered,3802
4967,1569,20,28-02-2024,Delivered,285
4968,595,18,26-02-2024,Canceled,1180
4969,706,5,30-01-2024,Pending,2955
4970,2131,19,23-10-2024,Shipped,4069
4971,1683,19,28-03-2024,Shipped,4295
4972,4470,17,21-03-2024,Pending,440
4973,1665,10,29-06-2024,Shipped,2077
4974,2954,3,12-01-2024,Pending,1615
4975,3325,11,08-04-2024,Delivered,3490
4976,3432,11,16-09-2024,Delivered,4415
4977,3588,13,05-05-2024,Canceled,2295
4978,4492,7,02-11-2024,Pending,1811
4979,3041,11,28-09-2024,Canceled,4522
4980,2653,4,17-01-2024,Canceled,3099
4981,1572,10,25-03-2024,Delivered,1679
4982,1633,19,08-09-2024,Canceled,3970
4983,1614,10,18-07-2024,Pending,1227
4984,1801,17,08-06-2024,Canceled,1682
4985,4396,6,07-01-2024,Pending,4206
4986,2979,13,11-07-2024,Shipped,304
4987,4403,15,04-03-2024,Pending,4752
4988,3664,2,28-08-2024,Delivered,2507
4989,4695,2,26-04-2024,Pending,1246
4990,4134,11,16-03-2024,Canceled,3224
4991,2389,17,14-01-2024,Pending,1719
4992,2658,3,08-06-2024,Shipped,4936
4993,2825,5,24-02-2024,Pending,4984
4994,1247,5,14-07-2024,Shipped,249
4995,526,7,26-06-2024,Delivered,4499
4996,2204,15,13-03-2024,Delivered,4887
4997,2424,14,26-10-2024,Canceled,4131
4998,2970,20,16-04-2024,Delivered,4362
4999,2560,7,10-05-2024,Canceled,1959
5000,2069,13,17-02-2024,Pending,3000
5001,75,11,23-02-2024,Pending,245
5002,311,11,10-08-2024,Canceled,4477
5003,2159,8,23-05-2024,Canceled,2593
5004,4025,3,15-02-2024,Pending,4518
5005,2333,11,26-08-2024,Delivered,603
5006,2550,12,20-06-2024,Canceled,629
5007,349,7,18-09-2024,Canceled,3157
5008,648,12,22-09-2024,Pending,3365
5009,27,13,26-02-2024,Delivered,1181
5010,2980,17,27-07-2024,Delivered,2774
5011,1793,1,11-10-2024,Canceled,4883
5012,1945,2,10-05-2024,Pending,1140
5013,2372,2,09-05-2024,Pending,790
5014,3426,10,29-07-2024,Delivered,2642
5015,3727,4,28-05-2024,Canceled,615
5016,143,5,12-07-2024,Shipped,3717
5017,1284,11,30-08-2024,Delivered,3064
5018,1929,18,06-10-2024,Delivered,3238
5019,2767,20,03-04-2024,Pending,1637
5020,1781,6,16-02-2024,Canceled,2800
5021,2730,20,27-05-2024,Delivered,2678
5022,2596,18,16-01-2024,Canceled,2714
5023,3118,4,07-09-2024,Shipped,1258
5024,1169,11,29-02-2024,Delivered,1847
5025,1815,14,02-07-2024,Shipped,4983
5026,417,10,18-07-2024,Pending,2459
5027,3503,10,14-06-2024,Canceled,3587
5028,2811,7,17-03-2024,Shipped,497
5029,216,10,10-10-2024,Canceled,1441
5030,2586,19,05-10-2024,Pending,3487
5031,1870,3,24-04-2024,Shipped,3907
5032,2250,17,26-07-2024,Delivered,4036
5033,107,6,20-06-2024,Pending,1235
5034,2699,9,11-06-2024,Shipped,4598
5035,2970,13,29-10-2024,Pending,381
5036,2180,2,20-05-2024,Canceled,3160
5037,2456,20,06-10-2024,Delivered,4928
5038,4622,1,01-06-2024,Canceled,2090
5039,4564,3,16-10-2024,Delivered,1846
5040,1905,13,07-02-2024,Delivered,3465
5041,1667,3,21-02-2024,Shipped,3470
5042,2174,16,24-07-2024,Shipped,3789
5043,814,12,22-01-2024,Shipped,2980
5044,1420,6,07-06-2024,Canceled,1540
5045,488,11,23-08-2024,Shipped,2232
5046,3846,14,15-05-2024,Pending,795
5047,2013,14,03-05-2024,Pending,249
5048,4211,18,31-10-2024,Canceled,1608
5049,3281,10,27-10-2024,Canceled,2852
5050,1468,1,02-03-2024,Shipped,346
5051,2696,12,18-02-2024,Canceled,2190
5052,4367,2,10-02-2024,Canceled,4535
5053,2731,4,14-01-2024,Canceled,1574
5054,4841,19,27-09-2024,Delivered,4753
5055,3963,12,19-08-2024,Delivered,2332
5056,4783,2,22-10-2024,Shipped,1727
5057,3327,13,08-05-2024,Pending,2626
5058,625,19,23-03-2024,Shipped,4892
5059,4188,10,31-01-2024,Delivered,3870
5060,4549,8,03-06-2024,Canceled,3203
5061,4042,1,12-02-2024,Shipped,2766
5062,2462,4,09-05-2024,Pending,3522
5063,1523,8,28-05-2024,Delivered,2333
5064,1898,18,31-05-2024,Pending,3704
5065,339,15,02-07-2024,Delivered,1145
5066,4849,20,05-10-2024,Delivered,4910
5067,4411,16,02-08-2024,Delivered,2877
5068,2274,15,22-09-2024,Canceled,3196
5069,322,1,11-05-2024,Shipped,4594
5070,433,14,26-08-2024,Pending,2906
5071,2166,16,21-06-2024,Shipped,81
5072,1469,14,19-10-2024,Delivered,2894
5073,1593,14,10-02-2024,Pending,4232
5074,729,1,22-03-2024,Canceled,3360
5075,4971,14,14-04-2024,Pending,2512
5076,1640,12,29-01-2024,Pending,2752
5077,1848,15,14-02-2024,Shipped,4559
5078,1238,19,20-02-2024,Canceled,4626
5079,2102,7,23-08-2024,Shipped,1142
5080,148,2,27-02-2024,Pending,1795
5081,4500,5,02-09-2024,Pending,4833
5082,3764,2,27-07-2024,Canceled,26
5083,3114,17,22-09-2024,Delivered,4577
5084,267,12,20-07-2024,Shipped,2952
5085,2573,8,27-01-2024,Pending,2122
5086,2408,18,04-01-2024,Delivered,10
5087,4633,7,14-04-2024,Delivered,1697
5088,947,6,06-03-2024,Shipped,2036
5089,3575,1,23-03-2024,Shipped,285
5090,2231,12,01-08-2024,Delivered,850
5091,663,7,01-09-2024,Pending,1358
5092,1849,18,17-09-2024,Canceled,4602
5093,1464,16,06-05-2024,Shipped,721
5094,2769,7,31-08-2024,Canceled,3248
5095,4527,3,11-03-2024,Delivered,3380
5096,3718,4,08-04-2024,Shipped,4293
5097,4599,2,24-06-2024,Pending,1236
5098,2300,16,28-08-2024,Delivered,2835
5099,948,16,04-06-2024,Delivered,2558
5100,1770,9,04-05-2024,Canceled,1983
5101,34,1,24-09-2024,Delivered,1142
5102,4752,19,18-05-2024,Delivered,56
5103,2762,19,22-04-2024,Canceled,1210
5104,1771,17,18-05-2024,Pending,174
5105,574,3,17-01-2024,Canceled,3224
5106,4989,14,13-07-2024,Delivered,3753
5107,3983,7,05-05-2024,Delivered,159
5108,3794,20,05-05-2024,Pending,2769
5109,273,14,11-04-2024,Delivered,752
5110,454,12,29-07-2024,Pending,4858
5111,41,1,20-07-2024,Shipped,1298
5112,4988,9,10-05-2024,Shipped,133
5113,2514,10,21-08-2024,Shipped,1496
5114,1521,9,18-07-2024,Delivered,843
5115,3857,8,02-09-2024,Shipped,1286
5116,4554,8,27-10-2024,Delivered,198
5117,1039,4,26-09-2024,Canceled,842
5118,4607,2,18-01-2024,Shipped,4758
5119,1770,13,30-05-2024,Shipped,3814
5120,3443,6,10-08-2024,Delivered,3246
5121,1672,15,20-01-2024,Pending,1158
5122,4536,9,28-04-2024,Canceled,1946
5123,486,7,03-04-2024,Canceled,3791
5124,2830,14,13-08-2024,Canceled,390
5125,2854,15,31-10-2024,Pending,2926
5126,4730,11,01-08-2024,Shipped,2296
5127,203,20,03-07-2024,Canceled,753
5128,2407,3,19-07-2024,Delivered,2027
5129,1435,12,24-07-2024,Delivered,3536
5130,4473,14,28-07-2024,Pending,1581
5131,1522,11,23-08-2024,Pending,2425
5132,3987,16,12-08-2024,Shipped,1320
5133,1134,9,12-08-2024,Pending,1495
5134,3833,7,22-04-2024,Shipped,2392
5135,3151,9,29-08-2024,Pending,4034
5136,4568,9,05-09-2024,Delivered,1855
5137,4704,4,30-07-2024,Shipped,4957
5138,3017,6,28-04-2024,Pending,2975
5139,2254,2,25-10-2024,Canceled,4724
5140,902,6,18-04-2024,Canceled,961
5141,914,16,01-01-2024,Pending,3404
5142,3514,14,02-06-2024,Delivered,3916
5143,3844,1,16-01-2024,Delivered,798
5144,4973,4,26-02-2024,Delivered,156
5145,3742,5,02-11-2024,Canceled,1902
5146,2097,20,30-05-2024,Pending,3882
5147,4154,18,13-08-2024,Canceled,3215
5148,3386,19,20-10-2024,Shipped,489
5149,3516,15,14-01-2024,Pending,2547
5150,1387,20,09-08-2024,Pending,4529
5151,1115,15,03-09-2024,Canceled,2437
5152,3859,2,22-05-2024,Canceled,3929
5153,4135,20,19-08-2024,Delivered,842
5154,4754,4,29-04-2024,Shipped,4899
5155,2351,4,19-01-2024,Canceled,3949
5156,117,16,14-05-2024,Delivered,5
5157,3222,18,20-09-2024,Shipped,3234
5158,3662,18,07-09-2024,Shipped,3962
5159,40,18,21-02-2024,Delivered,2638
5160,677,19,10-02-2024,Shipped,2147
5161,610,1,07-08-2024,Canceled,2018
5162,1963,15,23-07-2024,Shipped,128
5163,3128,11,10-08-2024,Delivered,3788
5164,4379,17,27-08-2024,Shipped,1727
5165,654,19,08-01-2024,Canceled,2975
5166,1115,10,13-03-2024,Delivered,1594
5167,4182,15,01-01-2024,Pending,2352
5168,1783,13,04-11-2024,Delivered,1283
5169,3563,15,26-10-2024,Canceled,4857
5170,1495,20,12-07-2024,Shipped,3936
5171,3387,12,29-06-2024,Canceled,4498
5172,3318,5,12-07-2024,Shipped,3757
5173,77,2,16-03-2024,Shipped,3461
5174,852,15,20-01-2024,Shipped,1457
5175,3541,5,26-07-2024,Delivered,3038
5176,4703,17,14-07-2024,Shipped,4991
5177,1500,4,05-02-2024,Shipped,1380
5178,2853,15,08-05-2024,Canceled,837
5179,2912,3,30-03-2024,Delivered,1067
5180,3661,5,08-01-2024,Delivered,2046
5181,653,20,04-03-2024,Canceled,4981
5182,3476,19,13-08-2024,Pending,3577
5183,3296,1,26-03-2024,Delivered,3995
5184,3435,16,21-03-2024,Delivered,4949
5185,2259,4,19-03-2024,Shipped,2325
5186,638,16,30-05-2024,Shipped,4180
5187,1804,17,05-11-2024,Delivered,2337
5188,1661,9,29-06-2024,Canceled,3758
5189,1536,2,23-06-2024,Shipped,3999
5190,3573,13,24-01-2024,Shipped,4138
5191,174,4,14-05-2024,Delivered,1240
5192,4725,17,24-02-2024,Canceled,4502
5193,3947,14,07-08-2024,Delivered,2223
5194,3452,13,10-07-2024,Delivered,980
5195,1968,12,12-08-2024,Delivered,351
5196,3748,10,23-02-2024,Canceled,1913
5197,4737,20,17-05-2024,Shipped,2821
5198,1485,2,31-03-2024,Canceled,1783
5199,1695,3,29-07-2024,Canceled,2556
5200,1210,8,29-04-2024,Pending,134
5201,762,15,09-02-2024,Shipped,4586
5202,753,3,30-09-2024,Delivered,1982
5203,592,12,29-10-2024,Canceled,1648
5204,4647,1,26-02-2024,Delivered,8
5205,2875,7,27-09-2024,Shipped,696
5206,3590,3,23-06-2024,Pending,4030
5207,3110,16,16-08-2024,Pending,2699
5208,922,16,02-09-2024,Canceled,2493
5209,1194,7,10-02-2024,Delivered,4230
5210,200,10,01-11-2024,Pending,1604
5211,1355,20,28-03-2024,Canceled,3616
5212,2946,14,25-02-2024,Delivered,1863
5213,3774,12,25-05-2024,Shipped,515
5214,1858,14,26-03-2024,Canceled,1215
5215,115,17,06-04-2024,Delivered,4592
5216,941,19,24-02-2024,Delivered,1291
5217,3241,6,29-09-2024,Shipped,2940
5218,242,12,18-05-2024,Pending,4637
5219,2159,1,20-07-2024,Delivered,938
5220,1505,6,21-10-2024,Canceled,2925
5221,2948,20,05-08-2024,Pending,339
5222,4018,17,16-07-2024,Shipped,2005
5223,1529,6,30-10-2024,Shipped,4269
5224,2278,10,10-04-2024,Shipped,2332
5225,4071,18,26-10-2024,Delivered,4692
5226,2729,17,07-09-2024,Pending,4084
5227,636,16,30-10-2024,Delivered,2868
5228,3803,18,24-09-2024,Canceled,4785
5229,2630,7,07-01-2024,Canceled,2894
5230,2682,4,27-04-2024,Delivered,2719
5231,3156,13,21-10-2024,Canceled,405
5232,229,5,31-01-2024,Canceled,4785
5233,4323,19,13-06-2024,Delivered,4941
5234,1272,9,08-03-2024,Pending,1490
5235,859,19,07-07-2024,Delivered,2749
5236,4477,16,16-04-2024,Shipped,998
5237,430,19,09-03-2024,Canceled,4095
5238,1088,19,23-02-2024,Pending,2480
5239,3263,11,07-02-2024,Pending,4492
5240,4695,19,19-02-2024,Pending,587
5241,4132,3,17-09-2024,Canceled,871
5242,3383,13,13-02-2024,Shipped,4808
5243,662,13,04-02-2024,Delivered,1069
5244,1655,17,16-10-2024,Shipped,1041
5245,2939,10,23-10-2024,Delivered,2689
5246,661,18,06-05-2024,Pending,4807
5247,3107,2,26-04-2024,Canceled,4915
5248,3605,1,09-09-2024,Delivered,1489
5249,591,19,15-04-2024,Shipped,2921
5250,2168,12,30-04-2024,Pending,2206
5251,378,16,08-09-2024,Pending,380
5252,452,18,18-07-2024,Canceled,4444
5253,276,3,19-10-2024,Shipped,1113
5254,4084,3,16-05-2024,Shipped,4411
5255,3992,19,06-01-2024,Canceled,1436
5256,1716,18,26-02-2024,Shipped,904
5257,1236,20,20-09-2024,Shipped,1255
5258,1874,4,25-04-2024,Canceled,3593
5259,2777,20,20-10-2024,Canceled,1433
5260,2946,4,07-06-2024,Delivered,103
5261,2429,5,28-09-2024,Delivered,2439
5262,494,14,29-01-2024,Pending,2541
5263,2992,20,08-01-2024,Shipped,1800
5264,3892,7,20-09-2024,Canceled,3574
5265,2521,20,25-09-2024,Pending,461
5266,4626,3,28-01-2024,Pending,4344
5267,2676,15,31-05-2024,Canceled,2924
5268,1395,1,26-07-2024,Pending,3096
5269,2854,12,06-02-2024,Canceled,778
5270,2142,14,02-01-2024,Shipped,1502
5271,12,6,11-07-2024,Canceled,1609
5272,4272,17,09-02-2024,Shipped,2555
5273,3749,18,05-04-2024,Shipped,3301
5274,1394,12,06-07-2024,Shipped,38
5275,1968,3,07-07-2024,Pending,200
5276,4267,2,20-09-2024,Shipped,1908
5277,4630,20,13-08-2024,Delivered,2343
5278,1556,19,15-10-2024,Shipped,4218
5279,4983,7,09-07-2024,Canceled,2080
5280,4176,5,30-03-2024,Pending,4756
5281,4003,19,06-01-2024,Delivered,4090
5282,3519,9,28-08-2024,Delivered,3992
5283,1685,12,03-09-2024,Shipped,3231
5284,1341,5,01-09-2024,Pending,4931
5285,1932,6,10-05-2024,Delivered,4685
5286,1643,8,07-02-2024,Shipped,4861
5287,3980,13,01-10-2024,Pending,3861
5288,142,5,27-04-2024,Delivered,2794
5289,1663,2,03-09-2024,Pending,2290
5290,1884,20,02-11-2024,Pending,217
5291,4622,17,01-06-2024,Canceled,2332
5292,1665,3,05-01-2024,Delivered,3020
5293,1387,3,22-06-2024,Pending,3099
5294,3024,14,14-03-2024,Pending,3581
5295,3428,17,10-07-2024,Pending,3774
5296,2710,3,07-03-2024,Delivered,2206
5297,1347,18,23-01-2024,Shipped,585
5298,505,10,29-04-2024,Shipped,48
5299,1055,2,16-01-2024,Shipped,538
5300,1797,12,04-04-2024,Delivered,884
5301,3837,6,03-09-2024,Delivered,915
5302,2796,16,10-03-2024,Canceled,810
5303,2105,17,19-09-2024,Canceled,2143
5304,1200,12,02-11-2024,Canceled,4988
5305,4770,17,25-04-2024,Canceled,2467
5306,1176,19,04-01-2024,Pending,3838
5307,268,15,20-04-2024,Delivered,348
5308,422,3,27-04-2024,Canceled,617
5309,444,18,08-01-2024,Pending,2244
5310,3885,17,09-02-2024,Shipped,4595
5311,1575,19,02-03-2024,Delivered,4968
5312,4735,6,30-01-2024,Pending,1752
5313,1228,20,21-06-2024,Canceled,2531
5314,2429,20,03-08-2024,Pending,1422
5315,4358,12,12-05-2024,Delivered,2376
5316,3618,5,13-06-2024,Delivered,1885
5317,4906,14,01-10-2024,Canceled,990
5318,823,1,05-09-2024,Canceled,283
5319,1729,4,20-03-2024,Shipped,1178
5320,2581,2,11-09-2024,Delivered,4417
5321,3574,16,20-10-2024,Shipped,2628
5322,4833,17,30-04-2024,Delivered,2052
5323,3705,4,18-03-2024,Shipped,4204
5324,1349,7,04-06-2024,Delivered,3157
5325,4308,18,27-01-2024,Shipped,2615
5326,926,18,16-04-2024,Canceled,4776
5327,4887,5,10-05-2024,Delivered,2046
5328,3144,14,21-05-2024,Pending,866
5329,7,18,13-01-2024,Canceled,554
5330,4539,18,02-02-2024,Delivered,2093
5331,3437,5,01-03-2024,Canceled,185
5332,3851,14,21-08-2024,Shipped,3663
5333,2934,3,07-01-2024,Pending,2902
5334,132,14,07-04-2024,Shipped,3890
5335,4323,16,02-04-2024,Pending,4715
5336,1033,15,02-02-2024,Canceled,1393
5337,622,5,02-03-2024,Delivered,3996
5338,4687,9,24-07-2024,Canceled,1773
5339,2061,1,17-06-2024,Pending,4501
5340,2383,8,27-07-2024,Canceled,181
5341,1965,5,13-06-2024,Canceled,25
5342,2174,2,15-06-2024,Pending,2926
5343,4888,18,26-06-2024,Delivered,3000
5344,3930,2,19-06-2024,Shipped,4203
5345,2865,12,14-05-2024,Canceled,424
5346,1865,18,28-05-2024,Pending,4337
5347,285,4,23-04-2024,Pending,4926
5348,531,1,04-06-2024,Delivered,2212
5349,4308,6,24-08-2024,Canceled,516
5350,1687,17,13-07-2024,Shipped,2219
5351,1420,18,26-10-2024,Canceled,3396
5352,3145,6,17-09-2024,Shipped,4569
5353,1082,13,19-03-2024,Pending,4467
5354,1063,6,28-05-2024,Canceled,3890
5355,1556,12,04-04-2024,Pending,1474
5356,770,4,21-03-2024,Delivered,2554
5357,472,19,23-10-2024,Shipped,4135
5358,1377,17,28-02-2024,Canceled,1104
5359,3799,4,14-01-2024,Canceled,1769
5360,1413,6,08-08-2024,Canceled,2718
5361,1833,16,19-04-2024,Pending,410
5362,296,3,22-07-2024,Shipped,3330
5363,654,19,15-10-2024,Canceled,563
5364,1264,19,06-02-2024,Pending,3466
5365,3007,6,06-06-2024,Canceled,4802
5366,2230,20,16-07-2024,Canceled,2893
5367,1196,11,17-05-2024,Shipped,1353
5368,3100,13,15-03-2024,Shipped,2692
5369,3150,18,03-02-2024,Shipped,2254
5370,499,2,14-08-2024,Shipped,2476
5371,2232,15,12-08-2024,Shipped,3798
5372,506,18,13-09-2024,Canceled,3505
5373,118,14,19-08-2024,Shipped,646
5374,4945,6,01-01-2024,Delivered,4652
5375,2150,2,24-09-2024,Delivered,1203
5376,3451,16,22-07-2024,Pending,371
5377,3379,1,02-07-2024,Pending,4139
5378,739,12,13-01-2024,Shipped,1203
5379,209,15,27-01-2024,Shipped,3576
5380,1955,8,20-10-2024,Delivered,3955
5381,2655,3,28-04-2024,Delivered,2454
5382,2781,12,27-05-2024,Shipped,4769
5383,710,3,13-02-2024,Delivered,4501
5384,377,1,19-07-2024,Canceled,1218
5385,4574,15,01-07-2024,Delivered,1399
5386,1044,20,23-01-2024,Shipped,4084
5387,2393,17,31-10-2024,Delivered,2093
5388,2168,1,01-09-2024,Pending,4145
5389,1323,2,30-09-2024,Canceled,2831
5390,4970,2,04-03-2024,Canceled,2922
5391,4730,13,04-07-2024,Pending,2807
5392,1923,12,27-09-2024,Shipped,256
5393,845,5,29-03-2024,Pending,3836
5394,1666,3,29-08-2024,Delivered,2605
5395,3719,1,20-02-2024,Pending,4243
5396,4031,19,13-04-2024,Delivered,1806
5397,4045,11,06-11-2024,Pending,3504
5398,1806,15,31-05-2024,Canceled,2633
5399,3154,12,28-06-2024,Pending,4557
5400,288,8,28-07-2024,Canceled,2601
5401,1461,18,30-10-2024,Shipped,3576
5402,1582,18,30-03-2024,Shipped,3441
5403,3357,17,04-02-2024,Shipped,4308
5404,1956,10,28-04-2024,Shipped,3778
5405,981,20,24-09-2024,Shipped,4924
5406,1648,10,31-10-2024,Pending,2948
5407,534,11,30-05-2024,Shipped,3761
5408,1783,18,18-04-2024,Delivered,3758
5409,1052,9,02-03-2024,Pending,246
5410,3834,15,09-05-2024,Pending,1694
5411,4114,14,26-10-2024,Shipped,3108
5412,1371,9,12-01-2024,Canceled,2182
5413,2964,5,16-07-2024,Canceled,89
5414,3399,10,19-07-2024,Delivered,1584
5415,4013,7,12-10-2024,Pending,1244
5416,502,18,09-03-2024,Shipped,2166
5417,3804,10,02-04-2024,Canceled,426
5418,3166,11,24-02-2024,Pending,3672
5419,3586,11,27-10-2024,Delivered,4891
5420,4829,12,12-04-2024,Pending,1989
5421,3118,17,02-09-2024,Canceled,567
5422,1619,7,18-03-2024,Delivered,884
5423,3627,11,30-08-2024,Delivered,4515
5424,3588,8,08-06-2024,Shipped,2164
5425,3446,15,09-08-2024,Shipped,1202
5426,4892,13,16-06-2024,Shipped,3011
5427,172,3,31-08-2024,Canceled,1219
5428,4010,14,07-10-2024,Canceled,4642
5429,1387,18,28-04-2024,Delivered,1177
5430,4938,2,06-10-2024,Canceled,1795
5431,3719,18,17-09-2024,Pending,2745
5432,4866,15,22-06-2024,Delivered,579
5433,826,13,20-09-2024,Canceled,2948
5434,2052,18,09-07-2024,Shipped,3980
5435,2282,11,23-03-2024,Pending,2957
5436,58,9,27-02-2024,Shipped,1347
5437,3221,1,06-04-2024,Pending,2075
5438,4513,14,10-07-2024,Canceled,3100
5439,1486,7,01-03-2024,Shipped,951
5440,425,17,09-04-2024,Canceled,739
5441,2167,18,17-08-2024,Pending,3929
5442,4118,11,04-10-2024,Shipped,206
5443,4181,7,04-10-2024,Delivered,4616
5444,1468,13,04-03-2024,Pending,1998
5445,1364,16,22-08-2024,Shipped,869
5446,2103,2,05-03-2024,Delivered,1446
5447,3882,11,09-09-2024,Delivered,4253
5448,2154,13,03-02-2024,Delivered,1895
5449,1743,14,05-04-2024,Shipped,3714
5450,4537,13,30-03-2024,Shipped,1803
5451,3377,5,23-02-2024,Canceled,4259
5452,1631,12,28-04-2024,Pending,4636
5453,2208,8,03-01-2024,Shipped,3576
5454,2950,2,01-06-2024,Pending,60
5455,4340,10,28-01-2024,Shipped,1507
5456,3929,7,19-07-2024,Pending,1198
5457,3179,3,05-06-2024,Shipped,3705
5458,3940,17,23-09-2024,Canceled,4211
5459,1247,13,26-08-2024,Shipped,1535
5460,4419,14,07-09-2024,Delivered,2406
5461,2934,15,22-04-2024,Canceled,3051
5462,4855,15,05-06-2024,Shipped,1299
5463,1417,3,08-01-2024,Pending,4268
5464,467,16,18-05-2024,Delivered,3273
5465,1187,11,02-06-2024,Canceled,1365
5466,1736,13,16-08-2024,Delivered,4083
5467,1646,15,28-02-2024,Pending,4802
5468,264,7,22-06-2024,Canceled,2323
5469,4171,10,07-04-2024,Canceled,4357
5470,2218,14,24-05-2024,Delivered,2399
5471,426,2,11-01-2024,Pending,4225
5472,798,8,22-05-2024,Canceled,4321
5473,2259,15,07-10-2024,Canceled,2925
5474,4672,13,29-09-2024,Shipped,4413
5475,4741,11,06-06-2024,Canceled,4228
5476,2428,12,27-08-2024,Pending,2779
5477,630,3,19-05-2024,Pending,4524
5478,584,11,15-09-2024,Canceled,4583
5479,1464,14,22-07-2024,Pending,2686
5480,2756,8,06-03-2024,Canceled,4869
5481,272,2,28-05-2024,Shipped,1575
5482,3542,6,02-02-2024,Pending,3103
5483,132,19,15-06-2024,Shipped,3550
5484,4651,5,13-10-2024,Pending,2070
5485,193,16,14-08-2024,Delivered,3795
5486,3296,17,06-02-2024,Pending,2665
5487,1785,20,18-03-2024,Delivered,4904
5488,1679,11,17-04-2024,Pending,2662
5489,4876,3,27-03-2024,Delivered,2990
5490,4921,6,01-09-2024,Delivered,824
5491,3035,16,22-10-2024,Pending,2918
5492,4509,20,21-07-2024,Delivered,192
5493,89,6,19-09-2024,Delivered,3943
5494,3500,8,19-10-2024,Canceled,4481
5495,469,6,28-01-2024,Pending,3973
5496,3764,2,01-03-2024,Shipped,4470
5497,2743,6,24-10-2024,Canceled,1730
5498,1420,15,11-05-2024,Canceled,3997
5499,58,6,05-08-2024,Canceled,3380
5500,2607,6,19-01-2024,Delivered,2565
5501,3067,18,13-03-2024,Pending,4384
5502,516,10,04-05-2024,Delivered,4695
5503,3094,4,01-06-2024,Canceled,2727
5504,2196,14,06-03-2024,Delivered,3609
5505,776,9,02-02-2024,Canceled,3605
5506,1093,5,20-08-2024,Shipped,1093
5507,4216,10,20-06-2024,Shipped,2359
5508,592,19,14-04-2024,Shipped,2523
5509,4041,20,03-07-2024,Delivered,704
5510,1413,13,18-06-2024,Delivered,1333
5511,1156,19,19-01-2024,Shipped,2408
5512,847,18,26-04-2024,Shipped,4601
5513,4476,2,11-10-2024,Canceled,2285
5514,2275,4,25-04-2024,Canceled,3769
5515,3665,18,23-01-2024,Canceled,483
5516,80,4,25-04-2024,Shipped,1483
5517,4852,14,27-02-2024,Delivered,1872
5518,2227,16,13-04-2024,Shipped,4646
5519,3255,13,12-02-2024,Delivered,2313
5520,4592,12,22-04-2024,Canceled,4886
5521,4011,10,26-02-2024,Canceled,3453
5522,2965,4,26-09-2024,Delivered,1546
5523,2453,15,20-09-2024,Shipped,2875
5524,3215,9,10-06-2024,Shipped,1910
5525,3303,14,02-05-2024,Canceled,352
5526,2024,19,25-05-2024,Shipped,3897
5527,2852,5,01-03-2024,Shipped,1785
5528,3128,1,13-06-2024,Pending,1473
5529,4181,16,28-01-2024,Pending,4255
5530,4754,19,02-06-2024,Shipped,517
5531,2340,4,22-01-2024,Delivered,4675
5532,1280,5,09-04-2024,Delivered,1596
5533,3238,6,05-06-2024,Shipped,4565
5534,3001,5,25-04-2024,Canceled,353
5535,3100,13,05-04-2024,Delivered,2781
5536,2010,19,11-01-2024,Delivered,3129
5537,379,11,06-10-2024,Pending,2661
5538,1677,12,11-01-2024,Pending,349
5539,2512,16,19-06-2024,Canceled,2798
5540,2621,19,03-03-2024,Pending,562
5541,4953,10,28-04-2024,Shipped,3362
5542,3136,19,28-06-2024,Shipped,2500
5543,523,13,01-06-2024,Shipped,2230
5544,1987,18,30-05-2024,Shipped,1950
5545,1614,20,24-09-2024,Pending,4075
5546,3698,10,04-01-2024,Pending,1326
5547,2544,16,18-05-2024,Shipped,3773
5548,1257,13,28-10-2024,Canceled,307
5549,2609,6,05-10-2024,Shipped,1372
5550,1704,13,25-03-2024,Delivered,282
5551,4680,6,28-01-2024,Shipped,640
5552,3058,16,25-03-2024,Pending,3523
5553,668,18,27-08-2024,Shipped,1732
5554,3998,20,30-09-2024,Delivered,1356
5555,1806,19,05-07-2024,Shipped,2243
5556,477,1,20-10-2024,Delivered,4058
5557,980,19,24-07-2024,Pending,2160
5558,918,7,22-03-2024,Canceled,2498
5559,4447,1,28-06-2024,Shipped,4994
5560,1619,12,20-04-2024,Delivered,490
5561,3866,1,04-07-2024,Pending,1953
5562,3803,3,26-05-2024,Pending,1865
5563,1948,6,27-05-2024,Shipped,1324
5564,2458,15,04-11-2024,Canceled,1885
5565,4582,6,07-10-2024,Canceled,1074
5566,3346,20,22-08-2024,Canceled,2610
5567,864,11,30-10-2024,Canceled,3758
5568,436,9,28-03-2024,Shipped,3160
5569,1662,13,10-07-2024,Canceled,3174
5570,415,6,02-07-2024,Canceled,2370
5571,3303,13,09-10-2024,Shipped,168
5572,2541,1,06-07-2024,Shipped,4377
5573,4259,13,02-11-2024,Canceled,3852
5574,4153,9,13-03-2024,Delivered,3187
5575,3967,11,28-04-2024,Shipped,4498
5576,2866,12,26-10-2024,Canceled,3917
5577,3470,2,16-10-2024,Shipped,4093
5578,601,7,09-03-2024,Delivered,1953
5579,4111,20,09-04-2024,Shipped,4809
5580,1836,7,06-03-2024,Pending,3986
5581,1112,1,06-07-2024,Delivered,1892
5582,4280,9,17-07-2024,Delivered,117
5583,1014,12,01-05-2024,Canceled,1145
5584,2526,5,30-10-2024,Shipped,991
5585,3667,6,25-09-2024,Pending,758
5586,4126,11,29-01-2024,Delivered,226
5587,1351,20,09-03-2024,Shipped,771
5588,1832,5,28-07-2024,Shipped,768
5589,4346,11,16-09-2024,Pending,1948
5590,3103,19,09-07-2024,Pending,1336
5591,1642,19,05-09-2024,Shipped,1591
5592,216,5,09-06-2024,Shipped,1253
5593,1936,10,26-10-2024,Pending,3601
5594,178,6,31-10-2024,Delivered,400
5595,4022,9,11-02-2024,Pending,3583
5596,3597,14,21-02-2024,Pending,363
5597,4329,20,19-10-2024,Delivered,623
5598,2332,9,12-10-2024,Delivered,2819
5599,1143,18,14-07-2024,Delivered,3835
5600,3255,10,26-02-2024,Canceled,4659
5601,2211,18,14-06-2024,Delivered,30
5602,4452,15,11-02-2024,Delivered,2905
5603,818,4,02-03-2024,Delivered,1779
5604,2491,20,18-04-2024,Shipped,2453
5605,1666,15,04-10-2024,Shipped,2188
5606,306,20,14-08-2024,Pending,3133
5607,2285,13,25-08-2024,Canceled,688
5608,3437,12,03-08-2024,Shipped,3429
5609,469,13,28-06-2024,Canceled,1966
5610,517,11,23-06-2024,Pending,1648
5611,851,5,24-08-2024,Delivered,1444
5612,1743,10,08-08-2024,Canceled,1806
5613,65,17,21-08-2024,Pending,462
5614,2751,18,21-04-2024,Pending,3085
5615,4561,16,12-09-2024,Delivered,4812
5616,3669,15,15-07-2024,Canceled,737
5617,3677,17,29-01-2024,Shipped,2290
5618,3179,13,14-08-2024,Pending,4104
5619,2820,14,01-05-2024,Canceled,2849
5620,4602,9,26-09-2024,Canceled,1432
5621,2023,2,15-01-2024,Canceled,1876
5622,1826,10,07-06-2024,Delivered,214
5623,472,19,01-10-2024,Shipped,3863
5624,3725,4,02-08-2024,Shipped,4523
5625,1043,13,17-02-2024,Shipped,182
5626,965,18,09-03-2024,Delivered,1767
5627,4400,10,26-06-2024,Delivered,2837
5628,1539,8,14-05-2024,Canceled,2727
5629,1523,15,05-06-2024,Shipped,4909
5630,2583,1,05-02-2024,Canceled,3095
5631,2092,4,07-10-2024,Pending,4033
5632,3572,13,05-01-2024,Pending,4673
5633,2901,2,24-04-2024,Shipped,1493
5634,2776,13,15-01-2024,Pending,4579
5635,645,20,05-08-2024,Shipped,4312
5636,4122,4,14-06-2024,Canceled,233
5637,1782,1,02-07-2024,Canceled,3535
5638,4243,5,13-03-2024,Pending,2169
5639,3747,18,25-02-2024,Canceled,375
5640,2837,12,05-05-2024,Shipped,3408
5641,4298,2,03-11-2024,Delivered,770
5642,346,11,21-07-2024,Delivered,3987
5643,1040,12,01-06-2024,Canceled,4853
5644,883,18,14-07-2024,Canceled,255
5645,4210,14,13-04-2024,Pending,2895
5646,3315,14,21-07-2024,Delivered,2499
5647,3605,10,28-01-2024,Shipped,1349
5648,1291,7,12-01-2024,Pending,4691
5649,1900,14,26-05-2024,Delivered,319
5650,4718,4,03-03-2024,Shipped,3084
5651,3522,6,17-04-2024,Shipped,1466
5652,3382,16,27-06-2024,Canceled,4491
5653,3409,19,29-01-2024,Canceled,266
5654,2341,13,30-05-2024,Canceled,4769
5655,1375,6,14-05-2024,Canceled,2130
5656,3298,20,01-06-2024,Shipped,1677
5657,2633,5,27-08-2024,Delivered,1682
5658,2231,3,16-03-2024,Delivered,1691
5659,3941,1,01-09-2024,Shipped,4060
5660,154,2,20-10-2024,Delivered,3028
5661,4623,5,28-09-2024,Shipped,235
5662,978,15,31-10-2024,Pending,4643
5663,2554,17,30-10-2024,Shipped,4706
5664,594,19,26-07-2024,Canceled,3874
5665,4795,7,14-10-2024,Pending,4164
5666,791,2,11-06-2024,Delivered,4113
5667,910,19,03-05-2024,Delivered,4702
5668,4283,6,28-01-2024,Pending,758
5669,2535,15,11-03-2024,Canceled,1847
5670,2908,16,10-01-2024,Shipped,2110
5671,4803,18,10-05-2024,Shipped,353
5672,936,17,12-04-2024,Pending,1148
5673,2407,13,13-02-2024,Delivered,2447
5674,3080,20,17-05-2024,Canceled,64
5675,4734,4,03-11-2024,Pending,2559
5676,546,18,20-02-2024,Delivered,254
5677,1771,5,14-07-2024,Delivered,2787
5678,2267,1,11-01-2024,Canceled,4762
5679,1748,18,10-10-2024,Pending,4565
5680,985,6,06-07-2024,Delivered,1512
5681,1526,12,13-07-2024,Canceled,4159
5682,1596,3,12-06-2024,Delivered,665
5683,3252,13,18-10-2024,Canceled,3170
5684,3556,11,26-04-2024,Pending,3379
5685,2435,9,29-06-2024,Delivered,1695
5686,3914,16,24-10-2024,Pending,3259
5687,1272,20,06-07-2024,Canceled,541
5688,4527,4,04-01-2024,Pending,3288
5689,1065,11,14-02-2024,Shipped,4999
5690,3410,8,12-06-2024,Delivered,4404
5691,3953,11,13-08-2024,Delivered,4202
5692,4926,19,25-05-2024,Canceled,4416
5693,2554,17,23-02-2024,Pending,1352
5694,3252,16,07-01-2024,Delivered,2265
5695,1910,11,16-10-2024,Shipped,2128
5696,3538,18,28-02-2024,Canceled,2742
5697,3707,13,14-09-2024,Shipped,2617
5698,2974,20,02-04-2024,Shipped,2250
5699,829,1,15-03-2024,Shipped,3299
5700,3844,10,27-05-2024,Delivered,4999
5701,3222,16,18-02-2024,Delivered,4946
5702,4360,9,09-07-2024,Canceled,2678
5703,1157,13,12-01-2024,Delivered,4796
5704,2299,7,04-06-2024,Shipped,3864
5705,3670,14,24-05-2024,Canceled,4370
5706,4867,12,25-10-2024,Canceled,262
5707,3553,15,04-04-2024,Delivered,1151
5708,3702,16,18-09-2024,Shipped,3228
5709,3791,12,05-08-2024,Delivered,4291
5710,700,19,29-01-2024,Shipped,1738
5711,246,18,21-03-2024,Pending,2976
5712,446,11,02-07-2024,Canceled,2950
5713,939,17,28-07-2024,Canceled,2652
5714,303,18,18-08-2024,Pending,2187
5715,1715,15,08-05-2024,Canceled,44
5716,3069,7,30-05-2024,Canceled,626
5717,77,8,24-09-2024,Pending,590
5718,1595,15,23-02-2024,Shipped,349
5719,130,15,19-03-2024,Pending,3688
5720,1764,11,07-05-2024,Canceled,153
5721,1364,14,24-04-2024,Canceled,2228
5722,4362,7,28-03-2024,Pending,2484
5723,3515,1,21-05-2024,Pending,4837
5724,2648,6,09-09-2024,Canceled,4288
5725,1234,6,27-01-2024,Delivered,4223
5726,4625,16,04-03-2024,Shipped,1086
5727,108,8,16-08-2024,Delivered,561
5728,3060,12,08-01-2024,Pending,637
5729,2266,11,30-04-2024,Canceled,396
5730,3575,16,19-05-2024,Delivered,39
5731,2375,19,30-07-2024,Canceled,3108
5732,1571,9,06-11-2024,Canceled,1171
5733,3811,7,07-08-2024,Delivered,4171
5734,3746,18,10-06-2024,Canceled,3259
5735,2051,1,26-03-2024,Delivered,595
5736,3038,10,01-10-2024,Pending,4009
5737,3526,17,02-08-2024,Canceled,164
5738,1846,20,17-05-2024,Shipped,4498
5739,145,9,22-08-2024,Canceled,2209
5740,988,5,21-05-2024,Shipped,456
5741,2289,17,23-02-2024,Pending,3717
5742,2864,11,22-04-2024,Delivered,4855
5743,2490,12,19-01-2024,Pending,66
5744,3208,12,11-05-2024,Canceled,3990
5745,209,10,16-01-2024,Canceled,3976
5746,238,11,23-01-2024,Delivered,1357
5747,3238,13,17-04-2024,Shipped,1960
5748,4750,15,02-05-2024,Shipped,3743
5749,3195,19,02-11-2024,Pending,934
5750,1345,10,04-02-2024,Delivered,3090
5751,1364,7,16-10-2024,Canceled,1836
5752,528,5,04-11-2024,Delivered,1304
5753,1190,6,09-01-2024,Shipped,2410
5754,1005,19,11-10-2024,Delivered,2270
5755,4703,1,04-06-2024,Canceled,1508
5756,1031,11,06-09-2024,Shipped,1990
5757,1473,10,28-05-2024,Delivered,505
5758,450,9,23-10-2024,Pending,996
5759,3002,17,07-06-2024,Pending,4882
5760,34,18,05-01-2024,Canceled,1424
5761,2543,13,25-05-2024,Delivered,1560
5762,4350,1,03-08-2024,Pending,1501
5763,2370,18,18-07-2024,Shipped,3235
5764,2499,3,18-01-2024,Delivered,3441
5765,3996,14,12-08-2024,Pending,4865
5766,3159,8,02-05-2024,Pending,1314
5767,3156,11,08-08-2024,Canceled,3487
5768,973,8,01-03-2024,Delivered,1584
5769,3583,16,06-09-2024,Shipped,1766
5770,3532,17,11-04-2024,Delivered,4674
5771,2441,11,22-03-2024,Canceled,3133
5772,1784,2,12-08-2024,Shipped,2897
5773,4005,13,05-09-2024,Canceled,990
5774,212,19,10-09-2024,Pending,593
5775,3053,6,14-07-2024,Shipped,4622
5776,3494,17,03-02-2024,Shipped,4663
5777,103,7,10-05-2024,Delivered,3491
5778,302,13,23-07-2024,Pending,3224
5779,4487,20,31-08-2024,Pending,892
5780,4523,16,17-07-2024,Shipped,1139
5781,1805,19,05-04-2024,Pending,2057
5782,2452,13,04-03-2024,Delivered,1785
5783,692,18,01-03-2024,Pending,3849
5784,2837,8,25-05-2024,Delivered,4353
5785,615,3,08-07-2024,Canceled,2539
5786,2310,5,22-01-2024,Pending,2408
5787,4874,18,06-03-2024,Canceled,2962
5788,2374,4,13-02-2024,Canceled,4101
5789,4079,2,11-02-2024,Shipped,3346
5790,3193,7,08-06-2024,Pending,5
5791,4014,20,29-07-2024,Pending,1923
5792,768,14,17-10-2024,Shipped,2532
5793,3156,16,31-05-2024,Pending,4973
5794,3850,10,05-06-2024,Shipped,4582
5795,2915,11,15-09-2024,Pending,695
5796,3146,16,17-01-2024,Delivered,2180
5797,3385,3,03-03-2024,Shipped,2975
5798,1490,7,28-07-2024,Canceled,2866
5799,3942,8,24-08-2024,Canceled,3912
5800,1144,20,16-09-2024,Canceled,4678
5801,2153,18,29-09-2024,Canceled,1539
5802,1718,1,11-03-2024,Shipped,3805
5803,3335,20,22-07-2024,Pending,2908
5804,4162,5,06-02-2024,Delivered,246
5805,4022,9,09-04-2024,Delivered,1981
5806,1463,12,26-08-2024,Canceled,1357
5807,2124,2,15-07-2024,Delivered,329
5808,2141,12,23-08-2024,Canceled,1755
5809,2336,11,01-06-2024,Pending,4866
5810,556,1,15-05-2024,Shipped,3254
5811,2315,4,17-06-2024,Canceled,3181
5812,1394,5,12-09-2024,Shipped,482
5813,1847,1,16-08-2024,Pending,39
5814,63,20,14-09-2024,Shipped,3678
5815,2021,19,06-02-2024,Canceled,3258
5816,3275,20,04-10-2024,Canceled,589
5817,3659,17,06-07-2024,Canceled,2537
5818,2598,14,02-08-2024,Canceled,365
5819,2348,12,12-02-2024,Delivered,756
5820,3900,4,24-10-2024,Pending,3670
5821,1647,8,22-05-2024,Shipped,518
5822,4255,16,10-04-2024,Canceled,3205
5823,912,2,19-09-2024,Delivered,4867
5824,3384,20,18-10-2024,Pending,4357
5825,1262,4,02-08-2024,Pending,1519
5826,1815,8,28-09-2024,Shipped,2102
5827,3608,17,14-03-2024,Canceled,1458
5828,2772,19,29-05-2024,Shipped,947
5829,2610,1,07-11-2024,Delivered,3454
5830,1598,20,03-02-2024,Canceled,3126
5831,3256,6,14-10-2024,Shipped,744
5832,189,5,30-10-2024,Pending,491
5833,553,11,27-01-2024,Delivered,1950
5834,2390,20,02-05-2024,Delivered,3465
5835,1662,16,03-04-2024,Delivered,2590
5836,1075,14,04-08-2024,Pending,793
5837,3371,17,26-03-2024,Shipped,1310
5838,432,6,27-03-2024,Pending,3754
5839,1082,19,26-05-2024,Shipped,2692
5840,2477,14,30-05-2024,Pending,4580
5841,1692,3,22-10-2024,Pending,527
5842,3898,19,05-09-2024,Shipped,521
5843,181,10,27-10-2024,Delivered,4342
5844,2824,5,28-04-2024,Shipped,4110
5845,1900,4,20-04-2024,Delivered,2431
5846,3300,6,17-08-2024,Delivered,4078
5847,4667,20,17-03-2024,Shipped,4542
5848,852,10,19-04-2024,Canceled,4631
5849,2837,20,30-06-2024,Shipped,1011
5850,982,6,29-09-2024,Pending,2566
5851,3266,7,19-04-2024,Canceled,372
5852,56,1,29-03-2024,Shipped,4162
5853,1609,1,21-01-2024,Pending,2087
5854,4003,6,31-03-2024,Delivered,647
5855,458,12,24-04-2024,Shipped,3748
5856,275,4,06-09-2024,Canceled,4298
5857,3414,4,25-02-2024,Delivered,4771
5858,2441,16,16-06-2024,Shipped,1586
5859,891,19,29-06-2024,Shipped,915
5860,4453,13,31-07-2024,Shipped,2282
5861,610,1,17-10-2024,Shipped,2507
5862,1717,16,28-10-2024,Delivered,4692
5863,4311,12,14-04-2024,Canceled,1624
5864,2104,16,12-05-2024,Canceled,4320
5865,3477,14,07-11-2024,Canceled,267
5866,932,5,02-06-2024,Delivered,275
5867,80,3,17-06-2024,Pending,3425
5868,3084,19,11-10-2024,Pending,4856
5869,1020,13,26-01-2024,Pending,931
5870,4013,20,12-02-2024,Pending,276
5871,4710,13,25-10-2024,Shipped,1160
5872,2065,18,07-05-2024,Delivered,1498
5873,555,13,15-05-2024,Canceled,3433
5874,298,11,03-06-2024,Delivered,3209
5875,2749,11,06-08-2024,Canceled,3899
5876,4256,20,07-09-2024,Delivered,2196
5877,4400,4,30-01-2024,Pending,4464
5878,2058,9,07-06-2024,Shipped,4045
5879,3670,15,02-01-2024,Delivered,4788
5880,2345,2,19-08-2024,Pending,2697
5881,2417,6,28-05-2024,Canceled,4574
5882,1116,11,29-04-2024,Shipped,1304
5883,4478,10,17-09-2024,Shipped,3976
5884,4277,1,23-01-2024,Delivered,2134
5885,4557,4,23-05-2024,Pending,4406
5886,4482,12,19-06-2024,Pending,742
5887,1770,20,17-07-2024,Pending,1455
5888,3670,13,10-07-2024,Shipped,909
5889,1331,8,15-06-2024,Canceled,491
5890,2927,12,11-06-2024,Shipped,1466
5891,406,9,11-01-2024,Canceled,3134
5892,1136,1,23-10-2024,Pending,3901
5893,44,3,27-10-2024,Pending,3879
5894,4843,1,11-10-2024,Pending,4375
5895,4122,8,30-01-2024,Pending,2274
5896,1304,4,01-07-2024,Pending,4760
5897,2744,19,30-07-2024,Delivered,3593
5898,837,5,02-03-2024,Pending,3745
5899,1111,11,19-09-2024,Delivered,3115
5900,1684,10,29-08-2024,Canceled,1750
5901,3946,6,27-05-2024,Pending,1234
5902,2086,19,07-02-2024,Delivered,4151
5903,3160,7,20-04-2024,Pending,1768
5904,1691,10,17-10-2024,Pending,946
5905,305,11,01-09-2024,Pending,2306
5906,4331,11,01-07-2024,Shipped,169
5907,4952,1,29-03-2024,Pending,1408
5908,4279,20,07-01-2024,Shipped,4214
5909,3950,1,24-06-2024,Pending,3724
5910,4013,9,23-04-2024,Delivered,2128
5911,280,4,29-07-2024,Pending,4046
5912,1933,20,06-10-2024,Shipped,321
5913,527,17,12-01-2024,Shipped,3457
5914,4490,5,28-02-2024,Canceled,4076
5915,4560,12,26-06-2024,Pending,3245
5916,3934,19,20-08-2024,Canceled,3809
5917,4659,10,12-07-2024,Delivered,1102
5918,4197,7,10-10-2024,Pending,668
5919,3331,14,03-10-2024,Shipped,2134
5920,893,2,28-09-2024,Canceled,2615
5921,2652,1,21-02-2024,Delivered,311
5922,725,18,11-07-2024,Delivered,434
5923,862,2,19-03-2024,Shipped,3809
5924,2166,17,05-01-2024,Pending,2550
5925,139,1,13-02-2024,Shipped,96
5926,182,7,16-08-2024,Canceled,2094
5927,2967,17,26-08-2024,Pending,3427
5928,973,19,14-06-2024,Pending,38
5929,3063,17,30-08-2024,Canceled,203
5930,396,13,02-11-2024,Canceled,270
5931,2472,13,15-08-2024,Shipped,4467
5932,767,2,28-04-2024,Pending,3809
5933,3509,14,02-06-2024,Pending,1245
5934,4328,10,24-05-2024,Shipped,1372
5935,899,8,04-11-2024,Canceled,1984
5936,565,20,30-10-2024,Delivered,244
5937,1029,14,08-11-2024,Delivered,519
5938,1549,18,29-02-2024,Shipped,740
5939,857,4,11-02-2024,Delivered,938
5940,2336,1,03-07-2024,Canceled,3555
5941,247,18,23-04-2024,Canceled,4733
5942,1959,5,24-05-2024,Canceled,3452
5943,2291,5,10-09-2024,Canceled,3417
5944,402,14,01-06-2024,Pending,3664
5945,2958,2,02-05-2024,Shipped,2392
5946,4380,14,03-08-2024,Pending,2610
5947,2726,10,14-08-2024,Pending,2606
5948,325,18,26-09-2024,Canceled,4934
5949,1885,14,31-07-2024,Delivered,4237
5950,1234,17,27-07-2024,Delivered,3834
5951,4495,6,13-04-2024,Delivered,4288
5952,1928,20,16-03-2024,Shipped,3568
5953,3441,13,07-11-2024,Shipped,3640
5954,3938,18,02-08-2024,Pending,2793
5955,93,8,13-06-2024,Pending,1971
5956,2007,14,06-08-2024,Pending,2176
5957,2954,7,24-04-2024,Shipped,1964
5958,1218,3,27-04-2024,Delivered,4368
5959,4021,2,28-03-2024,Pending,1735
5960,3687,2,24-09-2024,Shipped,4658
5961,534,16,04-08-2024,Pending,1965
5962,2019,8,09-01-2024,Shipped,4433
5963,3859,6,16-09-2024,Canceled,3655
5964,795,16,01-06-2024,Canceled,1693
5965,3096,1,21-07-2024,Shipped,4625
5966,1766,3,16-04-2024,Shipped,4281
5967,3768,17,11-02-2024,Canceled,3731
5968,980,12,27-04-2024,Pending,1362
5969,3515,18,25-05-2024,Delivered,412
5970,834,17,30-06-2024,Canceled,4452
5971,883,3,11-08-2024,Canceled,1934
5972,3214,2,17-05-2024,Canceled,1217
5973,4935,13,14-05-2024,Canceled,365
5974,1861,1,13-10-2024,Canceled,1888
5975,1044,3,07-10-2024,Delivered,2012
5976,4770,14,06-11-2024,Canceled,3455
5977,2042,9,04-11-2024,Pending,3230
5978,2926,10,25-06-2024,Canceled,610
5979,3023,11,17-03-2024,Shipped,4502
5980,1213,15,02-08-2024,Canceled,3427
5981,3348,12,26-01-2024,Canceled,1422
5982,553,3,12-05-2024,Shipped,4830
5983,1471,1,02-09-2024,Pending,4950
5984,21,8,13-06-2024,Shipped,4468
5985,2102,9,05-10-2024,Delivered,3193
5986,2597,7,24-06-2024,Pending,1458
5987,2055,4,12-08-2024,Pending,2753
5988,2872,16,19-08-2024,Shipped,4343
5989,574,14,01-07-2024,Delivered,4442
5990,4237,7,06-09-2024,Pending,4650
5991,3794,1,20-02-2024,Canceled,204
5992,34,5,24-07-2024,Canceled,2519
5993,2954,3,01-02-2024,Shipped,4720
5994,4353,8,13-05-2024,Shipped,2296
5995,1041,20,13-06-2024,Delivered,2855
5996,550,20,02-02-2024,Shipped,3955
5997,3618,19,14-03-2024,Delivered,2309
5998,3833,3,09-09-2024,Pending,3404
5999,2162,4,09-01-2024,Delivered,1397
6000,4821,10,18-02-2024,Shipped,1009
6001,2407,13,02-11-2024,Shipped,4060
6002,279,8,31-08-2024,Shipped,856
6003,3620,15,29-03-2024,Shipped,4782
6004,1222,15,03-03-2024,Pending,476
6005,739,15,31-10-2024,Shipped,1980
6006,4657,11,05-07-2024,Delivered,4978
6007,3459,2,05-06-2024,Shipped,1358
6008,904,3,24-03-2024,Shipped,1095
6009,3459,13,19-08-2024,Pending,4846
6010,173,15,05-02-2024,Delivered,1875
6011,3931,14,02-06-2024,Canceled,1231
6012,3453,5,03-10-2024,Shipped,2006
6013,4053,1,02-09-2024,Canceled,928
6014,2504,13,28-10-2024,Canceled,589
6015,3314,2,28-08-2024,Pending,462
6016,1249,18,20-04-2024,Shipped,4948
6017,1452,6,29-10-2024,Shipped,3857
6018,2452,6,21-08-2024,Shipped,3377
6019,2878,9,12-07-2024,Shipped,3811
6020,3058,14,21-03-2024,Delivered,2800
6021,3191,8,26-10-2024,Pending,942
6022,1596,18,12-08-2024,Delivered,4331
6023,1792,7,24-06-2024,Pending,173
6024,941,18,01-06-2024,Delivered,601
6025,2476,8,22-07-2024,Delivered,4933
6026,395,13,29-06-2024,Shipped,992
6027,115,16,21-09-2024,Canceled,4407
6028,3734,7,26-09-2024,Delivered,971
6029,1608,15,28-05-2024,Shipped,2930
6030,4709,9,22-05-2024,Canceled,3941
6031,3031,13,14-08-2024,Delivered,3279
6032,4280,12,07-06-2024,Pending,1670
6033,3987,9,24-04-2024,Pending,2127
6034,2399,1,12-07-2024,Pending,2959
6035,1971,15,12-02-2024,Delivered,32
6036,4452,12,26-07-2024,Delivered,4300
6037,4133,17,02-11-2024,Delivered,1171
6038,2629,15,01-02-2024,Delivered,2288
6039,2378,17,18-09-2024,Pending,1058
6040,654,1,06-07-2024,Pending,844
6041,1199,10,18-05-2024,Delivered,4398
6042,574,3,29-03-2024,Shipped,3517
6043,3960,7,13-04-2024,Delivered,4502
6044,3559,9,16-01-2024,Delivered,1127
6045,1768,18,13-08-2024,Shipped,175
6046,299,2,16-06-2024,Shipped,4331
6047,4795,11,11-02-2024,Delivered,3894
6048,3457,5,03-09-2024,Shipped,3394
6049,4392,19,11-08-2024,Shipped,862
6050,3000,14,05-09-2024,Pending,1326
6051,2519,13,27-08-2024,Pending,3806
6052,2926,14,20-06-2024,Shipped,2250
6053,2143,9,26-10-2024,Canceled,465
6054,3366,9,01-09-2024,Shipped,2304
6055,2811,15,13-05-2024,Pending,2627
6056,2788,15,14-02-2024,Delivered,3361
6057,2194,6,03-02-2024,Pending,3411
6058,259,17,08-11-2024,Pending,1043
6059,4882,13,07-07-2024,Shipped,2947
6060,1048,8,02-05-2024,Shipped,732
6061,481,12,11-06-2024,Shipped,2870
6062,3616,2,25-03-2024,Pending,3823
6063,3208,11,06-11-2024,Canceled,2315
6064,4414,10,19-04-2024,Pending,3402
6065,366,13,18-04-2024,Canceled,4312
6066,3036,13,23-01-2024,Pending,4618
6067,39,1,09-06-2024,Delivered,2128
6068,2369,14,20-01-2024,Shipped,2586
6069,589,3,29-02-2024,Canceled,48
6070,4552,6,15-02-2024,Pending,387
6071,3337,1,14-01-2024,Shipped,4772
6072,768,20,16-08-2024,Shipped,3847
6073,1989,1,09-02-2024,Shipped,4522
6074,2617,1,28-05-2024,Pending,1679
6075,2897,3,01-11-2024,Pending,1345
6076,1433,17,11-03-2024,Shipped,4772
6077,1640,13,17-06-2024,Shipped,4361
6078,4150,15,26-08-2024,Delivered,190
6079,654,7,10-06-2024,Delivered,1759
6080,3894,14,29-08-2024,Shipped,1635
6081,4301,13,11-06-2024,Canceled,2708
6082,2165,13,05-07-2024,Shipped,920
6083,2634,13,04-03-2024,Pending,2444
6084,653,18,26-10-2024,Shipped,258
6085,3920,5,28-10-2024,Shipped,1317
6086,77,14,25-06-2024,Canceled,1927
6087,545,4,02-11-2024,Delivered,1102
6088,1059,9,14-07-2024,Canceled,2438
6089,2305,10,27-09-2024,Pending,3963
6090,3480,9,02-04-2024,Delivered,4280
6091,2962,10,24-03-2024,Pending,3801
6092,2215,8,09-03-2024,Shipped,504
6093,2778,4,10-03-2024,Pending,1839
6094,746,13,27-05-2024,Delivered,3104
6095,727,6,21-03-2024,Shipped,605
6096,4831,4,10-07-2024,Pending,3445
6097,2956,1,18-03-2024,Canceled,1027
6098,3553,5,26-01-2024,Pending,3570
6099,2005,13,07-08-2024,Pending,2892
6100,2578,3,09-06-2024,Shipped,1536
6101,15,16,05-11-2024,Shipped,2499
6102,3856,3,19-07-2024,Canceled,254
6103,2954,3,08-03-2024,Pending,2239
6104,2435,4,28-04-2024,Delivered,2824
6105,1647,20,16-03-2024,Delivered,371
6106,1059,5,12-06-2024,Canceled,477
6107,2275,17,13-08-2024,Canceled,1870
6108,701,7,13-07-2024,Canceled,3746
6109,1266,17,28-01-2024,Shipped,4523
6110,4558,2,19-10-2024,Canceled,2030
6111,3600,13,19-02-2024,Pending,1137
6112,3289,11,18-01-2024,Canceled,973
6113,83,7,18-01-2024,Delivered,4761
6114,2858,10,16-06-2024,Delivered,4963
6115,368,8,02-07-2024,Delivered,1281
6116,106,13,04-08-2024,Pending,3249
6117,746,14,24-09-2024,Delivered,1327
6118,4418,4,26-08-2024,Pending,296
6119,3272,2,23-06-2024,Delivered,3648
6120,1815,12,02-03-2024,Delivered,4980
6121,3136,17,12-06-2024,Canceled,2828
6122,4978,7,27-06-2024,Canceled,2902
6123,522,14,16-02-2024,Canceled,3630
6124,1473,10,23-05-2024,Delivered,3911
6125,1864,11,12-06-2024,Shipped,3056
6126,3840,7,15-08-2024,Canceled,3261
6127,4468,8,03-02-2024,Shipped,3895
6128,4399,18,04-09-2024,Canceled,1253
6129,1805,11,27-04-2024,Canceled,1257
6130,3829,5,08-10-2024,Canceled,864
6131,2868,3,04-10-2024,Canceled,3415
6132,3347,6,01-07-2024,Canceled,2350
6133,4496,8,08-11-2024,Shipped,4212
6134,1068,2,06-01-2024,Delivered,2165
6135,1032,17,29-01-2024,Pending,320
6136,3382,14,02-03-2024,Delivered,1598
6137,1059,13,28-08-2024,Canceled,123
6138,2424,12,29-07-2024,Canceled,3482
6139,3022,3,23-03-2024,Canceled,2536
6140,4061,11,19-09-2024,Pending,1243
6141,4818,8,25-10-2024,Pending,521
6142,2917,15,15-08-2024,Pending,2962
6143,3786,3,17-10-2024,Canceled,1076
6144,4897,11,25-10-2024,Delivered,2085
6145,3399,14,09-04-2024,Shipped,3022
6146,795,10,23-09-2024,Delivered,3126
6147,1992,4,18-05-2024,Shipped,2445
6148,2263,5,23-04-2024,Shipped,374
6149,181,16,31-01-2024,Canceled,743
6150,3801,17,30-10-2024,Shipped,4032
6151,4610,9,28-05-2024,Canceled,2282
6152,1716,7,17-04-2024,Shipped,308
6153,4026,16,30-05-2024,Pending,4554
6154,3817,10,11-01-2024,Delivered,1044
6155,2634,17,08-07-2024,Pending,679
6156,3808,3,23-09-2024,Shipped,4160
6157,3409,20,11-02-2024,Shipped,50
6158,2991,8,16-05-2024,Canceled,1775
6159,1036,13,17-01-2024,Shipped,65
6160,75,5,01-01-2024,Canceled,4727
6161,3162,8,16-06-2024,Delivered,897
6162,3440,16,05-09-2024,Shipped,1679
6163,1161,18,26-09-2024,Shipped,4828
6164,2081,8,20-09-2024,Canceled,4264
6165,1367,9,01-06-2024,Delivered,523
6166,3633,16,14-05-2024,Canceled,4429
6167,19,20,05-03-2024,Shipped,3090
6168,962,3,01-08-2024,Pending,101
6169,3853,18,08-05-2024,Canceled,1209
6170,1170,11,18-03-2024,Delivered,2348
6171,716,17,20-01-2024,Delivered,337
6172,475,10,13-01-2024,Shipped,4361
6173,1138,17,11-04-2024,Canceled,142
6174,885,16,07-05-2024,Delivered,3546
6175,4514,16,25-05-2024,Canceled,503
6176,3988,2,01-07-2024,Pending,4697
6177,1589,14,26-09-2024,Canceled,1452
6178,3513,18,10-09-2024,Canceled,4835
6179,4804,1,16-07-2024,Delivered,4979
6180,2667,13,04-06-2024,Pending,1434
6181,4473,4,26-07-2024,Shipped,3410
6182,3293,10,06-11-2024,Pending,4597
6183,177,18,10-05-2024,Shipped,3186
6184,4276,16,28-08-2024,Shipped,4979
6185,472,17,11-03-2024,Delivered,1701
6186,1931,16,28-02-2024,Delivered,2232
6187,4090,9,28-02-2024,Shipped,3043
6188,2081,8,18-02-2024,Delivered,2528
6189,2866,4,14-10-2024,Canceled,1935
6190,2392,15,21-01-2024,Pending,2999
6191,1525,12,08-01-2024,Pending,1529
6192,1317,2,25-10-2024,Pending,1250
6193,2932,8,29-05-2024,Shipped,4648
6194,4862,8,04-11-2024,Delivered,2147
6195,1147,12,14-05-2024,Pending,1008
6196,4175,14,07-10-2024,Pending,2389
6197,635,12,20-09-2024,Pending,4707
6198,4153,1,30-08-2024,Canceled,3505
6199,4194,12,04-07-2024,Pending,2521
6200,4796,11,08-09-2024,Canceled,4521
6201,1346,20,24-06-2024,Pending,3736
6202,1925,15,28-04-2024,Pending,2723
6203,1693,12,06-09-2024,Canceled,3309
6204,3632,1,14-02-2024,Pending,4154
6205,2654,2,25-04-2024,Delivered,3819
6206,55,17,15-04-2024,Delivered,4693
6207,1418,11,22-02-2024,Pending,1733
6208,1133,19,04-09-2024,Delivered,2999
6209,4470,17,22-01-2024,Shipped,3296
6210,4670,9,02-02-2024,Shipped,1597
6211,997,12,16-07-2024,Pending,1352
6212,1080,15,12-09-2024,Canceled,3011
6213,661,1,01-01-2024,Delivered,814
6214,3208,6,22-03-2024,Shipped,4316
6215,4908,8,20-04-2024,Pending,3832
6216,3061,9,25-02-2024,Shipped,2593
6217,4046,11,01-01-2024,Shipped,2835
6218,2702,17,05-10-2024,Delivered,2349
6219,1440,8,27-05-2024,Shipped,1571
6220,4885,15,11-10-2024,Delivered,4069
6221,4192,12,01-08-2024,Canceled,1113
6222,4406,4,30-06-2024,Pending,4684
6223,30,6,08-03-2024,Shipped,883
6224,4563,20,27-01-2024,Delivered,3554
6225,1449,11,13-07-2024,Delivered,1620
6226,3964,10,11-01-2024,Pending,1182
6227,1531,1,18-04-2024,Canceled,2994
6228,4433,17,08-10-2024,Canceled,3879
6229,4198,5,15-06-2024,Pending,2887
6230,3188,18,11-06-2024,Shipped,889
6231,3049,8,22-07-2024,Canceled,522
6232,4046,4,02-07-2024,Pending,714
6233,22,2,06-09-2024,Canceled,4767
6234,2260,2,03-11-2024,Delivered,2465
6235,2722,4,11-01-2024,Pending,1402
6236,2064,17,14-09-2024,Pending,4776
6237,2257,18,08-11-2024,Canceled,2659
6238,382,13,05-10-2024,Delivered,2380
6239,4833,17,17-09-2024,Pending,2071
6240,2064,15,04-08-2024,Shipped,625
6241,716,7,16-02-2024,Canceled,305
6242,669,2,06-11-2024,Canceled,1126
6243,488,20,08-07-2024,Delivered,3188
6244,3727,8,25-08-2024,Pending,274
6245,2542,6,30-05-2024,Canceled,1306
6246,2927,7,25-02-2024,Canceled,2360
6247,3797,5,18-02-2024,Shipped,3357
6248,757,15,01-02-2024,Pending,4959
6249,3130,13,17-06-2024,Canceled,1375
6250,1229,10,06-07-2024,Canceled,4233
6251,1012,20,12-02-2024,Delivered,487
6252,1451,5,27-02-2024,Shipped,4451
6253,2707,10,01-04-2024,Pending,2561
6254,2935,18,16-01-2024,Pending,1687
6255,3440,3,13-04-2024,Pending,1768
6256,2228,1,31-05-2024,Shipped,3134
6257,421,6,27-09-2024,Delivered,3242
6258,3775,3,13-05-2024,Pending,1166
6259,614,14,16-07-2024,Pending,2112
6260,2064,14,28-03-2024,Delivered,3266
6261,1469,18,03-06-2024,Delivered,4034
6262,1223,3,21-05-2024,Delivered,3114
6263,148,14,22-08-2024,Shipped,1878
6264,2509,9,24-08-2024,Delivered,2040
6265,3370,5,28-07-2024,Pending,858
6266,1973,8,01-01-2024,Shipped,1073
6267,1168,11,17-10-2024,Pending,1414
6268,3483,14,15-10-2024,Delivered,275
6269,2997,3,18-09-2024,Canceled,4313
6270,1328,13,02-09-2024,Pending,3838
6271,2080,18,07-10-2024,Delivered,3510
6272,2710,12,07-02-2024,Delivered,119
6273,1392,14,06-06-2024,Pending,50
6274,2758,12,17-09-2024,Canceled,1690
6275,1385,11,10-06-2024,Pending,2562
6276,2618,6,19-05-2024,Canceled,2329
6277,911,17,30-07-2024,Shipped,4429
6278,595,1,22-09-2024,Canceled,3018
6279,265,18,09-02-2024,Pending,2002
6280,2704,12,28-03-2024,Canceled,3061
6281,172,17,12-06-2024,Shipped,300
6282,3907,5,06-11-2024,Canceled,222
6283,2573,5,07-06-2024,Pending,4841
6284,4166,8,29-09-2024,Delivered,1069
6285,2423,19,04-03-2024,Shipped,4686
6286,892,4,05-03-2024,Canceled,2729
6287,404,6,22-10-2024,Delivered,1244
6288,4746,5,29-02-2024,Delivered,4540
6289,664,20,15-01-2024,Canceled,915
6290,1148,12,29-07-2024,Delivered,4280
6291,4382,15,26-05-2024,Pending,4243
6292,4237,16,25-01-2024,Shipped,1933
6293,2180,11,22-09-2024,Pending,4071
6294,1033,20,11-01-2024,Pending,2741
6295,4526,18,24-02-2024,Shipped,805
6296,257,6,09-02-2024,Shipped,1378
6297,1251,10,02-04-2024,Shipped,658
6298,3358,6,09-01-2024,Pending,803
6299,2556,19,02-10-2024,Delivered,3587
6300,2903,7,28-09-2024,Shipped,1613
6301,2252,17,21-05-2024,Delivered,480
6302,4882,12,10-01-2024,Pending,35
6303,4966,20,09-08-2024,Shipped,4819
6304,1868,5,27-05-2024,Shipped,2208
6305,2647,7,01-04-2024,Pending,3485
6306,4522,20,21-08-2024,Delivered,1977
6307,2597,11,10-08-2024,Shipped,116
6308,4194,16,11-04-2024,Delivered,4949
6309,4851,11,07-07-2024,Pending,1613
6310,2920,6,01-08-2024,Canceled,2285
6311,2497,18,16-03-2024,Pending,463
6312,91,8,24-04-2024,Shipped,3454
6313,2508,7,24-07-2024,Canceled,4242
6314,831,4,31-07-2024,Shipped,2289
6315,3244,4,28-01-2024,Delivered,2663
6316,859,15,26-09-2024,Pending,1147
6317,922,19,13-04-2024,Delivered,1311
6318,448,17,02-06-2024,Shipped,3905
6319,850,8,03-01-2024,Pending,3093
6320,2924,5,21-10-2024,Canceled,3342
6321,1573,4,18-09-2024,Delivered,4094
6322,2192,5,19-10-2024,Delivered,1257
6323,4860,8,04-08-2024,Canceled,81
6324,3928,15,26-02-2024,Pending,4391
6325,4441,12,11-04-2024,Pending,159
6326,801,14,27-09-2024,Shipped,1771
6327,3187,16,21-06-2024,Delivered,2861
6328,3909,19,27-04-2024,Delivered,2617
6329,86,10,07-01-2024,Delivered,2814
6330,1778,8,14-10-2024,Canceled,2298
6331,707,6,30-06-2024,Pending,3737
6332,4864,14,07-08-2024,Canceled,516
6333,3642,16,25-09-2024,Delivered,550
6334,4125,12,27-04-2024,Canceled,1347
6335,3990,13,21-03-2024,Shipped,1326
6336,1985,5,30-04-2024,Pending,448
6337,668,19,01-05-2024,Pending,2568
6338,1658,11,20-04-2024,Shipped,871
6339,2237,4,05-11-2024,Delivered,2978
6340,4670,2,13-02-2024,Pending,3758
6341,2835,13,17-09-2024,Shipped,219
6342,1869,11,30-06-2024,Delivered,511
6343,3405,12,23-05-2024,Canceled,3856
6344,1554,3,26-05-2024,Delivered,2814
6345,42,2,15-06-2024,Pending,4600
6346,1550,13,29-05-2024,Canceled,4282
6347,163,2,04-02-2024,Delivered,2148
6348,182,15,21-08-2024,Canceled,867
6349,1356,8,03-06-2024,Pending,487
6350,2435,3,13-03-2024,Pending,4245
6351,860,4,04-02-2024,Pending,2476
6352,4981,18,27-03-2024,Shipped,571
6353,4224,8,07-03-2024,Canceled,3140
6354,3203,4,01-04-2024,Delivered,1209
6355,403,14,14-08-2024,Shipped,3617
6356,2510,5,11-03-2024,Pending,4887
6357,1634,9,28-08-2024,Delivered,1609
6358,1442,1,25-05-2024,Delivered,3103
6359,2640,9,04-01-2024,Pending,4600
6360,1204,2,14-02-2024,Delivered,4293
6361,2860,7,19-09-2024,Shipped,4192
6362,2744,11,16-08-2024,Canceled,4241
6363,4113,6,06-07-2024,Canceled,742
6364,3252,15,29-05-2024,Shipped,3761
6365,4247,2,01-02-2024,Canceled,514
6366,3961,4,16-01-2024,Shipped,3462
6367,1696,1,23-10-2024,Delivered,1379
6368,3466,13,16-03-2024,Delivered,1740
6369,3135,18,22-02-2024,Shipped,3678
6370,1239,15,07-11-2024,Canceled,3627
6371,3061,17,09-02-2024,Delivered,3577
6372,2889,15,01-06-2024,Canceled,806
6373,4413,10,11-05-2024,Pending,3186
6374,1760,5,08-11-2024,Canceled,3316
6375,1120,18,14-07-2024,Shipped,4490
6376,4593,9,01-10-2024,Delivered,1781
6377,289,15,02-01-2024,Canceled,2702
6378,3398,3,04-08-2024,Pending,2632
6379,1588,15,27-06-2024,Delivered,415
6380,1672,7,28-02-2024,Shipped,244
6381,1696,19,26-05-2024,Shipped,4255
6382,1854,15,16-09-2024,Shipped,1421
6383,3856,6,03-07-2024,Canceled,4003
6384,3714,16,20-09-2024,Pending,1688
6385,2940,16,14-01-2024,Canceled,2415
6386,725,4,26-09-2024,Shipped,1519
6387,4853,16,08-05-2024,Shipped,1949
6388,1441,8,12-09-2024,Delivered,1404
6389,947,1,30-01-2024,Delivered,4182
6390,2336,16,10-10-2024,Canceled,2751
6391,4233,4,14-02-2024,Pending,3054
6392,1080,6,28-08-2024,Canceled,4330
6393,4278,17,28-03-2024,Pending,2736
6394,1151,3,22-07-2024,Shipped,2349
6395,3257,3,26-07-2024,Delivered,4397
6396,4077,5,24-03-2024,Pending,3135
6397,2112,10,20-09-2024,Shipped,1808
6398,443,11,25-01-2024,Pending,1440
6399,3927,12,22-08-2024,Pending,2228
6400,2491,3,08-01-2024,Delivered,4120
6401,2626,5,15-04-2024,Shipped,3624
6402,3930,10,12-05-2024,Pending,1344
6403,2258,16,31-08-2024,Pending,408
6404,466,13,17-07-2024,Shipped,484
6405,268,6,03-02-2024,Shipped,3431
6406,4438,2,02-06-2024,Pending,599
6407,3040,11,15-09-2024,Pending,359
6408,88,16,01-07-2024,Pending,3776
6409,600,8,13-03-2024,Delivered,2694
6410,2211,11,21-08-2024,Delivered,3273
6411,775,7,02-02-2024,Shipped,4607
6412,1212,12,21-08-2024,Pending,1016
6413,2816,16,04-04-2024,Canceled,3016
6414,563,14,04-01-2024,Delivered,1174
6415,468,7,15-04-2024,Shipped,955
6416,4457,11,20-02-2024,Canceled,946
6417,4132,17,29-10-2024,Canceled,394
6418,2327,11,13-01-2024,Delivered,1714
6419,4301,16,03-02-2024,Canceled,1292
6420,2292,19,06-08-2024,Delivered,1270
6421,1708,11,22-05-2024,Pending,166
6422,4279,8,15-08-2024,Canceled,1014
6423,3786,12,24-01-2024,Canceled,3348
6424,1810,19,26-10-2024,Shipped,706
6425,1941,18,15-05-2024,Canceled,3203
6426,1761,8,03-03-2024,Pending,1425
6427,4649,1,04-07-2024,Shipped,301
6428,906,15,29-03-2024,Canceled,576
6429,3742,5,13-02-2024,Pending,2895
6430,4940,16,31-01-2024,Shipped,4476
6431,4343,5,24-10-2024,Canceled,519
6432,1011,4,01-08-2024,Delivered,3623
6433,4743,6,19-06-2024,Delivered,4762
6434,1946,20,01-06-2024,Canceled,4641
6435,2479,7,16-05-2024,Canceled,676
6436,3248,9,08-06-2024,Delivered,4223
6437,472,14,09-07-2024,Pending,1915
6438,1829,1,13-03-2024,Delivered,4225
6439,3165,14,13-03-2024,Delivered,3229
6440,1712,5,16-04-2024,Delivered,4034
6441,4019,9,11-02-2024,Pending,2123
6442,2968,8,01-03-2024,Canceled,2607
6443,3167,15,17-07-2024,Delivered,2710
6444,2435,15,31-05-2024,Delivered,4586
6445,836,15,10-05-2024,Pending,637
6446,3890,20,09-10-2024,Canceled,4214
6447,4714,12,10-01-2024,Pending,1959
6448,2914,9,28-09-2024,Delivered,3666
6449,3171,5,06-04-2024,Pending,236
6450,3031,12,19-07-2024,Shipped,2416
6451,1298,12,01-05-2024,Canceled,733
6452,829,5,18-02-2024,Shipped,3940
6453,2167,4,22-01-2024,Delivered,4405
6454,3869,13,07-02-2024,Delivered,4069
6455,791,18,19-09-2024,Pending,4747
6456,1764,20,08-08-2024,Canceled,316
6457,308,4,17-05-2024,Shipped,2689
6458,4779,6,08-11-2024,Pending,2057
6459,4306,9,13-08-2024,Canceled,2566
6460,4944,1,22-08-2024,Shipped,3491
6461,3074,1,01-09-2024,Canceled,393
6462,4913,18,03-10-2024,Shipped,1566
6463,2657,15,13-03-2024,Delivered,840
6464,979,13,02-03-2024,Shipped,1012
6465,4643,15,11-03-2024,Delivered,4027
6466,1528,17,12-04-2024,Delivered,4992
6467,3624,4,15-08-2024,Delivered,4717
6468,2637,20,10-03-2024,Canceled,1805
6469,3397,14,25-09-2024,Delivered,532
6470,2254,9,15-04-2024,Delivered,4679
6471,1591,3,08-04-2024,Delivered,4353
6472,540,12,03-11-2024,Pending,183
6473,2046,10,12-04-2024,Pending,4402
6474,1667,8,11-01-2024,Shipped,1119
6475,4786,9,05-10-2024,Pending,2738
6476,192,4,15-10-2024,Canceled,2763
6477,277,4,04-06-2024,Canceled,1937
6478,865,10,16-06-2024,Shipped,2739
6479,3199,6,03-02-2024,Canceled,4097
6480,3102,3,14-05-2024,Delivered,2803
6481,162,3,10-08-2024,Canceled,1289
6482,2655,18,01-09-2024,Canceled,3500
6483,3533,10,09-03-2024,Pending,1916
6484,4661,13,26-09-2024,Pending,4381
6485,354,20,19-02-2024,Canceled,27
6486,1882,14,22-02-2024,Pending,545
6487,1670,13,21-01-2024,Shipped,1366
6488,1317,12,17-08-2024,Canceled,4407
6489,4641,5,09-07-2024,Shipped,2886
6490,3686,17,29-05-2024,Shipped,852
6491,2906,7,29-09-2024,Canceled,4571
6492,4381,10,19-09-2024,Delivered,888
6493,1411,1,17-04-2024,Delivered,2127
6494,3758,10,28-07-2024,Delivered,3739
6495,4431,6,30-05-2024,Delivered,3347
6496,4533,7,26-01-2024,Delivered,1265
6497,2578,11,02-08-2024,Delivered,2297
6498,3040,3,14-03-2024,Pending,87
6499,2523,12,17-10-2024,Delivered,3753
6500,2686,17,05-08-2024,Shipped,2936
6501,1845,17,06-03-2024,Delivered,3428
6502,2287,18,15-05-2024,Pending,1777
6503,989,8,08-11-2024,Canceled,2972
6504,1889,7,11-05-2024,Delivered,4381
6505,34,19,24-09-2024,Canceled,2615
6506,2925,14,16-08-2024,Pending,685
6507,658,12,16-02-2024,Delivered,278
6508,2824,4,24-04-2024,Shipped,3208
6509,1022,17,26-03-2024,Canceled,1838
6510,2168,8,09-03-2024,Shipped,3640
6511,1919,10,08-11-2024,Canceled,426
6512,4547,9,29-01-2024,Delivered,1320
6513,2366,15,04-11-2024,Canceled,2247
6514,4231,7,14-02-2024,Canceled,324
6515,4331,16,02-10-2024,Delivered,1804
6516,573,6,06-07-2024,Shipped,2322
6517,454,1,07-03-2024,Shipped,4218
6518,860,9,18-04-2024,Shipped,3319
6519,3361,11,15-05-2024,Shipped,3417
6520,1996,7,26-05-2024,Canceled,2586
6521,1074,16,12-10-2024,Canceled,1908
6522,184,5,24-01-2024,Delivered,3998
6523,3211,19,29-10-2024,Canceled,722
6524,3902,15,13-05-2024,Pending,4747
6525,4955,13,30-01-2024,Shipped,907
6526,4837,15,17-07-2024,Canceled,3225
6527,81,15,08-03-2024,Pending,2256
6528,622,18,22-01-2024,Canceled,1194
6529,256,16,23-07-2024,Canceled,4207
6530,3398,6,04-09-2024,Pending,4398
6531,1123,9,15-01-2024,Shipped,2791
6532,4013,13,02-08-2024,Delivered,587
6533,3702,2,09-06-2024,Pending,562
6534,661,19,14-02-2024,Canceled,2273
6535,4017,5,24-06-2024,Canceled,1014
6536,4047,18,18-07-2024,Shipped,1303
6537,4201,18,01-01-2024,Pending,4512
6538,3075,1,23-07-2024,Pending,4198
6539,1435,5,11-07-2024,Shipped,648
6540,3484,3,13-02-2024,Shipped,802
6541,3490,19,18-03-2024,Shipped,1957
6542,2872,20,12-05-2024,Canceled,2203
6543,555,13,27-03-2024,Canceled,2482
6544,1345,10,20-07-2024,Delivered,723
6545,3462,16,06-10-2024,Pending,884
6546,67,1,29-04-2024,Delivered,3191
6547,44,18,20-06-2024,Pending,934
6548,3214,7,17-03-2024,Canceled,4614
6549,4572,9,28-02-2024,Pending,3348
6550,999,16,12-04-2024,Delivered,969
6551,4979,10,01-03-2024,Delivered,4948
6552,2811,5,24-01-2024,Delivered,3336
6553,4347,13,25-09-2024,Shipped,4795
6554,4646,3,19-05-2024,Pending,4699
6555,4019,4,29-06-2024,Shipped,4412
6556,4350,14,23-01-2024,Canceled,1384
6557,3218,9,17-10-2024,Pending,1913
6558,4636,1,27-03-2024,Pending,2753
6559,3103,10,16-06-2024,Delivered,1503
6560,2170,15,21-05-2024,Shipped,4924
6561,4209,13,08-08-2024,Shipped,1977
6562,300,14,24-10-2024,Canceled,2035
6563,1703,12,25-05-2024,Delivered,2026
6564,4537,14,13-08-2024,Canceled,3809
6565,651,17,13-03-2024,Pending,2382
6566,4839,7,02-05-2024,Pending,1680
6567,2260,9,04-07-2024,Pending,1038
6568,4354,16,10-01-2024,Delivered,4823
6569,2738,15,10-07-2024,Shipped,1204
6570,1661,2,09-10-2024,Canceled,1224
6571,2194,19,13-03-2024,Shipped,4422
6572,4178,15,02-11-2024,Canceled,1003
6573,2772,18,05-07-2024,Pending,4327
6574,799,20,11-09-2024,Shipped,1776
6575,2889,14,15-10-2024,Delivered,608
6576,2261,3,11-08-2024,Shipped,2319
6577,2697,1,02-03-2024,Pending,3812
6578,2547,12,21-08-2024,Shipped,1961
6579,3876,5,01-01-2024,Canceled,3460
6580,1343,19,28-09-2024,Shipped,4228
6581,3350,20,11-04-2024,Pending,2462
6582,2731,4,02-10-2024,Delivered,1268
6583,650,14,16-06-2024,Shipped,2759
6584,2311,19,16-10-2024,Pending,3769
6585,1747,8,11-08-2024,Delivered,3106
6586,4606,13,16-10-2024,Delivered,1967
6587,3394,12,26-08-2024,Delivered,1294
6588,3561,14,27-07-2024,Delivered,2722
6589,2582,18,20-10-2024,Shipped,3467
6590,4979,15,28-01-2024,Shipped,328
6591,2234,3,27-01-2024,Delivered,2817
6592,3800,13,09-10-2024,Pending,1048
6593,2705,2,18-06-2024,Delivered,2887
6594,2475,16,25-02-2024,Canceled,775
6595,762,4,03-02-2024,Canceled,172
6596,2973,2,09-09-2024,Canceled,3689
6597,4629,7,29-03-2024,Canceled,2065
6598,2295,10,05-07-2024,Canceled,4819
6599,3249,16,20-01-2024,Canceled,2123
6600,4638,13,11-03-2024,Canceled,2137
6601,2282,14,29-09-2024,Delivered,2756
6602,4186,13,16-06-2024,Delivered,4472
6603,4347,1,08-10-2024,Canceled,1551
6604,4618,18,28-01-2024,Delivered,968
6605,3754,12,28-05-2024,Shipped,4010
6606,867,20,08-07-2024,Shipped,692
6607,231,4,05-02-2024,Delivered,3301
6608,4678,14,29-05-2024,Pending,2502
6609,2367,3,25-09-2024,Delivered,2583
6610,4360,3,03-07-2024,Pending,3657
6611,3263,5,11-03-2024,Shipped,741
6612,935,9,12-07-2024,Pending,4722
6613,2380,8,21-01-2024,Canceled,438
6614,2835,16,28-02-2024,Canceled,130
6615,338,19,26-02-2024,Delivered,4842
6616,3735,8,10-10-2024,Shipped,383
6617,624,18,23-04-2024,Canceled,2112
6618,3460,19,31-01-2024,Shipped,2156
6619,3311,5,15-01-2024,Shipped,4392
6620,1249,9,01-11-2024,Shipped,1141
6621,1162,8,05-03-2024,Pending,4895
6622,4339,8,11-06-2024,Pending,3114
6623,2336,12,03-03-2024,Delivered,1401
6624,335,18,07-02-2024,Shipped,640
6625,311,2,07-01-2024,Canceled,398
6626,2490,15,26-07-2024,Shipped,2566
6627,548,17,21-03-2024,Pending,3046
6628,827,6,06-01-2024,Delivered,4433
6629,1553,16,01-08-2024,Canceled,4799
6630,3045,12,21-03-2024,Shipped,2381
6631,3879,15,13-03-2024,Pending,114
6632,3812,19,08-01-2024,Delivered,3906
6633,1776,17,23-10-2024,Pending,4109
6634,682,6,31-10-2024,Canceled,2379
6635,2315,8,12-08-2024,Pending,4739
6636,4272,16,03-02-2024,Shipped,1503
6637,660,15,27-04-2024,Canceled,2139
6638,4341,16,02-10-2024,Delivered,1257
6639,2503,15,28-03-2024,Pending,2591
6640,293,10,04-09-2024,Delivered,640
6641,4400,10,17-02-2024,Pending,4572
6642,3201,7,12-08-2024,Pending,1367
6643,4666,18,02-04-2024,Pending,3599
6644,3561,16,27-07-2024,Shipped,3481
6645,1458,20,09-04-2024,Pending,3912
6646,930,6,26-01-2024,Pending,534
6647,4124,8,30-10-2024,Canceled,1619
6648,1299,4,07-05-2024,Canceled,1221
6649,3300,7,07-11-2024,Pending,4835
6650,1631,14,06-04-2024,Canceled,4951
6651,4754,5,05-02-2024,Pending,1487
6652,2894,7,20-09-2024,Pending,4927
6653,3425,20,27-01-2024,Canceled,287
6654,806,16,01-10-2024,Shipped,3295
6655,4270,2,19-07-2024,Pending,3097
6656,4706,9,18-08-2024,Delivered,685
6657,3454,5,06-03-2024,Canceled,2943
6658,3396,9,30-03-2024,Pending,999
6659,2351,19,21-01-2024,Pending,1527
6660,1023,8,06-07-2024,Pending,2119
6661,4332,16,30-03-2024,Canceled,2017
6662,2472,15,31-01-2024,Canceled,3513
6663,4439,2,30-03-2024,Delivered,2409
6664,4787,10,16-08-2024,Pending,2470
6665,2795,20,28-06-2024,Canceled,1663
6666,1264,10,25-02-2024,Shipped,2232
6667,783,9,08-08-2024,Shipped,823
6668,2797,7,29-07-2024,Shipped,1597
6669,1470,15,20-07-2024,Pending,4328
6670,4760,2,02-07-2024,Shipped,4081
6671,4941,3,10-03-2024,Delivered,1929
6672,1736,20,24-07-2024,Canceled,1607
6673,4703,19,23-06-2024,Delivered,854
6674,1544,16,28-06-2024,Delivered,3622
6675,4510,20,29-01-2024,Shipped,3911
6676,357,18,22-03-2024,Pending,2280
6677,3393,14,17-10-2024,Delivered,13
6678,2767,14,16-01-2024,Pending,2018
6679,4443,20,27-04-2024,Canceled,3542
6680,2227,4,24-02-2024,Canceled,3772
6681,243,13,31-03-2024,Canceled,4526
6682,2780,10,16-07-2024,Canceled,4185
6683,3715,10,01-07-2024,Pending,1131
6684,858,13,17-09-2024,Delivered,4697
6685,3417,15,04-06-2024,Pending,2718
6686,2915,14,14-07-2024,Shipped,4348
6687,3582,10,09-01-2024,Canceled,700
6688,3703,17,15-10-2024,Shipped,4645
6689,2070,20,16-08-2024,Shipped,659
6690,3353,6,03-01-2024,Canceled,3506
6691,4162,11,06-01-2024,Delivered,129
6692,4277,18,14-10-2024,Delivered,4800
6693,3617,12,07-07-2024,Pending,2704
6694,4385,15,18-09-2024,Delivered,2254
6695,248,19,13-10-2024,Canceled,1641
6696,3014,19,27-06-2024,Pending,3374
6697,4986,11,27-08-2024,Pending,4554
6698,4313,8,14-06-2024,Pending,2353
6699,1923,18,19-04-2024,Pending,2032
6700,3723,15,02-03-2024,Canceled,1287
6701,4546,3,05-10-2024,Shipped,3754
6702,2125,11,27-06-2024,Delivered,277
6703,3314,2,26-06-2024,Canceled,2840
6704,4136,2,13-10-2024,Pending,3605
6705,3147,18,14-01-2024,Shipped,2640
6706,4778,4,23-08-2024,Delivered,1249
6707,416,15,28-06-2024,Canceled,2494
6708,3328,4,24-07-2024,Shipped,4423
6709,2023,10,31-10-2024,Pending,2430
6710,2607,17,23-05-2024,Delivered,3285
6711,4445,5,27-02-2024,Delivered,342
6712,1212,17,24-05-2024,Delivered,3255
6713,815,10,05-04-2024,Canceled,1780
6714,4675,10,25-10-2024,Canceled,332
6715,1256,11,15-08-2024,Canceled,514
6716,3844,15,27-08-2024,Shipped,3128
6717,61,6,26-01-2024,Delivered,1008
6718,3138,8,14-03-2024,Shipped,183
6719,2466,6,22-07-2024,Shipped,2550
6720,714,19,05-05-2024,Shipped,3576
6721,3332,12,29-04-2024,Shipped,1284
6722,1044,10,27-01-2024,Shipped,4607
6723,2153,14,28-03-2024,Canceled,360
6724,1931,4,17-02-2024,Pending,2775
6725,4301,10,04-10-2024,Canceled,1589
6726,653,20,27-06-2024,Delivered,4041
6727,2394,13,31-08-2024,Delivered,2023
6728,1035,3,08-09-2024,Pending,3953
6729,1549,12,11-04-2024,Shipped,1394
6730,4276,12,07-04-2024,Pending,2264
6731,3895,4,27-07-2024,Delivered,4959
6732,2761,2,18-09-2024,Pending,204
6733,612,9,07-09-2024,Pending,30
6734,1425,5,10-05-2024,Shipped,4582
6735,1862,15,28-09-2024,Shipped,1799
6736,566,16,17-02-2024,Canceled,1257
6737,3206,12,04-11-2024,Canceled,120
6738,2185,13,14-08-2024,Delivered,2556
6739,2174,18,19-05-2024,Pending,1086
6740,284,11,08-04-2024,Canceled,281
6741,3122,5,19-04-2024,Pending,1098
6742,4152,4,07-03-2024,Shipped,417
6743,3913,20,17-09-2024,Pending,534
6744,321,4,27-03-2024,Delivered,218
6745,3067,14,20-03-2024,Pending,2396
6746,3099,18,11-04-2024,Delivered,2839
6747,1149,9,09-04-2024,Delivered,4119
6748,4704,2,17-01-2024,Delivered,3164
6749,1731,8,09-03-2024,Pending,2551
6750,1618,5,24-05-2024,Delivered,222
6751,756,17,05-10-2024,Shipped,2858
6752,1919,10,04-08-2024,Canceled,2670
6753,4885,1,10-09-2024,Shipped,1272
6754,3679,10,15-07-2024,Canceled,3140
6755,4973,8,20-05-2024,Delivered,1553
6756,1369,8,03-11-2024,Canceled,2466
6757,4421,20,08-05-2024,Pending,3290
6758,4340,2,25-01-2024,Canceled,524
6759,1973,5,04-01-2024,Shipped,2632
6760,348,15,23-07-2024,Delivered,3210
6761,3745,19,22-07-2024,Canceled,2018
6762,1507,1,23-08-2024,Shipped,1603
6763,230,19,29-02-2024,Pending,1226
6764,1553,19,02-09-2024,Delivered,4827
6765,1528,14,10-02-2024,Pending,498
6766,2153,5,21-06-2024,Delivered,2171
6767,1207,13,07-02-2024,Pending,400
6768,3405,20,01-01-2024,Shipped,4259
6769,2856,4,22-07-2024,Delivered,1638
6770,1828,9,15-09-2024,Shipped,4707
6771,3243,5,24-06-2024,Shipped,4042
6772,3146,18,16-04-2024,Delivered,1213
6773,1025,10,26-07-2024,Pending,1318
6774,4073,10,06-05-2024,Shipped,4007
6775,1151,1,04-04-2024,Canceled,4022
6776,1924,13,01-02-2024,Shipped,4409
6777,3267,7,11-05-2024,Canceled,4580
6778,3012,3,21-08-2024,Delivered,12
6779,3820,4,02-09-2024,Canceled,4215
6780,1320,4,01-11-2024,Pending,3617
6781,3406,11,01-11-2024,Canceled,3305
6782,671,7,17-10-2024,Shipped,1943
6783,4832,13,19-08-2024,Shipped,839
6784,4461,16,17-06-2024,Shipped,683
6785,2156,6,21-04-2024,Pending,4913
6786,3584,9,18-09-2024,Pending,2186
6787,4648,1,03-06-2024,Canceled,3609
6788,4504,17,28-09-2024,Shipped,4746
6789,2564,20,05-01-2024,Pending,4365
6790,926,5,05-08-2024,Shipped,2841
6791,1722,9,16-10-2024,Shipped,2497
6792,2681,4,23-06-2024,Canceled,4363
6793,925,2,21-09-2024,Delivered,2610
6794,440,3,22-02-2024,Canceled,3032
6795,487,11,11-05-2024,Shipped,3893
6796,4669,6,07-04-2024,Pending,2214
6797,4552,11,12-07-2024,Pending,2567
6798,920,7,11-07-2024,Delivered,1565
6799,4671,4,12-07-2024,Delivered,4497
6800,2505,1,08-05-2024,Delivered,4226
6801,3210,18,01-04-2024,Delivered,1871
6802,3858,10,17-07-2024,Shipped,1049
6803,2069,8,21-10-2024,Pending,4015
6804,1533,6,31-07-2024,Shipped,222
6805,847,20,15-02-2024,Canceled,2180
6806,1238,16,16-10-2024,Shipped,2635
6807,2199,3,23-06-2024,Pending,4690
6808,4060,11,04-11-2024,Delivered,1174
6809,3453,18,17-06-2024,Delivered,126
6810,3575,20,27-07-2024,Shipped,4467
6811,1016,10,28-03-2024,Pending,729
6812,1261,20,23-05-2024,Delivered,2077
6813,2899,16,14-03-2024,Delivered,4166
6814,1523,3,20-02-2024,Canceled,2610
6815,3619,12,16-04-2024,Shipped,3833
6816,782,8,02-07-2024,Shipped,1618
6817,3118,19,22-07-2024,Shipped,4705
6818,4353,1,31-01-2024,Delivered,4651
6819,2673,15,05-10-2024,Delivered,1285
6820,1965,6,13-02-2024,Delivered,4461
6821,2221,5,05-01-2024,Pending,2715
6822,4636,12,14-09-2024,Pending,4274
6823,4864,20,15-02-2024,Shipped,946
6824,2538,10,04-11-2024,Shipped,2876
6825,872,13,14-06-2024,Canceled,2301
6826,2453,11,28-02-2024,Pending,902
6827,308,3,14-02-2024,Pending,1347
6828,1720,16,23-08-2024,Canceled,3251
6829,2192,19,21-07-2024,Shipped,1606
6830,4295,12,09-08-2024,Shipped,1667
6831,1691,9,02-11-2024,Delivered,3944
6832,976,17,05-07-2024,Shipped,284
6833,3911,19,09-04-2024,Pending,4545
6834,2825,12,30-10-2024,Shipped,4567
6835,1355,11,20-04-2024,Shipped,461
6836,1331,9,12-06-2024,Delivered,786
6837,743,8,13-08-2024,Canceled,2227
6838,2783,1,25-10-2024,Canceled,1683
6839,2572,11,19-03-2024,Pending,3738
6840,3384,15,04-02-2024,Pending,2988
6841,4282,14,11-06-2024,Pending,3096
6842,2085,10,05-08-2024,Pending,57
6843,2037,6,25-09-2024,Delivered,3048
6844,3130,13,04-02-2024,Canceled,3683
6845,3912,16,27-09-2024,Pending,3297
6846,2764,17,13-05-2024,Pending,880
6847,4119,19,20-09-2024,Delivered,2561
6848,2102,8,19-09-2024,Canceled,2653
6849,3550,12,29-01-2024,Pending,1516
6850,509,15,30-05-2024,Delivered,3106
6851,4736,12,21-04-2024,Shipped,2295
6852,1620,8,27-08-2024,Delivered,460
6853,1754,6,14-02-2024,Delivered,1757
6854,4871,11,04-10-2024,Shipped,4028
6855,3661,15,26-08-2024,Pending,283
6856,1170,19,08-01-2024,Shipped,1976
6857,2355,11,10-07-2024,Canceled,1694
6858,4329,5,19-01-2024,Delivered,2233
6859,1406,7,02-09-2024,Delivered,4367
6860,4574,3,15-04-2024,Pending,2482
6861,413,17,18-04-2024,Canceled,1643
6862,3112,2,12-05-2024,Canceled,3376
6863,2585,1,15-02-2024,Delivered,1102
6864,2113,14,20-08-2024,Pending,1827
6865,1889,4,25-09-2024,Pending,1119
6866,4225,10,26-05-2024,Canceled,327
6867,3998,13,22-04-2024,Pending,1034
6868,263,20,11-08-2024,Shipped,2889
6869,3611,12,11-03-2024,Delivered,4015
6870,4558,12,02-04-2024,Delivered,2348
6871,3318,2,18-10-2024,Shipped,1309
6872,1153,7,10-01-2024,Canceled,627
6873,4080,2,27-05-2024,Canceled,957
6874,4826,12,26-09-2024,Canceled,2492
6875,342,12,14-06-2024,Canceled,620
6876,1999,13,26-01-2024,Pending,627
6877,3662,20,07-11-2024,Canceled,3101
6878,283,14,27-08-2024,Shipped,2112
6879,1375,17,06-01-2024,Canceled,2848
6880,4847,15,14-02-2024,Shipped,2790
6881,1381,5,04-07-2024,Canceled,489
6882,3838,8,10-09-2024,Canceled,2728
6883,1279,13,15-04-2024,Delivered,2761
6884,3251,12,30-10-2024,Canceled,869
6885,4018,11,20-07-2024,Delivered,3623
6886,1516,9,23-04-2024,Shipped,4095
6887,1666,7,04-03-2024,Shipped,2946
6888,2746,1,04-05-2024,Shipped,1883
6889,3914,17,03-03-2024,Canceled,4829
6890,3525,4,14-04-2024,Canceled,2049
6891,3341,10,07-06-2024,Shipped,3266
6892,1709,16,29-06-2024,Delivered,4027
6893,398,17,16-02-2024,Shipped,3425
6894,3628,20,20-08-2024,Delivered,2827
6895,1570,10,25-03-2024,Pending,4939
6896,519,16,25-01-2024,Canceled,813
6897,3407,2,28-05-2024,Pending,1886
6898,4398,20,04-10-2024,Canceled,4803
6899,837,11,09-09-2024,Shipped,1075
6900,4896,17,07-11-2024,Delivered,1933
6901,4729,1,25-04-2024,Pending,4176
6902,3693,11,08-07-2024,Pending,215
6903,4829,17,18-03-2024,Pending,4194
6904,394,19,24-09-2024,Shipped,3291
6905,4330,10,13-08-2024,Delivered,1937
6906,4075,14,10-01-2024,Shipped,88
6907,700,19,26-10-2024,Pending,3164
6908,4881,18,24-07-2024,Shipped,779
6909,22,19,05-07-2024,Delivered,243
6910,54,2,16-05-2024,Shipped,264
6911,4291,20,15-03-2024,Delivered,1010
6912,720,11,12-05-2024,Pending,393
6913,1462,8,26-07-2024,Pending,1367
6914,1747,7,10-09-2024,Delivered,2712
6915,3906,2,07-08-2024,Delivered,128
6916,2045,20,05-08-2024,Shipped,4836
6917,2201,6,20-03-2024,Pending,3748
6918,394,17,03-03-2024,Shipped,4907
6919,3000,2,08-10-2024,Delivered,2264
6920,145,17,16-04-2024,Pending,4254
6921,4673,8,21-03-2024,Pending,3778
6922,4955,3,07-05-2024,Pending,4033
6923,3745,18,15-09-2024,Shipped,2577
6924,2975,4,21-08-2024,Canceled,1793
6925,4,12,07-10-2024,Canceled,1663
6926,671,13,20-05-2024,Delivered,4421
6927,3650,6,14-02-2024,Canceled,3303
6928,2618,13,01-04-2024,Canceled,4741
6929,1120,18,15-03-2024,Delivered,1707
6930,30,7,28-03-2024,Delivered,507
6931,1469,9,27-01-2024,Canceled,2541
6932,3507,10,04-10-2024,Pending,2836
6933,1165,8,07-06-2024,Pending,4618
6934,2841,1,15-10-2024,Shipped,2594
6935,1533,8,20-08-2024,Pending,3202
6936,4432,8,24-05-2024,Delivered,944
6937,1743,7,14-04-2024,Pending,4443
6938,439,3,17-03-2024,Pending,3273
6939,765,2,21-02-2024,Canceled,3231
6940,4895,6,05-04-2024,Canceled,647
6941,1626,10,12-03-2024,Pending,1151
6942,4032,12,17-04-2024,Pending,440
6943,4963,11,10-06-2024,Canceled,2603
6944,4452,7,08-08-2024,Shipped,1569
6945,4963,5,26-03-2024,Canceled,3518
6946,1716,15,16-05-2024,Pending,541
6947,313,19,18-05-2024,Pending,305
6948,968,1,17-02-2024,Delivered,3780
6949,2471,6,11-06-2024,Shipped,2405
6950,4786,13,27-08-2024,Delivered,2869
6951,1842,2,11-07-2024,Delivered,1504
6952,1400,19,02-08-2024,Shipped,4720
6953,4175,18,19-07-2024,Delivered,2099
6954,1352,17,03-11-2024,Pending,3538
6955,2603,19,16-03-2024,Pending,3145
6956,3026,14,12-09-2024,Delivered,890
6957,943,16,11-07-2024,Pending,3881
6958,4127,9,02-07-2024,Shipped,405
6959,3528,11,06-07-2024,Delivered,4882
6960,2409,2,05-11-2024,Shipped,2069
6961,976,4,02-03-2024,Shipped,2420
6962,1790,15,22-10-2024,Canceled,805
6963,70,1,21-01-2024,Shipped,185
6964,2518,10,29-04-2024,Shipped,3847
6965,3529,5,30-03-2024,Shipped,3287
6966,270,16,06-08-2024,Shipped,1108
6967,3731,13,12-07-2024,Canceled,3833
6968,3462,13,16-02-2024,Pending,4982
6969,4841,8,13-07-2024,Pending,3133
6970,4887,15,18-07-2024,Canceled,3669
6971,3393,20,01-08-2024,Shipped,513
6972,1453,9,20-09-2024,Delivered,1723
6973,1453,3,16-04-2024,Delivered,1490
6974,66,5,25-02-2024,Shipped,2890
6975,1771,1,29-06-2024,Pending,233
6976,758,6,13-02-2024,Delivered,4989
6977,249,10,13-10-2024,Canceled,2633
6978,4057,9,25-05-2024,Shipped,3610
6979,3023,5,08-10-2024,Shipped,4740
6980,3854,2,30-08-2024,Pending,785
6981,4035,12,14-06-2024,Pending,2903
6982,1975,9,02-05-2024,Pending,1068
6983,3248,7,10-06-2024,Canceled,309
6984,409,16,19-04-2024,Pending,3151
6985,4904,15,17-05-2024,Shipped,4614
6986,2651,16,19-05-2024,Canceled,4343
6987,4673,11,11-10-2024,Pending,527
6988,3922,12,25-03-2024,Delivered,662
6989,1989,15,02-11-2024,Shipped,3535
6990,730,14,20-08-2024,Canceled,2069
6991,4073,7,04-03-2024,Pending,1156
6992,3515,18,21-07-2024,Canceled,195
6993,1259,14,11-04-2024,Delivered,4689
6994,4456,19,08-01-2024,Pending,1318
6995,701,9,19-03-2024,Delivered,2885
6996,2439,2,13-04-2024,Pending,4071
6997,1832,8,08-07-2024,Canceled,4725
6998,381,15,17-06-2024,Canceled,3447
6999,2126,4,20-08-2024,Pending,3683
7000,528,7,04-06-2024,Pending,3898
7001,2843,14,26-04-2024,Canceled,1711
7002,463,20,14-10-2024,Shipped,875
7003,4187,4,24-05-2024,Canceled,4394
7004,299,8,26-09-2024,Pending,3865
7005,753,20,13-04-2024,Canceled,1184
7006,2488,15,28-04-2024,Delivered,2955
7007,1575,1,01-01-2024,Pending,2761
7008,4365,16,11-06-2024,Delivered,3523
7009,1938,7,01-06-2024,Pending,389
7010,1850,10,20-07-2024,Shipped,2064
7011,2065,16,18-08-2024,Canceled,406
7012,1264,9,17-08-2024,Canceled,1622
7013,2841,4,09-10-2024,Delivered,1993
7014,376,8,26-04-2024,Canceled,2763
7015,2686,3,28-02-2024,Pending,3014
7016,2090,3,12-05-2024,Pending,4104
7017,1058,5,25-03-2024,Delivered,3787
7018,4687,6,03-03-2024,Canceled,2738
7019,623,19,19-07-2024,Delivered,3522
7020,3634,13,14-03-2024,Canceled,4703
7021,1638,13,03-06-2024,Pending,482
7022,4001,19,13-08-2024,Shipped,2291
7023,3584,14,31-03-2024,Shipped,4808
7024,1570,15,03-01-2024,Pending,3122
7025,4497,12,31-08-2024,Canceled,4828
7026,104,14,02-08-2024,Delivered,4565
7027,4657,19,12-01-2024,Shipped,3760
7028,2037,4,29-01-2024,Pending,2223
7029,2202,7,08-02-2024,Pending,2127
7030,3691,1,08-09-2024,Canceled,58
7031,4049,2,16-09-2024,Delivered,529
7032,2466,11,29-07-2024,Pending,1257
7033,1843,14,09-07-2024,Pending,1143
7034,2090,7,08-03-2024,Pending,2517
7035,4274,13,14-02-2024,Delivered,285
7036,2131,11,09-09-2024,Canceled,2325
7037,2818,18,14-03-2024,Pending,712
7038,121,17,08-08-2024,Delivered,491
7039,1045,4,30-07-2024,Delivered,1402
7040,2855,16,09-10-2024,Pending,4922
7041,4347,20,14-03-2024,Canceled,1054
7042,510,15,10-10-2024,Canceled,171
7043,1880,7,07-01-2024,Shipped,925
7044,2862,7,04-03-2024,Pending,1959
7045,676,13,14-01-2024,Canceled,903
7046,2127,17,26-09-2024,Shipped,4046
7047,1020,13,12-01-2024,Canceled,2587
7048,794,6,17-05-2024,Shipped,1621
7049,2264,19,15-06-2024,Pending,4782
7050,2555,11,31-08-2024,Canceled,1941
7051,1042,20,08-09-2024,Delivered,234
7052,3964,2,12-05-2024,Pending,2316
7053,234,7,22-06-2024,Pending,4380
7054,1881,17,04-03-2024,Delivered,4348
7055,490,7,15-09-2024,Delivered,1020
7056,4742,10,19-03-2024,Pending,1740
7057,259,18,27-07-2024,Shipped,3067
7058,1699,15,15-06-2024,Pending,1110
7059,433,15,16-09-2024,Pending,524
7060,2336,17,17-02-2024,Shipped,1733
7061,2830,14,07-06-2024,Canceled,2878
7062,3646,18,11-10-2024,Canceled,512
7063,2967,17,19-01-2024,Shipped,800
7064,2204,11,30-01-2024,Shipped,1828
7065,3781,1,30-07-2024,Pending,253
7066,4962,7,15-06-2024,Delivered,346
7067,1067,15,28-01-2024,Pending,408
7068,4652,16,13-08-2024,Delivered,660
7069,1773,19,11-02-2024,Canceled,86
7070,578,16,04-04-2024,Delivered,2568
7071,3108,2,25-10-2024,Canceled,3001
7072,2431,19,09-10-2024,Shipped,4635
7073,4249,9,20-10-2024,Pending,2853
7074,3930,11,16-06-2024,Shipped,922
7075,1812,18,20-09-2024,Shipped,1434
7076,4691,4,15-04-2024,Delivered,1161
7077,4106,1,23-01-2024,Canceled,2349
7078,144,5,25-09-2024,Delivered,2124
7079,1132,6,09-06-2024,Delivered,4493
7080,3694,5,18-08-2024,Pending,3542
7081,1439,10,09-05-2024,Shipped,2646
7082,1751,8,29-07-2024,Canceled,4238
7083,137,11,13-01-2024,Delivered,679
7084,1808,9,30-10-2024,Canceled,163
7085,1593,15,20-05-2024,Pending,3065
7086,4509,1,16-10-2024,Delivered,3991
7087,1136,1,30-01-2024,Pending,2369
7088,719,14,17-07-2024,Canceled,1622
7089,1859,10,30-04-2024,Pending,4072
7090,2287,19,19-01-2024,Canceled,1683
7091,3923,1,25-04-2024,Shipped,2033
7092,38,17,07-09-2024,Pending,713
7093,389,4,10-07-2024,Shipped,847
7094,2317,6,08-07-2024,Delivered,1816
7095,2625,12,03-04-2024,Pending,4219
7096,1034,20,17-05-2024,Shipped,1296
7097,2011,3,14-01-2024,Delivered,3524
7098,28,1,01-04-2024,Delivered,3020
7099,3550,10,16-02-2024,Pending,185
7100,1544,4,18-07-2024,Shipped,3475
7101,1024,5,31-10-2024,Canceled,3802
7102,4432,7,24-07-2024,Shipped,3426
7103,89,7,27-04-2024,Shipped,637
7104,1538,3,16-08-2024,Delivered,4992
7105,1919,5,27-06-2024,Delivered,1233
7106,2206,13,23-04-2024,Delivered,978
7107,731,19,25-01-2024,Pending,3836
7108,4024,2,30-05-2024,Shipped,3290
7109,2106,9,27-03-2024,Pending,2140
7110,1642,13,11-03-2024,Shipped,250
7111,1158,2,05-03-2024,Pending,2891
7112,2753,17,23-07-2024,Canceled,3578
7113,709,19,01-05-2024,Pending,2415
7114,1877,18,17-05-2024,Canceled,3770
7115,1867,11,06-06-2024,Pending,3437
7116,3496,16,27-03-2024,Shipped,621
7117,2875,15,30-03-2024,Delivered,1050
7118,668,18,13-06-2024,Canceled,1612
7119,4395,16,07-06-2024,Delivered,1778
7120,2709,12,14-09-2024,Pending,1378
7121,4723,9,02-01-2024,Shipped,4915
7122,622,18,12-03-2024,Pending,3259
7123,4819,7,27-03-2024,Delivered,4302
7124,245,4,10-05-2024,Canceled,2992
7125,1943,3,27-02-2024,Delivered,1011
7126,2965,13,09-10-2024,Shipped,3724
7127,367,7,01-11-2024,Pending,1440
7128,2638,3,06-02-2024,Pending,4818
7129,2359,4,12-07-2024,Shipped,454
7130,3304,8,01-09-2024,Delivered,3379
7131,912,20,10-08-2024,Shipped,1268
7132,411,7,12-09-2024,Pending,312
7133,4793,17,21-02-2024,Canceled,538
7134,1016,14,11-02-2024,Pending,185
7135,434,11,15-02-2024,Canceled,4675
7136,460,6,04-08-2024,Canceled,1420
7137,3572,18,08-03-2024,Shipped,1514
7138,4874,8,26-07-2024,Shipped,2813
7139,2529,1,10-08-2024,Shipped,3407
7140,430,19,27-01-2024,Delivered,1128
7141,3244,17,06-04-2024,Delivered,335
7142,512,18,11-01-2024,Shipped,891
7143,660,17,29-09-2024,Canceled,1789
7144,3732,10,05-05-2024,Delivered,2579
7145,1942,10,29-01-2024,Pending,1731
7146,1823,11,08-01-2024,Pending,2799
7147,108,10,01-03-2024,Pending,954
7148,1498,2,25-06-2024,Delivered,2574
7149,4030,13,03-02-2024,Shipped,545
7150,23,4,25-08-2024,Canceled,2479
7151,4915,11,07-01-2024,Delivered,2635
7152,1887,17,16-05-2024,Pending,1968
7153,964,15,05-09-2024,Delivered,2838
7154,318,18,21-07-2024,Pending,2551
7155,838,5,04-02-2024,Pending,4261
7156,2701,6,13-04-2024,Shipped,861
7157,3829,14,27-06-2024,Canceled,2122
7158,4255,14,30-08-2024,Canceled,1343
7159,897,7,11-08-2024,Pending,1899
7160,1154,4,11-06-2024,Canceled,4985
7161,359,15,16-09-2024,Canceled,2014
7162,4686,8,20-01-2024,Delivered,413
7163,4116,16,02-10-2024,Canceled,2865
7164,2494,14,09-05-2024,Canceled,3211
7165,2998,14,26-05-2024,Shipped,4563
7166,3408,1,24-02-2024,Pending,3490
7167,3032,5,04-04-2024,Delivered,1502
7168,3346,18,25-03-2024,Shipped,3188
7169,2580,2,14-01-2024,Canceled,4070
7170,2409,13,17-08-2024,Pending,4571
7171,1540,12,09-04-2024,Pending,4145
7172,1481,1,27-06-2024,Pending,20
7173,4883,14,11-08-2024,Pending,3331
7174,391,18,14-10-2024,Delivered,3290
7175,246,10,01-10-2024,Canceled,3041
7176,4523,12,23-06-2024,Pending,2824
7177,3073,18,05-06-2024,Canceled,2660
7178,972,12,19-07-2024,Delivered,174
7179,2696,2,23-07-2024,Pending,3516
7180,4649,11,10-05-2024,Delivered,2717
7181,2295,18,08-10-2024,Shipped,30
7182,60,9,13-04-2024,Pending,3390
7183,4257,14,17-03-2024,Shipped,3720
7184,1878,3,11-04-2024,Pending,2092
7185,2064,19,03-11-2024,Canceled,3081
7186,2031,13,06-09-2024,Delivered,3626
7187,3517,13,29-05-2024,Shipped,858
7188,743,11,06-11-2024,Canceled,69
7189,4081,14,16-04-2024,Delivered,1458
7190,1265,6,06-05-2024,Pending,520
7191,4613,8,15-07-2024,Shipped,1203
7192,1669,13,01-03-2024,Pending,4439
7193,3845,15,25-08-2024,Delivered,2787
7194,4755,7,05-05-2024,Shipped,507
7195,3831,10,10-04-2024,Shipped,4461
7196,4781,6,05-06-2024,Canceled,3724
7197,151,1,20-03-2024,Shipped,4554
7198,2215,13,04-07-2024,Canceled,1681
7199,4889,3,21-03-2024,Shipped,585
7200,3731,14,06-04-2024,Delivered,2292
7201,3488,14,26-03-2024,Canceled,2014
7202,2193,14,04-01-2024,Pending,1259
7203,4851,10,17-01-2024,Canceled,1701
7204,4471,8,27-03-2024,Delivered,3633
7205,2530,8,09-10-2024,Pending,4512
7206,63,18,03-01-2024,Pending,3085
7207,4868,6,15-04-2024,Pending,1021
7208,249,5,26-06-2024,Delivered,4628
7209,2062,10,08-02-2024,Delivered,2359
7210,351,4,28-05-2024,Pending,1472
7211,420,4,16-09-2024,Shipped,3073
7212,3119,15,06-06-2024,Delivered,3862
7213,2851,16,28-02-2024,Canceled,4831
7214,3086,17,01-04-2024,Canceled,938
7215,4919,3,20-04-2024,Shipped,3344
7216,4632,18,10-09-2024,Pending,1265
7217,2988,20,09-03-2024,Delivered,1780
7218,2682,14,22-05-2024,Delivered,4124
7219,23,15,06-04-2024,Delivered,2639
7220,3607,12,16-10-2024,Canceled,3616
7221,3306,14,07-09-2024,Pending,1456
7222,807,5,19-01-2024,Delivered,4902
7223,2706,4,16-02-2024,Delivered,1102
7224,1742,1,18-02-2024,Canceled,3738
7225,2248,13,02-09-2024,Canceled,1964
7226,1222,12,23-07-2024,Pending,4218
7227,3886,14,01-09-2024,Canceled,590
7228,4507,20,08-11-2024,Shipped,3227
7229,3857,8,04-02-2024,Canceled,369
7230,3614,18,18-08-2024,Pending,3315
7231,3349,9,21-04-2024,Shipped,3070
7232,2499,6,05-01-2024,Delivered,2615
7233,2872,20,19-10-2024,Canceled,1377
7234,3716,18,02-01-2024,Shipped,3877
7235,507,2,12-02-2024,Delivered,2473
7236,1404,19,04-02-2024,Canceled,258
7237,3788,7,22-02-2024,Canceled,1928
7238,286,1,16-08-2024,Pending,1347
7239,4135,2,13-05-2024,Shipped,1922
7240,1873,10,22-02-2024,Pending,2792
7241,1161,4,21-01-2024,Shipped,557
7242,1859,17,08-07-2024,Canceled,2166
7243,1149,10,14-09-2024,Pending,2434
7244,2984,6,07-10-2024,Delivered,3215
7245,647,14,14-07-2024,Pending,1647
7246,856,14,09-02-2024,Canceled,4880
7247,76,8,26-07-2024,Canceled,344
7248,2790,20,11-07-2024,Pending,875
7249,2698,5,11-10-2024,Pending,4946
7250,3534,13,11-09-2024,Canceled,3722
7251,1306,16,23-04-2024,Pending,74
7252,1419,20,07-02-2024,Shipped,1792
7253,1288,16,27-04-2024,Delivered,3374
7254,1688,19,30-05-2024,Shipped,3198
7255,3972,17,15-05-2024,Pending,2042
7256,2025,11,10-06-2024,Delivered,1278
7257,1011,20,11-06-2024,Shipped,4100
7258,980,12,09-09-2024,Canceled,2818
7259,259,3,01-04-2024,Delivered,4869
7260,2377,7,23-06-2024,Canceled,1529
7261,4432,13,18-01-2024,Pending,2049
7262,1717,3,10-07-2024,Shipped,1
7263,4821,10,15-01-2024,Delivered,3372
7264,3581,8,02-09-2024,Delivered,3280
7265,1270,3,11-04-2024,Canceled,4985
7266,434,9,24-10-2024,Shipped,3676
7267,2842,15,25-09-2024,Canceled,2121
7268,1201,18,01-04-2024,Canceled,3901
7269,3523,1,05-09-2024,Canceled,1140
7270,4885,1,13-09-2024,Shipped,3665
7271,3109,5,03-07-2024,Shipped,1694
7272,4579,15,16-03-2024,Shipped,1713
7273,1378,1,24-10-2024,Canceled,3888
7274,4884,5,26-06-2024,Pending,3580
7275,2766,20,30-09-2024,Shipped,2998
7276,622,19,22-05-2024,Shipped,3410
7277,1329,10,01-02-2024,Delivered,2302
7278,3045,2,09-04-2024,Canceled,4380
7279,4691,12,01-04-2024,Canceled,225
7280,1766,2,25-05-2024,Canceled,129
7281,2741,3,02-04-2024,Canceled,3850
7282,3904,5,04-05-2024,Shipped,3123
7283,3664,17,16-05-2024,Delivered,2286
7284,3064,11,15-10-2024,Shipped,1504
7285,2270,6,12-04-2024,Shipped,2705
7286,3176,20,15-06-2024,Pending,329
7287,1559,3,14-10-2024,Canceled,3401
7288,146,9,05-03-2024,Delivered,512
7289,2148,6,18-02-2024,Pending,2308
7290,3827,9,29-02-2024,Canceled,1902
7291,2590,19,21-09-2024,Delivered,2314
7292,154,18,26-07-2024,Shipped,908
7293,1479,12,02-10-2024,Pending,808
7294,3111,5,26-04-2024,Pending,4330
7295,1437,2,26-06-2024,Canceled,4336
7296,2839,11,23-10-2024,Shipped,762
7297,1104,1,06-06-2024,Shipped,3475
7298,581,18,30-05-2024,Canceled,4545
7299,2112,13,14-01-2024,Delivered,1334
7300,1692,19,22-01-2024,Shipped,4213
7301,659,2,25-08-2024,Shipped,3761
7302,82,10,08-07-2024,Shipped,2215
7303,4408,20,29-04-2024,Shipped,3036
7304,1899,19,30-10-2024,Shipped,563
7305,2102,16,28-10-2024,Pending,499
7306,76,8,12-08-2024,Delivered,3471
7307,2320,16,01-01-2024,Shipped,4168
7308,3163,20,11-08-2024,Delivered,1982
7309,954,1,05-02-2024,Pending,3920
7310,98,8,08-09-2024,Pending,1739
7311,287,14,29-02-2024,Shipped,822
7312,4111,4,27-05-2024,Shipped,4623
7313,1324,17,11-02-2024,Pending,456
7314,252,16,23-08-2024,Canceled,2944
7315,2339,3,28-03-2024,Shipped,3593
7316,1134,3,25-05-2024,Pending,4298
7317,218,16,03-08-2024,Delivered,155
7318,2908,6,08-02-2024,Pending,2515
7319,3157,3,23-05-2024,Canceled,3513
7320,4844,15,09-02-2024,Delivered,4630
7321,340,18,25-04-2024,Pending,3978
7322,2498,12,07-02-2024,Canceled,4181
7323,3206,4,30-07-2024,Delivered,2650
7324,232,1,01-11-2024,Canceled,3528
7325,771,18,24-05-2024,Delivered,2336
7326,394,17,29-08-2024,Delivered,356
7327,282,17,25-04-2024,Delivered,641
7328,4832,4,23-01-2024,Delivered,2411
7329,1299,5,23-01-2024,Shipped,1990
7330,443,4,30-04-2024,Canceled,3377
7331,3427,4,16-07-2024,Pending,4681
7332,4900,19,23-08-2024,Delivered,2034
7333,456,19,07-11-2024,Delivered,942
7334,2006,3,04-06-2024,Pending,2783
7335,3122,6,10-05-2024,Pending,4627
7336,1842,6,17-06-2024,Canceled,906
7337,2956,20,04-01-2024,Delivered,2802
7338,811,9,02-08-2024,Shipped,3743
7339,1369,18,07-04-2024,Canceled,2801
7340,2969,8,30-05-2024,Pending,4693
7341,1500,9,06-08-2024,Canceled,3778
7342,214,9,23-05-2024,Shipped,2353
7343,2521,2,15-04-2024,Pending,3641
7344,1630,18,17-09-2024,Delivered,1894
7345,4180,10,15-04-2024,Canceled,244
7346,2426,1,20-08-2024,Canceled,3079
7347,3212,18,01-05-2024,Pending,2746
7348,1640,2,26-05-2024,Canceled,2891
7349,529,17,16-10-2024,Delivered,1607
7350,4063,12,29-09-2024,Pending,4800
7351,4919,8,07-08-2024,Pending,827
7352,2070,13,30-06-2024,Canceled,3158
7353,1743,6,28-06-2024,Delivered,4184
7354,2118,19,20-05-2024,Pending,2330
7355,383,19,23-05-2024,Pending,3799
7356,4970,15,15-06-2024,Canceled,972
7357,3176,13,23-10-2024,Shipped,3362
7358,847,2,26-01-2024,Shipped,1163
7359,1428,3,03-03-2024,Canceled,440
7360,3414,18,05-04-2024,Pending,180
7361,4555,9,23-04-2024,Canceled,200
7362,2981,2,07-01-2024,Shipped,1973
7363,2455,5,18-01-2024,Pending,2422
7364,930,6,01-02-2024,Canceled,4444
7365,4201,1,20-10-2024,Delivered,4983
7366,360,9,27-09-2024,Shipped,1838
7367,9,5,07-05-2024,Canceled,3097
7368,4094,16,21-02-2024,Delivered,4543
7369,3335,16,10-03-2024,Delivered,3936
7370,1821,11,25-08-2024,Pending,3209
7371,4900,16,11-01-2024,Shipped,3538
7372,2239,13,24-04-2024,Shipped,1072
7373,4550,20,10-01-2024,Canceled,4976
7374,2800,14,01-09-2024,Shipped,1649
7375,2943,5,04-02-2024,Canceled,4223
7376,1409,20,18-05-2024,Delivered,4200
7377,3033,9,10-01-2024,Pending,2574
7378,3497,15,06-07-2024,Pending,4740
7379,55,16,16-06-2024,Canceled,3570
7380,1034,7,05-03-2024,Delivered,1166
7381,2790,13,18-08-2024,Canceled,2945
7382,532,19,05-10-2024,Delivered,2847
7383,3767,9,14-04-2024,Shipped,3032
7384,4273,18,07-03-2024,Pending,3787
7385,190,19,10-01-2024,Delivered,1464
7386,1732,10,08-02-2024,Canceled,4659
7387,769,13,27-02-2024,Delivered,2461
7388,2504,20,16-10-2024,Pending,2453
7389,3262,6,12-02-2024,Delivered,2179
7390,2806,5,27-06-2024,Pending,1980
7391,2757,10,23-02-2024,Shipped,1191
7392,2335,6,28-10-2024,Delivered,690
7393,831,8,13-03-2024,Canceled,2528
7394,3652,7,17-01-2024,Shipped,159
7395,1299,17,17-08-2024,Pending,2570
7396,266,10,26-04-2024,Pending,1231
7397,2071,6,27-03-2024,Canceled,4137
7398,307,15,09-04-2024,Canceled,4067
7399,789,11,08-03-2024,Delivered,1802
7400,2981,5,13-03-2024,Pending,1930
7401,1334,12,10-01-2024,Shipped,1117
7402,2820,15,20-07-2024,Pending,1458
7403,3033,19,23-02-2024,Shipped,3178
7404,3264,5,25-04-2024,Delivered,20
7405,1202,12,02-02-2024,Shipped,1544
7406,4310,4,18-09-2024,Pending,4416
7407,4851,19,20-08-2024,Shipped,450
7408,1713,12,31-07-2024,Delivered,208
7409,113,3,11-09-2024,Pending,4818
7410,228,9,19-05-2024,Canceled,2805
7411,3247,15,28-06-2024,Shipped,2119
7412,4039,6,25-06-2024,Canceled,1078
7413,490,20,09-10-2024,Delivered,4013
7414,3531,18,17-07-2024,Canceled,919
7415,4053,11,03-07-2024,Canceled,4901
7416,1380,13,22-03-2024,Delivered,1544
7417,2778,9,22-04-2024,Shipped,2837
7418,2734,15,12-02-2024,Canceled,4810
7419,2340,19,16-09-2024,Shipped,732
7420,450,19,04-10-2024,Canceled,3551
7421,847,9,02-04-2024,Shipped,630
7422,1935,4,22-06-2024,Canceled,1540
7423,2141,2,27-02-2024,Pending,2676
7424,4250,12,21-03-2024,Shipped,4178
7425,4294,3,16-01-2024,Delivered,3471
7426,250,6,05-10-2024,Shipped,1810
7427,3772,2,29-09-2024,Shipped,2128
7428,1839,5,26-06-2024,Canceled,3856
7429,1517,4,28-03-2024,Canceled,842
7430,3401,4,02-05-2024,Shipped,757
7431,2920,17,10-07-2024,Delivered,3190
7432,4204,14,08-02-2024,Canceled,28
7433,4904,8,04-09-2024,Shipped,415
7434,348,1,23-03-2024,Delivered,3467
7435,2618,5,31-05-2024,Canceled,3768
7436,2925,10,12-10-2024,Delivered,3874
7437,2662,15,27-01-2024,Delivered,1187
7438,4906,6,13-07-2024,Delivered,449
7439,4450,2,21-06-2024,Canceled,4049
7440,332,20,30-06-2024,Shipped,2139
7441,1347,13,08-04-2024,Pending,1946
7442,307,20,12-08-2024,Pending,1396
7443,4481,20,12-07-2024,Pending,4342
7444,2656,13,18-07-2024,Shipped,4342
7445,1699,6,18-08-2024,Delivered,2860
7446,1404,13,19-05-2024,Canceled,1758
7447,1870,6,22-03-2024,Delivered,2751
7448,4629,8,15-10-2024,Shipped,1814
7449,4304,9,22-09-2024,Shipped,2989
7450,1563,8,21-05-2024,Delivered,4195
7451,4891,3,04-03-2024,Pending,3399
7452,4739,19,04-05-2024,Canceled,4717
7453,967,6,26-07-2024,Canceled,3242
7454,4460,12,03-05-2024,Pending,3407
7455,693,8,05-04-2024,Delivered,3988
7456,4994,5,03-05-2024,Pending,790
7457,1963,11,05-05-2024,Pending,1861
7458,1801,7,03-09-2024,Pending,1054
7459,3168,12,13-10-2024,Pending,1497
7460,4367,12,28-08-2024,Pending,3386
7461,2043,17,09-08-2024,Canceled,1726
7462,4677,14,12-05-2024,Delivered,2317
7463,3368,8,16-02-2024,Delivered,693
7464,3102,13,02-05-2024,Delivered,540
7465,4533,9,14-04-2024,Pending,4981
7466,4303,20,10-02-2024,Canceled,1111
7467,557,2,23-04-2024,Shipped,3041
7468,3162,18,06-04-2024,Canceled,4908
7469,4387,1,12-06-2024,Canceled,1384
7470,307,16,21-01-2024,Shipped,3289
7471,3673,1,22-04-2024,Delivered,3148
7472,234,16,03-04-2024,Pending,4409
7473,3550,2,31-07-2024,Canceled,1953
7474,2592,1,10-07-2024,Delivered,4376
7475,3111,16,19-02-2024,Canceled,731
7476,2657,8,21-04-2024,Pending,883
7477,2926,2,01-04-2024,Delivered,2380
7478,1190,7,01-01-2024,Pending,1093
7479,737,11,28-07-2024,Pending,788
7480,2910,9,18-07-2024,Delivered,2798
7481,1708,12,24-04-2024,Pending,3802
7482,3875,8,04-08-2024,Pending,1010
7483,75,1,20-10-2024,Delivered,3261
7484,2088,5,06-06-2024,Canceled,3046
7485,1192,19,10-10-2024,Shipped,4528
7486,4869,20,13-01-2024,Shipped,3592
7487,1634,15,14-06-2024,Shipped,2945
7488,1368,11,12-04-2024,Shipped,786
7489,2504,7,09-09-2024,Shipped,4755
7490,2955,14,16-02-2024,Pending,2939
7491,4213,2,25-04-2024,Shipped,1384
7492,3128,2,26-04-2024,Delivered,4902
7493,3599,1,13-10-2024,Delivered,2404
7494,1852,6,29-02-2024,Delivered,3307
7495,2381,5,20-05-2024,Canceled,2660
7496,3604,8,16-10-2024,Pending,1051
7497,3192,8,25-09-2024,Canceled,2919
7498,1390,9,20-01-2024,Delivered,2287
7499,101,16,08-08-2024,Canceled,1840
7500,1275,2,20-09-2024,Shipped,1776
7501,2764,3,28-05-2024,Canceled,1606
7502,4373,5,12-08-2024,Pending,3992
7503,1453,1,15-03-2024,Delivered,1570
7504,1652,3,06-04-2024,Delivered,1544
7505,114,5,30-10-2024,Pending,4202
7506,2108,18,11-07-2024,Shipped,982
7507,1540,5,08-05-2024,Delivered,2333
7508,2648,4,28-09-2024,Delivered,2682
7509,2567,4,07-07-2024,Shipped,4918
7510,1054,9,10-08-2024,Delivered,4764
7511,3125,1,22-09-2024,Pending,4379
7512,167,20,19-01-2024,Canceled,2108
7513,1189,3,09-02-2024,Delivered,991
7514,1116,15,06-05-2024,Delivered,1032
7515,3701,1,18-05-2024,Pending,1314
7516,1679,9,07-01-2024,Shipped,4113
7517,4207,15,24-07-2024,Delivered,270
7518,1892,15,30-07-2024,Shipped,3186
7519,2004,17,01-01-2024,Canceled,1303
7520,4719,3,15-06-2024,Shipped,4803
7521,3327,7,19-03-2024,Delivered,517
7522,1231,12,10-08-2024,Canceled,3311
7523,1781,16,11-05-2024,Canceled,2602
7524,2208,5,21-07-2024,Canceled,3286
7525,4206,17,21-04-2024,Shipped,699
7526,1514,12,09-05-2024,Pending,1159
7527,1691,16,15-04-2024,Shipped,2757
7528,2681,10,14-05-2024,Shipped,3106
7529,1749,20,03-01-2024,Canceled,3809
7530,3791,4,31-08-2024,Shipped,4020
7531,1587,4,04-05-2024,Pending,564
7532,2586,19,01-10-2024,Pending,4284
7533,528,1,13-09-2024,Shipped,1293
7534,1909,6,07-09-2024,Shipped,4265
7535,4122,16,11-03-2024,Canceled,2729
7536,2274,17,22-08-2024,Delivered,4064
7537,18,7,31-05-2024,Pending,1885
7538,2315,11,13-05-2024,Canceled,3307
7539,917,15,02-04-2024,Delivered,3541
7540,1018,11,06-07-2024,Canceled,4927
7541,2127,17,18-01-2024,Shipped,3723
7542,2079,9,08-04-2024,Canceled,3575
7543,3464,11,03-07-2024,Pending,4002
7544,3131,3,08-06-2024,Shipped,1556
7545,3067,10,08-10-2024,Pending,4715
7546,1463,12,14-07-2024,Shipped,1259
7547,3392,3,24-01-2024,Pending,1401
7548,3087,12,24-08-2024,Delivered,1907
7549,2114,17,02-08-2024,Pending,1352
7550,836,3,17-05-2024,Canceled,149
7551,1063,8,02-06-2024,Canceled,1386
7552,460,11,31-07-2024,Delivered,864
7553,220,20,01-04-2024,Shipped,524
7554,389,11,01-05-2024,Canceled,585
7555,3877,19,22-01-2024,Pending,3298
7556,157,20,18-05-2024,Canceled,2371
7557,3922,5,07-02-2024,Delivered,2304
7558,2012,3,23-07-2024,Canceled,2985
7559,3373,11,02-04-2024,Pending,817
7560,428,8,17-04-2024,Delivered,3965
7561,4169,9,29-04-2024,Canceled,2880
7562,1851,8,12-01-2024,Pending,77
7563,2894,19,11-03-2024,Delivered,1174
7564,2744,16,26-06-2024,Canceled,2574
7565,3370,11,20-05-2024,Canceled,2183
7566,1981,5,20-05-2024,Canceled,3978
7567,3641,11,11-04-2024,Shipped,4623
7568,516,9,03-09-2024,Delivered,1489
7569,2555,8,09-07-2024,Canceled,560
7570,4852,5,19-09-2024,Shipped,31
7571,4645,6,21-01-2024,Pending,1213
7572,196,2,18-02-2024,Pending,1881
7573,767,19,17-04-2024,Delivered,133
7574,4021,13,09-03-2024,Shipped,3400
7575,3915,6,16-08-2024,Pending,4688
7576,1866,1,11-05-2024,Pending,3582
7577,1992,3,08-01-2024,Shipped,1708
7578,552,19,03-04-2024,Pending,3786
7579,3736,20,01-09-2024,Pending,3108
7580,701,10,19-03-2024,Pending,832
7581,3137,9,15-06-2024,Delivered,3621
7582,4902,5,11-08-2024,Pending,3860
7583,4434,10,05-04-2024,Delivered,2430
7584,3007,6,27-05-2024,Delivered,2837
7585,4771,7,30-07-2024,Pending,584
7586,1035,3,28-03-2024,Pending,975
7587,1046,7,26-04-2024,Delivered,3285
7588,3137,18,14-01-2024,Shipped,1054
7589,821,17,01-03-2024,Delivered,3770
7590,1181,5,09-02-2024,Delivered,4421
7591,4006,13,17-02-2024,Shipped,3125
7592,558,13,12-01-2024,Shipped,2271
7593,134,9,14-04-2024,Shipped,3522
7594,4122,13,14-05-2024,Delivered,1170
7595,3927,11,25-04-2024,Canceled,3169
7596,2870,6,19-10-2024,Canceled,1565
7597,1265,16,09-08-2024,Pending,2564
7598,2108,15,20-07-2024,Shipped,3212
7599,1772,9,16-01-2024,Shipped,67
7600,848,8,31-08-2024,Shipped,337
7601,4258,19,31-08-2024,Delivered,2198
7602,3566,16,29-10-2024,Delivered,4243
7603,105,3,02-09-2024,Canceled,1752
7604,4202,10,21-04-2024,Delivered,954
7605,116,19,31-05-2024,Shipped,623
7606,2090,8,11-01-2024,Canceled,4348
7607,4388,5,02-06-2024,Delivered,4129
7608,1369,14,19-05-2024,Pending,1870
7609,1795,16,13-03-2024,Pending,4306
7610,2147,15,28-04-2024,Canceled,2333
7611,3770,12,03-09-2024,Pending,3109
7612,3878,3,13-08-2024,Pending,2241
7613,1155,17,23-03-2024,Delivered,621
7614,3317,5,08-01-2024,Canceled,3880
7615,2793,1,28-08-2024,Pending,119
7616,3264,11,13-06-2024,Shipped,4043
7617,222,20,08-06-2024,Delivered,3831
7618,2910,14,18-06-2024,Shipped,3936
7619,2106,7,17-03-2024,Shipped,1380
7620,1624,3,30-04-2024,Shipped,1867
7621,4142,13,22-08-2024,Pending,2420
7622,4587,18,18-02-2024,Delivered,647
7623,4651,11,10-06-2024,Canceled,106
7624,3823,13,26-05-2024,Shipped,2670
7625,4412,9,21-01-2024,Pending,4078
7626,4188,4,25-05-2024,Shipped,2494
7627,1166,10,15-10-2024,Shipped,2974
7628,1176,15,05-05-2024,Canceled,3004
7629,2462,8,10-07-2024,Delivered,4794
7630,3993,10,23-06-2024,Delivered,2710
7631,624,16,14-03-2024,Canceled,3829
7632,3228,17,07-10-2024,Delivered,1738
7633,4471,5,11-08-2024,Pending,2000
7634,4360,8,16-01-2024,Pending,3195
7635,1092,10,11-04-2024,Canceled,4284
7636,2647,12,19-05-2024,Shipped,2839
7637,3548,2,10-05-2024,Pending,4663
7638,3551,5,04-09-2024,Pending,736
7639,976,8,24-04-2024,Shipped,791
7640,436,2,15-03-2024,Pending,4702
7641,2596,9,10-06-2024,Pending,2647
7642,2159,7,13-03-2024,Canceled,2725
7643,2195,3,08-11-2024,Pending,1072
7644,4855,17,27-03-2024,Delivered,4456
7645,2274,16,15-03-2024,Shipped,3386
7646,4660,1,01-02-2024,Delivered,1907
7647,4315,16,21-08-2024,Delivered,1764
7648,2411,1,31-08-2024,Delivered,3729
7649,4639,20,31-10-2024,Shipped,3292
7650,242,14,23-03-2024,Pending,2300
7651,3091,14,29-01-2024,Pending,3970
7652,4581,16,28-09-2024,Pending,3946
7653,4293,14,01-03-2024,Shipped,2651
7654,226,13,23-09-2024,Pending,511
7655,1867,14,29-01-2024,Delivered,4471
7656,363,5,06-10-2024,Pending,3585
7657,4431,10,19-01-2024,Delivered,1572
7658,4586,16,03-08-2024,Shipped,4563
7659,696,18,18-02-2024,Delivered,4374
7660,3806,15,15-02-2024,Pending,4305
7661,3363,14,21-09-2024,Delivered,3764
7662,2953,1,16-01-2024,Pending,3785
7663,4922,12,25-03-2024,Pending,1239
7664,758,20,29-07-2024,Pending,2395
7665,4206,12,08-07-2024,Delivered,3162
7666,310,20,02-07-2024,Pending,1493
7667,3892,9,15-03-2024,Canceled,4269
7668,1061,3,09-10-2024,Canceled,3559
7669,594,13,31-07-2024,Pending,2188
7670,2869,16,11-01-2024,Delivered,4262
7671,2735,16,14-01-2024,Shipped,2872
7672,4039,3,22-06-2024,Pending,4076
7673,3257,1,14-10-2024,Pending,430
7674,2181,3,12-07-2024,Shipped,1021
7675,990,15,30-10-2024,Pending,4805
7676,1356,9,05-08-2024,Canceled,1325
7677,788,12,21-08-2024,Pending,4810
7678,658,1,31-10-2024,Canceled,2853
7679,800,15,19-07-2024,Delivered,4236
7680,3632,16,06-02-2024,Pending,2937
7681,1085,8,09-08-2024,Shipped,4505
7682,3599,5,25-09-2024,Pending,4798
7683,4543,14,05-06-2024,Shipped,3824
7684,4927,19,02-08-2024,Delivered,3469
7685,4997,13,27-10-2024,Canceled,466
7686,2889,18,24-06-2024,Delivered,1345
7687,2751,2,05-01-2024,Delivered,1034
7688,1689,11,26-09-2024,Canceled,129
7689,4044,4,10-06-2024,Shipped,4147
7690,534,17,29-05-2024,Shipped,1802
7691,1551,20,15-06-2024,Canceled,819
7692,3385,1,16-07-2024,Shipped,2913
7693,2023,7,13-09-2024,Pending,322
7694,4098,19,15-07-2024,Canceled,3030
7695,1376,19,25-04-2024,Pending,3505
7696,3864,13,18-03-2024,Pending,4492
7697,3113,1,17-03-2024,Pending,1567
7698,3774,13,04-02-2024,Shipped,3460
7699,4231,11,17-06-2024,Pending,4828
7700,2469,17,04-05-2024,Delivered,1302
7701,4886,11,13-01-2024,Delivered,3881
7702,2114,11,20-08-2024,Delivered,4338
7703,4730,7,29-07-2024,Canceled,3375
7704,4832,19,24-03-2024,Pending,2097
7705,4948,10,28-03-2024,Delivered,4755
7706,4377,20,25-07-2024,Pending,258
7707,4270,16,26-01-2024,Shipped,4731
7708,2622,3,14-09-2024,Shipped,2762
7709,1544,12,10-03-2024,Shipped,3995
7710,592,3,09-07-2024,Shipped,4531
7711,2537,8,24-02-2024,Pending,3228
7712,2338,11,02-11-2024,Shipped,4539
7713,1254,14,23-04-2024,Delivered,2692
7714,243,16,23-08-2024,Canceled,792
7715,231,1,16-10-2024,Pending,1452
7716,4543,6,18-01-2024,Canceled,3041
7717,2842,11,11-02-2024,Shipped,1166
7718,4622,18,14-04-2024,Pending,1488
7719,4687,6,22-01-2024,Shipped,4960
7720,2539,15,19-05-2024,Pending,505
7721,3179,3,28-04-2024,Pending,1417
7722,1614,17,18-03-2024,Shipped,1956
7723,4127,10,19-08-2024,Canceled,483
7724,1981,10,30-03-2024,Pending,3727
7725,2444,6,18-04-2024,Canceled,1821
7726,3125,9,26-05-2024,Pending,4034
7727,3032,13,29-08-2024,Delivered,2389
7728,2466,8,19-07-2024,Pending,288
7729,458,19,21-08-2024,Delivered,589
7730,9,9,21-07-2024,Pending,886
7731,1905,1,12-04-2024,Delivered,3693
7732,4715,13,04-07-2024,Canceled,432
7733,1597,6,11-09-2024,Shipped,1730
7734,348,17,05-04-2024,Canceled,3043
7735,4245,4,19-07-2024,Shipped,3790
7736,1560,7,19-04-2024,Pending,2706
7737,3315,10,06-04-2024,Delivered,3272
7738,1522,16,18-08-2024,Canceled,4777
7739,547,4,02-05-2024,Pending,1755
7740,1504,4,24-03-2024,Pending,3593
7741,368,8,08-07-2024,Delivered,1010
7742,4275,4,10-03-2024,Delivered,3202
7743,2661,5,22-05-2024,Shipped,771
7744,1332,20,07-10-2024,Shipped,2580
7745,2743,20,19-07-2024,Pending,3452
7746,1273,9,05-01-2024,Pending,3027
7747,4206,15,05-02-2024,Pending,2889
7748,3971,9,10-05-2024,Delivered,978
7749,2645,15,26-10-2024,Canceled,4548
7750,4385,7,31-03-2024,Delivered,1655
7751,1922,20,15-09-2024,Delivered,3103
7752,4159,1,23-05-2024,Pending,3228
7753,52,7,21-07-2024,Shipped,4109
7754,3015,1,19-04-2024,Shipped,2906
7755,920,12,09-08-2024,Canceled,2593
7756,4806,2,09-06-2024,Delivered,4722
7757,950,4,29-02-2024,Pending,4887
7758,2373,11,07-01-2024,Delivered,971
7759,1555,17,14-01-2024,Canceled,1260
7760,2523,17,20-03-2024,Canceled,1406
7761,2342,20,11-03-2024,Delivered,2322
7762,4891,12,28-03-2024,Canceled,2737
7763,4701,6,14-01-2024,Delivered,4566
7764,74,8,04-03-2024,Canceled,813
7765,2602,17,05-01-2024,Pending,4263
7766,1792,13,13-02-2024,Pending,2733
7767,1024,5,06-10-2024,Delivered,4081
7768,2090,18,24-08-2024,Delivered,3830
7769,878,12,22-02-2024,Pending,4486
7770,3274,7,27-05-2024,Shipped,471
7771,2002,13,11-09-2024,Delivered,3841
7772,4295,17,27-07-2024,Delivered,264
7773,224,18,03-06-2024,Shipped,4921
7774,426,6,24-01-2024,Canceled,2046
7775,2102,3,12-02-2024,Delivered,596
7776,284,1,09-07-2024,Shipped,2917
7777,2122,11,29-03-2024,Delivered,1196
7778,462,7,16-07-2024,Shipped,3780
7779,1901,18,17-05-2024,Pending,4299
7780,3465,9,05-05-2024,Canceled,1972
7781,4114,17,24-09-2024,Pending,2332
7782,3496,4,21-05-2024,Delivered,2354
7783,201,9,21-05-2024,Canceled,3642
7784,112,13,17-05-2024,Delivered,4936
7785,67,1,20-01-2024,Shipped,4804
7786,277,20,14-05-2024,Shipped,2594
7787,276,1,06-02-2024,Delivered,1402
7788,924,16,31-08-2024,Shipped,1886
7789,4065,12,30-07-2024,Delivered,1088
7790,208,10,05-02-2024,Canceled,4736
7791,3104,9,30-09-2024,Canceled,2577
7792,1608,7,30-06-2024,Pending,4736
7793,284,12,19-09-2024,Delivered,457
7794,1569,6,26-05-2024,Delivered,2124
7795,4382,12,05-02-2024,Pending,1942
7796,1438,13,26-04-2024,Pending,1795
7797,1456,11,02-03-2024,Canceled,3268
7798,2857,7,29-05-2024,Delivered,573
7799,237,5,03-11-2024,Canceled,3234
7800,4114,3,11-06-2024,Delivered,1151
7801,2738,17,23-02-2024,Shipped,897
7802,850,10,24-04-2024,Delivered,2778
7803,570,18,28-04-2024,Canceled,801
7804,2492,8,29-03-2024,Delivered,223
7805,2376,16,08-06-2024,Canceled,3856
7806,369,5,11-07-2024,Canceled,3181
7807,4140,11,04-07-2024,Delivered,3096
7808,2386,8,23-10-2024,Pending,3579
7809,3886,19,01-10-2024,Shipped,528
7810,2549,12,02-01-2024,Pending,1297
7811,3035,2,09-04-2024,Delivered,1176
7812,4761,1,01-09-2024,Canceled,2782
7813,4969,4,25-10-2024,Delivered,4155
7814,2180,3,28-09-2024,Canceled,1809
7815,4857,11,04-02-2024,Canceled,3151
7816,820,17,03-02-2024,Canceled,3060
7817,2626,17,07-01-2024,Pending,513
7818,3048,7,13-07-2024,Pending,1377
7819,4238,11,16-01-2024,Pending,3179
7820,573,4,21-01-2024,Canceled,879
7821,1281,20,02-09-2024,Canceled,222
7822,4568,7,10-03-2024,Shipped,3300
7823,1781,17,07-09-2024,Pending,1610
7824,4821,10,01-06-2024,Shipped,426
7825,2779,20,17-04-2024,Shipped,4958
7826,4534,18,27-08-2024,Delivered,2286
7827,3586,11,10-02-2024,Delivered,122
7828,4827,11,19-03-2024,Delivered,2949
7829,2077,20,04-05-2024,Canceled,2620
7830,4741,20,11-09-2024,Shipped,4770
7831,4851,17,16-08-2024,Shipped,4185
7832,198,15,04-07-2024,Pending,2027
7833,1315,12,10-04-2024,Pending,453
7834,1590,3,23-07-2024,Delivered,1596
7835,2746,10,18-08-2024,Pending,4718
7836,3408,10,19-05-2024,Canceled,380
7837,3680,8,06-06-2024,Pending,4492
7838,4834,3,13-04-2024,Pending,1935
7839,1159,19,24-02-2024,Shipped,2896
7840,2243,1,24-05-2024,Pending,4992
7841,4399,7,28-02-2024,Delivered,28
7842,3224,11,09-07-2024,Pending,676
7843,4166,2,11-05-2024,Delivered,4700
7844,4700,4,16-10-2024,Delivered,2787
7845,1085,11,24-03-2024,Shipped,1960
7846,1821,12,05-02-2024,Canceled,981
7847,3420,2,21-06-2024,Pending,3072
7848,396,10,08-07-2024,Canceled,2716
7849,2513,1,19-10-2024,Pending,427
7850,1148,18,14-08-2024,Shipped,2019
7851,1628,5,28-01-2024,Pending,3143
7852,3188,15,03-01-2024,Delivered,1204
7853,3891,1,20-05-2024,Canceled,3582
7854,2543,17,28-10-2024,Canceled,1541
7855,1554,13,30-03-2024,Canceled,2877
7856,3145,15,20-06-2024,Shipped,3999
7857,4435,15,08-03-2024,Canceled,3445
7858,4908,8,19-05-2024,Shipped,1856
7859,2391,3,08-06-2024,Shipped,63
7860,4207,18,13-05-2024,Delivered,676
7861,1385,4,29-05-2024,Canceled,2423
7862,4686,9,27-03-2024,Canceled,3884
7863,4878,16,21-03-2024,Shipped,2481
7864,3228,14,11-07-2024,Delivered,741
7865,2409,1,17-03-2024,Shipped,3467
7866,3372,19,09-04-2024,Delivered,3995
7867,3745,2,15-03-2024,Shipped,1697
7868,1005,9,29-04-2024,Delivered,3578
7869,4771,12,31-07-2024,Canceled,978
7870,1309,10,02-08-2024,Delivered,380
7871,1947,13,24-08-2024,Canceled,1140
7872,4755,4,29-01-2024,Shipped,2304
7873,4942,10,27-08-2024,Canceled,3139
7874,3462,4,24-01-2024,Shipped,1392
7875,4161,14,10-01-2024,Delivered,1483
7876,3291,6,22-10-2024,Delivered,2747
7877,1740,14,19-10-2024,Pending,138
7878,724,20,13-01-2024,Canceled,4364
7879,4202,17,10-01-2024,Delivered,3859
7880,2184,15,06-03-2024,Pending,607
7881,2939,12,07-04-2024,Pending,2792
7882,1892,16,09-03-2024,Shipped,3250
7883,3295,20,09-01-2024,Shipped,4823
7884,2356,13,02-11-2024,Canceled,3653
7885,1708,8,29-01-2024,Pending,4148
7886,695,8,08-11-2024,Canceled,2519
7887,716,8,21-02-2024,Canceled,4743
7888,4153,9,23-06-2024,Pending,4233
7889,3181,17,28-06-2024,Pending,2480
7890,336,9,25-05-2024,Canceled,2551
7891,2450,4,03-11-2024,Pending,1875
7892,1870,14,11-01-2024,Shipped,1129
7893,3533,13,31-05-2024,Canceled,3413
7894,2890,1,03-06-2024,Shipped,4902
7895,2273,16,21-02-2024,Pending,1394
7896,1490,8,24-05-2024,Shipped,4612
7897,1036,16,17-09-2024,Shipped,2176
7898,1752,6,14-08-2024,Delivered,694
7899,312,1,23-05-2024,Canceled,3837
7900,2877,13,21-10-2024,Shipped,877
7901,4378,10,01-07-2024,Pending,4227
7902,4493,12,30-07-2024,Delivered,2143
7903,962,9,02-07-2024,Shipped,1183
7904,1149,19,24-04-2024,Delivered,2923
7905,3687,1,25-04-2024,Shipped,2895
7906,963,13,13-02-2024,Delivered,2433
7907,1357,10,07-02-2024,Delivered,1980
7908,724,15,20-02-2024,Delivered,4542
7909,2171,18,11-10-2024,Delivered,721
7910,1980,16,14-07-2024,Shipped,4179
7911,1773,10,30-04-2024,Shipped,907
7912,545,2,13-07-2024,Pending,507
7913,2345,3,21-04-2024,Shipped,4434
7914,2517,16,08-03-2024,Delivered,3092
7915,1314,1,06-02-2024,Shipped,2116
7916,763,16,06-07-2024,Canceled,106
7917,2255,8,12-10-2024,Canceled,859
7918,4080,18,09-03-2024,Canceled,1495
7919,3432,8,02-11-2024,Shipped,180
7920,3937,15,07-07-2024,Delivered,3041
7921,2498,5,08-04-2024,Shipped,1834
7922,3419,18,25-10-2024,Delivered,433
7923,4183,3,02-09-2024,Shipped,3577
7924,618,16,27-02-2024,Canceled,4354
7925,4715,16,31-01-2024,Delivered,1149
7926,3754,6,02-10-2024,Canceled,2390
7927,4204,15,29-08-2024,Delivered,4384
7928,1232,6,09-04-2024,Delivered,1091
7929,2836,1,22-01-2024,Canceled,2383
7930,2973,10,13-09-2024,Pending,3455
7931,4169,13,15-10-2024,Shipped,124
7932,823,11,21-04-2024,Pending,4635
7933,685,18,02-07-2024,Pending,2661
7934,2703,12,04-08-2024,Pending,4986
7935,4402,6,08-10-2024,Pending,3865
7936,1596,7,06-08-2024,Delivered,986
7937,4498,2,17-09-2024,Pending,843
7938,4066,5,03-02-2024,Delivered,2077
7939,3263,16,19-03-2024,Delivered,773
7940,1723,2,16-06-2024,Canceled,854
7941,2343,20,05-07-2024,Canceled,500
7942,2957,9,12-02-2024,Pending,592
7943,223,17,18-06-2024,Delivered,2159
7944,177,14,28-01-2024,Delivered,4281
7945,2827,3,01-09-2024,Shipped,2040
7946,107,2,11-06-2024,Delivered,920
7947,3656,15,22-07-2024,Delivered,2998
7948,1282,12,24-04-2024,Delivered,2982
7949,515,10,21-10-2024,Canceled,4487
7950,3178,17,16-08-2024,Canceled,3226
7951,1067,6,16-09-2024,Shipped,865
7952,3461,19,14-07-2024,Pending,2962
7953,2933,10,01-09-2024,Shipped,2028
7954,2035,6,17-10-2024,Pending,2515
7955,2586,15,08-08-2024,Canceled,3763
7956,4265,9,20-08-2024,Shipped,3976
7957,3286,18,06-09-2024,Pending,2048
7958,1184,20,30-01-2024,Delivered,1343
7959,199,3,02-09-2024,Delivered,4442
7960,4714,1,29-02-2024,Pending,1241
7961,1828,20,29-05-2024,Delivered,2986
7962,4390,2,01-04-2024,Delivered,4132
7963,2277,11,24-09-2024,Canceled,1029
7964,559,19,25-07-2024,Canceled,2251
7965,1786,3,24-09-2024,Shipped,905
7966,340,4,19-02-2024,Canceled,2253
7967,4482,4,24-06-2024,Delivered,3553
7968,3631,14,18-08-2024,Pending,2328
7969,4408,7,29-04-2024,Canceled,3005
7970,543,4,03-02-2024,Delivered,2735
7971,1840,4,29-04-2024,Delivered,1120
7972,1974,14,16-05-2024,Pending,1687
7973,4702,3,07-09-2024,Delivered,791
7974,4270,12,02-11-2024,Delivered,1831
7975,4609,9,13-05-2024,Canceled,1233
7976,2453,16,02-01-2024,Pending,4870
7977,3265,19,17-08-2024,Canceled,2501
7978,2136,8,29-06-2024,Delivered,34
7979,3476,3,02-04-2024,Pending,2731
7980,4068,7,24-10-2024,Canceled,2546
7981,1113,5,22-03-2024,Canceled,4116
7982,915,3,17-03-2024,Pending,1989
7983,2755,17,18-01-2024,Canceled,3176
7984,3543,19,22-08-2024,Shipped,2883
7985,78,15,21-07-2024,Pending,1671
7986,1680,11,04-07-2024,Shipped,3503
7987,4336,3,19-01-2024,Delivered,856
7988,2203,17,27-03-2024,Delivered,2762
7989,2827,6,18-07-2024,Pending,4736
7990,3300,11,03-03-2024,Pending,753
7991,1586,17,30-09-2024,Shipped,2848
7992,4471,4,16-04-2024,Shipped,3735
7993,916,3,06-03-2024,Shipped,1250
7994,1479,15,18-08-2024,Canceled,1634
7995,3596,3,31-07-2024,Canceled,2155
7996,2418,3,19-05-2024,Canceled,3925
7997,1836,19,18-10-2024,Pending,608
7998,4764,6,01-03-2024,Shipped,1474
7999,1059,19,11-07-2024,Pending,282
8000,1218,18,24-01-2024,Pending,2573
8001,4229,9,23-04-2024,Canceled,3131
8002,4032,13,26-08-2024,Delivered,2133
8003,1491,8,22-06-2024,Shipped,2309
8004,3818,17,31-08-2024,Canceled,3952
8005,4933,3,15-09-2024,Shipped,1875
8006,2798,6,30-03-2024,Canceled,4357
8007,2812,8,17-04-2024,Shipped,3868
8008,4580,14,28-04-2024,Shipped,2962
8009,3323,1,28-04-2024,Shipped,705
8010,1552,1,31-05-2024,Shipped,4277
8011,4513,13,22-03-2024,Delivered,1136
8012,2842,13,08-11-2024,Pending,2536
8013,4784,2,12-09-2024,Shipped,3421
8014,538,14,24-04-2024,Canceled,4820
8015,3539,5,28-05-2024,Delivered,872
8016,1341,8,11-04-2024,Pending,1516
8017,1554,13,05-07-2024,Canceled,939
8018,4405,12,10-04-2024,Pending,4347
8019,3053,8,09-08-2024,Canceled,4707
8020,1474,2,17-06-2024,Canceled,1512
8021,3677,17,11-05-2024,Delivered,2947
8022,3638,11,08-08-2024,Delivered,2364
8023,535,9,17-02-2024,Canceled,4734
8024,4204,20,06-04-2024,Canceled,4778
8025,1614,16,08-02-2024,Delivered,1279
8026,550,20,02-02-2024,Pending,3438
8027,2341,16,06-01-2024,Delivered,3974
8028,2278,3,28-01-2024,Canceled,3313
8029,125,13,29-10-2024,Canceled,412
8030,2193,1,24-05-2024,Canceled,1341
8031,3715,12,19-02-2024,Shipped,3411
8032,2056,3,05-03-2024,Pending,1575
8033,4100,19,06-10-2024,Canceled,4443
8034,1662,18,29-01-2024,Pending,1592
8035,1590,13,30-08-2024,Shipped,1215
8036,4008,7,25-07-2024,Canceled,4510
8037,1511,3,06-02-2024,Pending,376
8038,3376,15,16-05-2024,Shipped,4308
8039,2506,20,20-10-2024,Canceled,4441
8040,1559,3,15-08-2024,Delivered,2837
8041,3412,3,18-05-2024,Delivered,578
8042,597,19,28-07-2024,Delivered,811
8043,2433,5,25-07-2024,Delivered,370
8044,3801,6,29-01-2024,Delivered,2087
8045,3431,5,04-03-2024,Shipped,2479
8046,4355,2,16-03-2024,Shipped,3596
8047,1615,1,14-06-2024,Pending,4846
8048,94,5,05-11-2024,Canceled,919
8049,3368,16,09-10-2024,Pending,4237
8050,1930,6,05-08-2024,Pending,3760
8051,1207,12,23-07-2024,Canceled,3687
8052,4720,10,08-06-2024,Shipped,2131
8053,157,11,29-05-2024,Pending,2962
8054,3951,14,13-01-2024,Canceled,1397
8055,3940,7,16-07-2024,Canceled,2596
8056,4741,13,12-09-2024,Delivered,4411
8057,156,10,02-08-2024,Shipped,846
8058,225,20,08-03-2024,Canceled,4351
8059,4753,5,31-03-2024,Delivered,186
8060,3573,4,27-02-2024,Delivered,139
8061,749,4,02-04-2024,Delivered,47
8062,418,3,24-05-2024,Delivered,2034
8063,2066,15,09-02-2024,Pending,4698
8064,908,18,28-01-2024,Delivered,771
8065,404,14,05-04-2024,Delivered,2967
8066,1123,4,11-09-2024,Canceled,64
8067,3460,15,15-08-2024,Pending,2420
8068,847,2,07-05-2024,Pending,4928
8069,592,19,02-10-2024,Shipped,4126
8070,2218,17,05-03-2024,Canceled,100
8071,4603,14,08-03-2024,Pending,2461
8072,4959,3,05-05-2024,Delivered,3672
8073,4663,5,06-10-2024,Delivered,1123
8074,1167,7,12-04-2024,Pending,1801
8075,4930,16,11-08-2024,Shipped,2280
8076,3724,11,21-09-2024,Delivered,1902
8077,154,6,05-11-2024,Shipped,3101
8078,2773,11,21-04-2024,Delivered,215
8079,703,12,20-05-2024,Shipped,2106
8080,3472,15,23-06-2024,Pending,1577
8081,3176,4,08-01-2024,Pending,183
8082,3557,9,22-03-2024,Delivered,367
8083,314,10,01-02-2024,Canceled,580
8084,2212,5,01-07-2024,Shipped,2133
8085,3778,12,05-06-2024,Delivered,1508
8086,4347,8,30-07-2024,Canceled,4057
8087,392,2,12-09-2024,Shipped,651
8088,2125,15,09-02-2024,Shipped,429
8089,1286,17,22-01-2024,Delivered,4916
8090,721,7,03-02-2024,Canceled,4360
8091,1145,16,20-10-2024,Canceled,934
8092,477,14,10-09-2024,Pending,4221
8093,1309,15,24-03-2024,Delivered,2403
8094,737,16,02-03-2024,Pending,2404
8095,1848,19,18-04-2024,Shipped,1966
8096,1279,12,01-07-2024,Delivered,3158
8097,361,10,21-01-2024,Shipped,508
8098,4516,17,05-07-2024,Pending,1355
8099,1619,10,14-03-2024,Delivered,688
8100,4388,18,23-01-2024,Canceled,2208
8101,511,15,17-07-2024,Canceled,4539
8102,4847,3,08-02-2024,Delivered,668
8103,3264,7,23-04-2024,Delivered,1867
8104,2349,19,31-01-2024,Shipped,4470
8105,766,5,17-04-2024,Delivered,3268
8106,3771,6,11-03-2024,Canceled,2019
8107,1579,8,27-03-2024,Pending,4891
8108,4123,16,19-06-2024,Delivered,3010
8109,2338,7,19-05-2024,Delivered,3778
8110,1467,19,19-06-2024,Delivered,1288
8111,1011,9,17-04-2024,Canceled,1445
8112,2680,16,02-10-2024,Delivered,1249
8113,3197,5,13-05-2024,Shipped,4752
8114,560,1,21-09-2024,Delivered,4359
8115,2842,14,16-04-2024,Shipped,1118
8116,2906,13,21-10-2024,Pending,2820
8117,3007,16,25-05-2024,Shipped,3095
8118,2937,7,09-09-2024,Shipped,1499
8119,4664,7,17-02-2024,Canceled,4371
8120,4350,2,20-06-2024,Shipped,1783
8121,3938,1,22-10-2024,Canceled,722
8122,157,20,31-03-2024,Delivered,2632
8123,4049,16,21-10-2024,Pending,1611
8124,1447,18,06-09-2024,Canceled,3781
8125,1050,18,16-03-2024,Shipped,1322
8126,1851,20,02-01-2024,Pending,4287
8127,3276,20,27-01-2024,Pending,496
8128,3934,4,06-06-2024,Canceled,111
8129,2115,3,11-05-2024,Delivered,1595
8130,4533,11,28-09-2024,Canceled,3380
8131,166,5,11-04-2024,Pending,2340
8132,2923,13,16-07-2024,Delivered,4352
8133,837,6,25-06-2024,Pending,1483
8134,665,11,01-06-2024,Canceled,2828
8135,2770,11,23-05-2024,Canceled,2878
8136,4953,1,23-06-2024,Shipped,3473
8137,2814,5,25-07-2024,Shipped,3574
8138,1296,7,05-02-2024,Shipped,4936
8139,2727,15,24-05-2024,Canceled,1005
8140,3233,2,13-10-2024,Delivered,2540
8141,4008,12,06-08-2024,Pending,2224
8142,1289,14,29-01-2024,Shipped,3113
8143,2425,7,12-06-2024,Canceled,3266
8144,3733,19,31-05-2024,Shipped,2871
8145,3398,20,30-10-2024,Canceled,4072
8146,2475,14,17-05-2024,Shipped,1478
8147,3735,12,10-05-2024,Delivered,4892
8148,2884,14,03-09-2024,Shipped,2097
8149,66,11,18-09-2024,Pending,497
8150,4942,12,06-02-2024,Shipped,849
8151,927,13,03-11-2024,Pending,2015
8152,4931,7,19-06-2024,Delivered,1012
8153,1534,1,26-02-2024,Delivered,4075
8154,4640,1,31-10-2024,Delivered,469
8155,959,12,04-08-2024,Shipped,2108
8156,64,14,30-05-2024,Delivered,1996
8157,2191,5,07-04-2024,Canceled,4191
8158,3394,19,29-02-2024,Canceled,1461
8159,187,18,30-01-2024,Pending,4910
8160,2928,15,25-10-2024,Pending,4227
8161,4858,1,25-03-2024,Shipped,4682
8162,4756,11,17-06-2024,Canceled,408
8163,2588,16,21-01-2024,Pending,4714
8164,499,12,14-02-2024,Pending,172
8165,3505,18,05-07-2024,Shipped,784
8166,3101,2,06-02-2024,Pending,4699
8167,3635,5,28-04-2024,Pending,3024
8168,1806,7,06-07-2024,Canceled,2891
8169,2548,9,03-03-2024,Pending,451
8170,2595,2,08-03-2024,Canceled,677
8171,1887,11,19-09-2024,Canceled,890
8172,3544,11,18-02-2024,Shipped,3752
8173,3665,14,23-08-2024,Shipped,151
8174,809,6,04-11-2024,Pending,3879
8175,1173,18,25-09-2024,Delivered,159
8176,1257,12,06-11-2024,Canceled,1364
8177,2476,6,20-04-2024,Pending,316
8178,2294,5,08-05-2024,Canceled,792
8179,80,4,18-03-2024,Shipped,1137
8180,1206,11,08-02-2024,Shipped,4487
8181,1205,18,07-08-2024,Canceled,2395
8182,3152,5,06-06-2024,Canceled,3695
8183,1259,3,01-10-2024,Shipped,1661
8184,3185,6,08-11-2024,Canceled,1772
8185,3644,12,03-05-2024,Delivered,3581
8186,1566,8,01-02-2024,Pending,2366
8187,2096,14,29-05-2024,Canceled,721
8188,940,8,19-04-2024,Canceled,2433
8189,3724,14,03-11-2024,Canceled,1009
8190,4552,8,22-04-2024,Shipped,3319
8191,4376,8,08-02-2024,Pending,948
8192,1109,10,31-07-2024,Delivered,1756
8193,4971,4,14-09-2024,Pending,450
8194,1828,6,07-01-2024,Canceled,2747
8195,1122,2,30-10-2024,Canceled,1002
8196,1846,13,09-05-2024,Canceled,1498
8197,1950,16,14-04-2024,Delivered,640
8198,687,12,05-01-2024,Pending,1527
8199,2117,13,11-01-2024,Canceled,1597
8200,3612,15,20-07-2024,Canceled,3254
8201,771,17,06-05-2024,Pending,706
8202,1224,1,09-10-2024,Pending,2731
8203,2535,20,28-03-2024,Shipped,2524
8204,65,6,20-07-2024,Delivered,30
8205,1024,2,12-10-2024,Pending,2733
8206,1230,5,08-11-2024,Delivered,582
8207,4767,19,06-01-2024,Pending,4891
8208,1717,16,15-09-2024,Delivered,2661
8209,4525,4,14-09-2024,Pending,3320
8210,595,20,23-08-2024,Pending,2689
8211,1824,17,16-04-2024,Shipped,104
8212,1770,20,25-10-2024,Delivered,1221
8213,1636,8,02-03-2024,Canceled,852
8214,2795,9,08-01-2024,Shipped,4540
8215,573,20,30-10-2024,Pending,602
8216,3121,2,30-06-2024,Shipped,2726
8217,868,1,22-10-2024,Canceled,3551
8218,1913,14,27-08-2024,Shipped,578
8219,3585,5,03-06-2024,Pending,2076
8220,2757,9,26-09-2024,Pending,2372
8221,4363,17,11-02-2024,Canceled,1154
8222,919,16,27-09-2024,Canceled,4918
8223,347,5,26-08-2024,Shipped,3159
8224,4380,10,17-08-2024,Delivered,3840
8225,1570,3,15-01-2024,Shipped,380
8226,1382,10,01-09-2024,Shipped,2651
8227,3809,2,27-08-2024,Canceled,1867
8228,4401,17,28-06-2024,Canceled,2197
8229,2272,12,17-08-2024,Delivered,4986
8230,1246,1,29-07-2024,Pending,1957
8231,782,10,04-11-2024,Delivered,2671
8232,1533,19,17-08-2024,Delivered,3929
8233,2704,12,14-06-2024,Pending,4118
8234,4199,6,07-05-2024,Shipped,3528
8235,4706,16,13-10-2024,Pending,1837
8236,2875,6,11-08-2024,Delivered,389
8237,3471,15,27-09-2024,Delivered,1034
8238,2798,12,31-01-2024,Shipped,2979
8239,3055,8,28-03-2024,Canceled,4784
8240,1048,18,09-02-2024,Canceled,80
8241,3414,20,10-02-2024,Delivered,4054
8242,4845,9,03-08-2024,Shipped,1962
8243,4060,19,13-07-2024,Pending,4684
8244,4468,9,09-01-2024,Delivered,3676
8245,207,14,14-09-2024,Delivered,972
8246,3836,19,22-07-2024,Pending,1271
8247,484,8,27-06-2024,Delivered,3253
8248,4354,18,20-07-2024,Shipped,4758
8249,3187,13,14-10-2024,Canceled,3107
8250,3651,9,30-01-2024,Pending,3854
8251,3200,15,09-05-2024,Canceled,3225
8252,4775,19,22-06-2024,Delivered,1089
8253,3046,4,11-04-2024,Shipped,2946
8254,3513,6,26-09-2024,Pending,3064
8255,1762,17,15-08-2024,Delivered,2602
8256,2295,15,21-09-2024,Delivered,152
8257,3286,7,16-02-2024,Canceled,3740
8258,473,2,12-06-2024,Delivered,4262
8259,640,11,07-07-2024,Pending,3534
8260,4425,10,27-01-2024,Pending,3271
8261,2915,5,13-06-2024,Shipped,3214
8262,4080,12,04-05-2024,Shipped,1211
8263,945,7,17-06-2024,Pending,2037
8264,1610,12,02-07-2024,Delivered,1719
8265,3770,12,20-01-2024,Delivered,3096
8266,3544,3,19-09-2024,Pending,2323
8267,2679,3,11-08-2024,Pending,4229
8268,2767,18,23-07-2024,Pending,608
8269,442,14,16-06-2024,Delivered,2540
8270,4920,7,16-06-2024,Canceled,807
8271,354,5,10-07-2024,Canceled,3070
8272,2414,15,31-07-2024,Shipped,3854
8273,1400,14,26-07-2024,Shipped,2034
8274,790,1,08-05-2024,Shipped,2807
8275,2234,2,15-02-2024,Delivered,4846
8276,4564,11,11-10-2024,Pending,890
8277,503,19,14-06-2024,Shipped,4368
8278,2020,16,01-08-2024,Canceled,1388
8279,2931,6,10-03-2024,Pending,3409
8280,3683,10,09-01-2024,Delivered,3007
8281,4429,19,19-03-2024,Delivered,3596
8282,3625,19,04-08-2024,Shipped,4519
8283,1702,4,22-05-2024,Pending,1621
8284,854,15,26-02-2024,Pending,2210
8285,676,9,11-09-2024,Shipped,2413
8286,1038,18,19-07-2024,Shipped,3938
8287,3004,4,22-05-2024,Pending,4158
8288,407,4,30-06-2024,Pending,2934
8289,3986,14,25-08-2024,Delivered,4179
8290,2707,15,26-04-2024,Canceled,958
8291,1629,2,24-01-2024,Delivered,4809
8292,2933,3,26-01-2024,Delivered,1454
8293,4872,12,10-05-2024,Pending,245
8294,2755,12,22-04-2024,Pending,649
8295,3046,19,28-09-2024,Pending,570
8296,2782,4,02-02-2024,Canceled,3205
8297,2957,18,15-09-2024,Delivered,1223
8298,4893,12,22-05-2024,Pending,1688
8299,1092,5,08-01-2024,Canceled,1083
8300,3709,4,03-06-2024,Canceled,2928
8301,716,12,18-07-2024,Delivered,4478
8302,3064,12,31-10-2024,Shipped,4758
8303,3050,11,15-08-2024,Shipped,1347
8304,3867,3,04-08-2024,Pending,1833
8305,1203,9,12-05-2024,Shipped,302
8306,1801,18,04-02-2024,Canceled,1142
8307,4624,19,11-02-2024,Shipped,4991
8308,937,2,29-07-2024,Canceled,3268
8309,1957,12,02-08-2024,Delivered,1335
8310,2267,10,05-09-2024,Shipped,1621
8311,2487,2,05-02-2024,Delivered,964
8312,410,7,01-02-2024,Canceled,1893
8313,4103,5,27-05-2024,Delivered,390
8314,356,10,20-09-2024,Canceled,2149
8315,4454,19,31-10-2024,Pending,700
8316,709,10,25-10-2024,Delivered,4763
8317,1604,19,09-07-2024,Shipped,1626
8318,2623,2,26-07-2024,Canceled,1119
8319,4100,8,09-07-2024,Shipped,1055
8320,2138,16,18-03-2024,Canceled,3948
8321,3576,17,15-04-2024,Delivered,2103
8322,733,6,17-07-2024,Shipped,4080
8323,1682,16,22-01-2024,Shipped,3934
8324,1718,13,05-08-2024,Canceled,3473
8325,4450,14,27-10-2024,Canceled,1921
8326,1719,3,04-05-2024,Canceled,2455
8327,1570,7,15-02-2024,Pending,4974
8328,105,16,27-09-2024,Shipped,3525
8329,714,5,08-04-2024,Canceled,4027
8330,1089,9,26-08-2024,Shipped,4988
8331,1110,18,05-06-2024,Shipped,3199
8332,3972,6,08-06-2024,Canceled,3367
8333,1153,6,24-06-2024,Pending,1189
8334,1995,11,25-05-2024,Shipped,3002
8335,4892,19,26-06-2024,Pending,2091
8336,3703,9,12-09-2024,Canceled,3384
8337,4536,12,08-02-2024,Delivered,2305
8338,701,13,27-09-2024,Shipped,4063
8339,4620,14,27-05-2024,Pending,890
8340,3248,15,09-08-2024,Canceled,4200
8341,4209,13,02-05-2024,Pending,2354
8342,3957,16,22-04-2024,Canceled,138
8343,4676,10,10-01-2024,Delivered,990
8344,2378,11,24-02-2024,Shipped,4788
8345,754,18,15-03-2024,Canceled,1399
8346,844,11,06-02-2024,Canceled,4303
8347,1892,2,30-10-2024,Shipped,1725
8348,1621,6,18-03-2024,Shipped,1035
8349,2759,6,22-10-2024,Shipped,1877
8350,2941,10,11-10-2024,Canceled,2567
8351,379,11,21-04-2024,Shipped,933
8352,3443,17,12-03-2024,Shipped,2653
8353,1409,12,23-09-2024,Delivered,3045
8354,1458,15,29-05-2024,Pending,4190
8355,3718,6,05-08-2024,Canceled,4210
8356,1836,10,17-03-2024,Delivered,316
8357,4558,4,26-08-2024,Canceled,3785
8358,3394,10,11-09-2024,Pending,3676
8359,4784,15,29-10-2024,Delivered,266
8360,4566,5,17-09-2024,Canceled,2831
8361,2511,19,28-05-2024,Delivered,1507
8362,3101,16,16-08-2024,Delivered,2846
8363,4692,14,28-08-2024,Delivered,4088
8364,1414,2,13-05-2024,Canceled,854
8365,1500,14,28-06-2024,Pending,1036
8366,3818,10,06-02-2024,Shipped,3387
8367,3061,6,26-03-2024,Pending,3340
8368,2269,13,03-09-2024,Canceled,3172
8369,3548,17,03-09-2024,Pending,3976
8370,1364,16,25-08-2024,Shipped,1518
8371,2973,19,17-05-2024,Canceled,330
8372,3641,19,29-06-2024,Delivered,4316
8373,3199,6,09-01-2024,Shipped,1782
8374,4544,3,18-01-2024,Shipped,3635
8375,2350,16,11-02-2024,Canceled,2574
8376,2870,17,13-06-2024,Shipped,4642
8377,711,5,31-07-2024,Pending,492
8378,1744,10,23-04-2024,Shipped,1276
8379,4155,6,15-05-2024,Delivered,1221
8380,1328,9,26-01-2024,Delivered,4054
8381,3706,16,30-08-2024,Delivered,814
8382,3950,2,26-02-2024,Pending,4675
8383,3714,15,06-03-2024,Pending,3424
8384,2891,17,11-10-2024,Delivered,521
8385,4901,15,15-04-2024,Canceled,4420
8386,4446,18,01-09-2024,Canceled,3458
8387,4410,12,25-01-2024,Pending,82
8388,2787,14,08-03-2024,Canceled,4331
8389,2401,14,26-03-2024,Delivered,4716
8390,4268,18,20-07-2024,Pending,4516
8391,4259,2,22-10-2024,Canceled,1296
8392,662,12,21-06-2024,Pending,1544
8393,3245,15,27-07-2024,Delivered,3289
8394,1996,20,26-08-2024,Shipped,509
8395,2553,17,19-09-2024,Canceled,105
8396,4452,10,14-03-2024,Shipped,4805
8397,2172,5,18-01-2024,Shipped,1904
8398,186,2,19-03-2024,Delivered,4790
8399,3888,15,27-07-2024,Delivered,2944
8400,4891,20,14-02-2024,Shipped,2952
8401,2922,15,24-04-2024,Canceled,604
8402,4600,16,10-10-2024,Canceled,815
8403,2276,18,29-06-2024,Shipped,956
8404,3109,18,01-06-2024,Pending,2516
8405,4061,9,20-01-2024,Delivered,887
8406,47,20,16-04-2024,Delivered,3080
8407,1242,20,02-01-2024,Delivered,4807
8408,3638,2,10-08-2024,Canceled,55
8409,4008,9,02-06-2024,Shipped,1401
8410,1167,5,28-09-2024,Shipped,2683
8411,3087,17,12-03-2024,Shipped,1170
8412,1640,4,13-10-2024,Shipped,2542
8413,829,1,13-06-2024,Shipped,433
8414,203,10,26-02-2024,Pending,2196
8415,1513,3,06-08-2024,Pending,3630
8416,548,2,03-03-2024,Shipped,3835
8417,607,2,28-02-2024,Pending,3104
8418,4763,1,15-05-2024,Canceled,1998
8419,630,2,30-10-2024,Shipped,352
8420,4835,5,08-08-2024,Delivered,1950
8421,658,20,31-10-2024,Shipped,1177
8422,1859,3,03-10-2024,Delivered,2665
8423,2858,1,18-05-2024,Shipped,2597
8424,3972,10,19-03-2024,Shipped,1403
8425,3884,19,20-06-2024,Delivered,1381
8426,393,17,14-06-2024,Delivered,3435
8427,4119,17,06-03-2024,Shipped,2444
8428,1915,1,16-02-2024,Canceled,4861
8429,1218,17,03-01-2024,Delivered,3111
8430,4871,13,08-10-2024,Shipped,1883
8431,489,6,07-08-2024,Delivered,1334
8432,2067,8,01-08-2024,Pending,1163
8433,636,2,19-05-2024,Pending,3672
8434,953,2,18-03-2024,Delivered,2864
8435,3819,7,11-03-2024,Shipped,4663
8436,3134,12,04-10-2024,Pending,1874
8437,4285,19,21-06-2024,Delivered,1313
8438,815,20,20-02-2024,Canceled,495
8439,1857,19,19-06-2024,Delivered,2720
8440,3913,3,07-11-2024,Delivered,2959
8441,1514,3,22-02-2024,Shipped,2458
8442,1504,11,05-11-2024,Shipped,4959
8443,2349,16,16-01-2024,Pending,1097
8444,1042,20,16-06-2024,Shipped,4723
8445,3593,10,03-06-2024,Delivered,4087
8446,4942,4,28-06-2024,Delivered,4869
8447,877,12,23-05-2024,Delivered,1188
8448,3405,6,16-04-2024,Delivered,1576
8449,2294,4,13-08-2024,Pending,2654
8450,1796,14,08-09-2024,Pending,2264
8451,2908,4,06-01-2024,Delivered,1696
8452,4314,17,21-05-2024,Shipped,1619
8453,723,4,12-08-2024,Delivered,1379
8454,1540,10,12-07-2024,Shipped,2106
8455,3566,10,24-03-2024,Shipped,3997
8456,3707,10,07-01-2024,Shipped,4083
8457,1316,9,03-04-2024,Delivered,711
8458,3959,5,26-06-2024,Delivered,3923
8459,2897,3,05-05-2024,Canceled,708
8460,34,9,15-09-2024,Pending,4469
8461,1360,9,03-04-2024,Canceled,3495
8462,4579,13,02-07-2024,Shipped,3744
8463,2019,11,28-10-2024,Canceled,3588
8464,3083,2,09-04-2024,Pending,4974
8465,1024,3,25-05-2024,Delivered,14
8466,4691,3,02-11-2024,Delivered,4014
8467,4461,15,24-09-2024,Pending,191
8468,4510,13,24-01-2024,Canceled,4265
8469,4922,18,15-07-2024,Delivered,2785
8470,1055,15,25-10-2024,Shipped,3330
8471,2031,18,30-09-2024,Canceled,179
8472,3285,10,19-07-2024,Shipped,1304
8473,837,2,20-03-2024,Canceled,4548
8474,2618,9,02-01-2024,Delivered,807
8475,870,9,05-10-2024,Delivered,1430
8476,3924,12,04-06-2024,Shipped,2428
8477,3889,11,05-08-2024,Delivered,1722
8478,813,4,23-02-2024,Pending,1777
8479,688,1,06-08-2024,Shipped,627
8480,4248,5,11-04-2024,Pending,1467
8481,849,12,19-07-2024,Pending,4746
8482,35,18,17-02-2024,Shipped,756
8483,2090,4,20-06-2024,Delivered,1799
8484,3974,19,21-01-2024,Delivered,2770
8485,1410,5,18-04-2024,Canceled,1525
8486,3644,6,12-08-2024,Shipped,3963
8487,4759,5,24-09-2024,Pending,4536
8488,1069,15,12-06-2024,Canceled,4032
8489,1428,1,08-07-2024,Delivered,211
8490,41,4,27-02-2024,Delivered,1984
8491,550,6,14-08-2024,Shipped,3107
8492,635,13,25-04-2024,Pending,2487
8493,1665,16,22-02-2024,Canceled,4836
8494,2888,5,22-06-2024,Shipped,4956
8495,4555,16,06-10-2024,Canceled,854
8496,3781,1,28-08-2024,Shipped,3521
8497,1405,20,24-10-2024,Pending,2010
8498,3741,5,02-02-2024,Canceled,4202
8499,1689,16,14-08-2024,Pending,368
8500,1065,17,28-01-2024,Canceled,3719
8501,1816,1,15-06-2024,Shipped,2066
8502,1852,14,23-03-2024,Delivered,1813
8503,1550,9,24-06-2024,Canceled,2679
8504,46,19,26-09-2024,Pending,2038
8505,2750,15,27-08-2024,Canceled,2340
8506,4599,19,22-07-2024,Delivered,3400
8507,3930,3,30-10-2024,Shipped,373
8508,4690,14,12-01-2024,Shipped,4083
8509,922,1,14-01-2024,Pending,119
8510,543,20,14-04-2024,Pending,544
8511,2609,20,20-10-2024,Shipped,885
8512,389,16,22-06-2024,Pending,329
8513,694,7,26-02-2024,Delivered,4506
8514,4820,5,01-01-2024,Canceled,4388
8515,3487,19,05-03-2024,Shipped,1808
8516,623,11,26-09-2024,Delivered,3016
8517,854,12,10-10-2024,Canceled,827
8518,3816,19,25-07-2024,Pending,1056
8519,2415,5,27-07-2024,Delivered,1513
8520,2726,18,04-08-2024,Pending,949
8521,3802,13,02-10-2024,Delivered,951
8522,1588,13,06-03-2024,Pending,2200
8523,1478,14,23-03-2024,Delivered,3706
8524,743,11,12-08-2024,Delivered,2768
8525,1036,5,20-06-2024,Pending,4789
8526,2173,9,06-08-2024,Shipped,458
8527,7,1,05-11-2024,Pending,1560
8528,1116,4,08-07-2024,Pending,4961
8529,368,9,02-01-2024,Delivered,856
8530,4700,19,24-10-2024,Shipped,4283
8531,1815,20,06-08-2024,Shipped,2125
8532,2823,20,20-06-2024,Shipped,936
8533,284,4,03-07-2024,Canceled,608
8534,3084,1,16-01-2024,Pending,2607
8535,4122,10,27-01-2024,Delivered,2025
8536,3691,2,02-05-2024,Pending,4704
8537,4097,8,16-09-2024,Pending,2586
8538,677,13,06-03-2024,Delivered,4643
8539,4129,6,16-10-2024,Canceled,3906
8540,4183,14,26-04-2024,Shipped,1863
8541,777,9,23-09-2024,Shipped,2500
8542,3232,10,08-03-2024,Pending,2438
8543,2514,6,13-04-2024,Pending,3126
8544,4393,18,20-04-2024,Canceled,1926
8545,624,8,06-04-2024,Delivered,3965
8546,1141,17,03-02-2024,Shipped,4534
8547,3435,13,18-01-2024,Shipped,1439
8548,1393,6,19-02-2024,Canceled,3456
8549,140,8,29-08-2024,Pending,1571
8550,221,15,10-08-2024,Canceled,1099
8551,4637,4,25-03-2024,Shipped,1191
8552,3057,6,25-02-2024,Pending,1002
8553,2551,2,06-02-2024,Pending,2866
8554,2109,7,09-01-2024,Canceled,4379
8555,3213,9,24-03-2024,Pending,2769
8556,2634,11,05-06-2024,Canceled,760
8557,4006,6,02-07-2024,Canceled,997
8558,1689,13,10-09-2024,Canceled,213
8559,3010,4,12-04-2024,Canceled,1064
8560,323,9,14-01-2024,Pending,675
8561,4189,12,14-01-2024,Shipped,4551
8562,4654,20,16-08-2024,Delivered,977
8563,2971,8,12-03-2024,Pending,2932
8564,2672,18,10-10-2024,Delivered,2515
8565,177,3,12-05-2024,Delivered,2150
8566,1571,14,28-10-2024,Canceled,3389
8567,1036,16,15-09-2024,Canceled,2425
8568,852,5,11-10-2024,Canceled,1144
8569,3293,4,12-04-2024,Shipped,3529
8570,3583,2,27-02-2024,Pending,4047
8571,1392,12,11-07-2024,Delivered,4832
8572,104,18,10-01-2024,Canceled,4872
8573,1456,19,04-11-2024,Shipped,735
8574,4185,12,16-08-2024,Pending,3890
8575,2736,4,18-07-2024,Canceled,2794
8576,4419,16,24-03-2024,Shipped,2599
8577,1669,11,11-02-2024,Delivered,1603
8578,1672,1,25-09-2024,Canceled,261
8579,2310,1,18-07-2024,Shipped,3491
8580,3200,17,17-02-2024,Canceled,144
8581,838,7,30-07-2024,Delivered,3645
8582,2599,5,24-01-2024,Delivered,2355
8583,2310,4,02-04-2024,Pending,1160
8584,2267,1,28-10-2024,Canceled,2044
8585,3034,18,18-04-2024,Pending,1571
8586,740,20,14-03-2024,Pending,51
8587,2045,20,12-01-2024,Pending,2926
8588,314,15,26-06-2024,Delivered,1710
8589,4365,11,10-02-2024,Shipped,4301
8590,3721,8,27-04-2024,Delivered,150
8591,642,9,29-07-2024,Shipped,1691
8592,1488,4,30-10-2024,Delivered,3382
8593,2292,15,01-08-2024,Shipped,2314
8594,1194,15,06-09-2024,Canceled,3892
8595,4086,19,25-03-2024,Pending,4649
8596,353,1,17-01-2024,Delivered,569
8597,4984,11,08-05-2024,Delivered,1135
8598,2190,5,17-10-2024,Delivered,4798
8599,1844,11,29-04-2024,Pending,3398
8600,2411,8,14-05-2024,Pending,2274
8601,820,5,10-01-2024,Shipped,3916
8602,4934,9,02-11-2024,Delivered,3903
8603,826,20,03-11-2024,Shipped,2452
8604,3936,1,01-08-2024,Delivered,3078
8605,3413,7,21-02-2024,Delivered,4975
8606,1575,19,10-07-2024,Pending,1237
8607,238,4,04-09-2024,Delivered,4062
8608,2997,14,19-05-2024,Canceled,3620
8609,3253,2,23-09-2024,Shipped,578
8610,1711,5,20-08-2024,Pending,2966
8611,2257,3,30-07-2024,Canceled,4094
8612,4863,9,02-10-2024,Shipped,2521
8613,4230,8,03-06-2024,Canceled,4494
8614,3766,17,20-07-2024,Pending,844
8615,1103,20,23-05-2024,Shipped,2560
8616,1132,11,03-08-2024,Pending,1409
8617,4491,11,07-02-2024,Delivered,2883
8618,4516,17,19-08-2024,Shipped,4142
8619,2297,11,10-07-2024,Delivered,4710
8620,2978,14,18-04-2024,Pending,2825
8621,2526,13,15-07-2024,Shipped,2971
8622,2341,14,02-08-2024,Canceled,225
8623,3084,12,21-09-2024,Delivered,3860
8624,3534,17,29-09-2024,Delivered,4861
8625,1181,5,02-11-2024,Delivered,4952
8626,4074,19,26-04-2024,Delivered,1449
8627,4674,4,10-06-2024,Canceled,2386
8628,4167,8,11-09-2024,Shipped,3784
8629,916,19,19-06-2024,Delivered,2911
8630,720,10,10-04-2024,Shipped,4313
8631,854,20,31-07-2024,Canceled,2583
8632,407,5,01-03-2024,Delivered,43
8633,1134,8,07-03-2024,Pending,2558
8634,3099,12,14-03-2024,Shipped,1926
8635,2802,18,07-03-2024,Shipped,3461
8636,4176,7,03-11-2024,Shipped,2182
8637,2328,9,27-07-2024,Delivered,1602
8638,1982,13,03-06-2024,Shipped,1970
8639,657,2,08-04-2024,Canceled,76
8640,1228,9,05-03-2024,Delivered,3357
8641,4318,19,09-05-2024,Shipped,2352
8642,2445,15,04-01-2024,Canceled,2414
8643,4999,18,27-04-2024,Shipped,969
8644,2182,7,07-06-2024,Shipped,2534
8645,2234,16,18-04-2024,Shipped,1249
8646,1966,18,28-06-2024,Delivered,163
8647,138,9,06-02-2024,Pending,948
8648,1882,17,27-09-2024,Pending,1224
8649,1580,12,13-10-2024,Pending,4150
8650,2643,1,29-09-2024,Canceled,834
8651,3527,18,30-10-2024,Canceled,1030
8652,877,16,07-07-2024,Delivered,2952
8653,3268,20,23-04-2024,Pending,3941
8654,2355,16,23-02-2024,Shipped,2251
8655,501,16,30-05-2024,Pending,1974
8656,4627,3,20-05-2024,Canceled,4837
8657,941,5,30-07-2024,Pending,49
8658,4284,1,30-07-2024,Delivered,1943
8659,1142,3,07-11-2024,Delivered,1143
8660,1141,19,25-04-2024,Pending,2811
8661,1517,2,21-01-2024,Shipped,1531
8662,1498,17,07-06-2024,Shipped,46
8663,4545,2,18-06-2024,Delivered,47
8664,1379,18,04-11-2024,Shipped,3694
8665,1824,20,02-02-2024,Delivered,3147
8666,1488,13,28-02-2024,Shipped,2777
8667,3818,8,14-04-2024,Shipped,3763
8668,816,2,13-05-2024,Delivered,4802
8669,3264,3,10-01-2024,Delivered,1716
8670,1980,5,02-02-2024,Delivered,4950
8671,4473,13,28-01-2024,Canceled,2498
8672,2823,4,17-06-2024,Canceled,1400
8673,3164,6,16-09-2024,Pending,2547
8674,821,6,15-01-2024,Delivered,2508
8675,2459,15,09-02-2024,Canceled,2132
8676,3958,11,01-03-2024,Canceled,2820
8677,344,11,06-11-2024,Canceled,4651
8678,667,8,04-09-2024,Shipped,1455
8679,3853,2,15-04-2024,Shipped,2595
8680,822,10,30-09-2024,Canceled,2633
8681,4746,2,14-02-2024,Shipped,4548
8682,3375,2,03-08-2024,Canceled,2425
8683,4460,18,10-02-2024,Shipped,326
8684,1255,17,09-02-2024,Canceled,3912
8685,4245,8,25-09-2024,Canceled,3381
8686,700,15,08-06-2024,Canceled,2503
8687,2619,9,21-01-2024,Pending,2658
8688,2684,8,26-06-2024,Delivered,4984
8689,3594,15,03-06-2024,Canceled,4450
8690,333,2,10-03-2024,Pending,4606
8691,4952,13,14-10-2024,Canceled,3890
8692,2191,13,09-02-2024,Pending,596
8693,1325,5,09-01-2024,Delivered,3001
8694,4258,14,14-08-2024,Delivered,4238
8695,370,10,04-06-2024,Shipped,4140
8696,1281,4,25-08-2024,Pending,4071
8697,3555,16,09-09-2024,Delivered,3872
8698,1776,1,06-10-2024,Pending,4569
8699,2186,3,04-03-2024,Canceled,779
8700,296,7,07-06-2024,Shipped,632
8701,1919,14,11-10-2024,Delivered,4764
8702,1068,5,11-03-2024,Pending,388
8703,7,8,05-02-2024,Shipped,4402
8704,3271,14,26-05-2024,Shipped,2345
8705,4097,17,05-08-2024,Pending,960
8706,4995,2,15-04-2024,Shipped,2044
8707,1452,13,01-07-2024,Pending,1590
8708,4236,8,11-03-2024,Delivered,2132
8709,541,1,10-10-2024,Shipped,2268
8710,1481,14,08-01-2024,Delivered,2288
8711,4916,14,01-03-2024,Delivered,2884
8712,2331,16,19-01-2024,Shipped,3559
8713,4117,15,27-05-2024,Pending,1244
8714,3672,19,16-03-2024,Shipped,2557
8715,2027,10,27-01-2024,Canceled,4425
8716,504,18,31-10-2024,Canceled,3040
8717,3711,3,01-05-2024,Delivered,917
8718,49,14,27-01-2024,Pending,3509
8719,4519,17,08-11-2024,Shipped,3639
8720,3068,10,14-01-2024,Shipped,1118
8721,2142,20,17-08-2024,Canceled,1749
8722,512,13,20-02-2024,Pending,4032
8723,161,4,19-04-2024,Delivered,4175
8724,2744,14,09-04-2024,Shipped,18
8725,3729,5,24-03-2024,Shipped,2655
8726,1305,12,11-03-2024,Shipped,1290
8727,4214,4,15-08-2024,Canceled,2846
8728,827,9,18-05-2024,Canceled,204
8729,4505,16,17-10-2024,Delivered,4246
8730,1697,10,25-04-2024,Delivered,500
8731,1267,4,02-01-2024,Pending,2554
8732,2705,4,15-09-2024,Pending,1371
8733,4358,10,13-05-2024,Shipped,433
8734,3638,9,05-11-2024,Pending,14
8735,704,5,18-06-2024,Delivered,4993
8736,2138,18,25-07-2024,Canceled,806
8737,2304,1,29-09-2024,Pending,4150
8738,1023,14,31-05-2024,Canceled,2258
8739,2588,2,20-04-2024,Delivered,4726
8740,4493,15,27-02-2024,Shipped,2422
8741,3332,16,10-08-2024,Pending,2910
8742,3895,15,01-06-2024,Canceled,1405
8743,2392,14,16-10-2024,Canceled,2188
8744,2218,6,17-02-2024,Delivered,1478
8745,2035,17,01-10-2024,Pending,4667
8746,4970,5,09-07-2024,Pending,277
8747,4679,14,08-03-2024,Canceled,1475
8748,1978,10,24-10-2024,Canceled,551
8749,3873,17,17-04-2024,Delivered,1223
8750,1877,13,03-11-2024,Shipped,1048
8751,743,1,21-10-2024,Shipped,2451
8752,122,11,26-06-2024,Pending,1505
8753,373,18,30-10-2024,Pending,1090
8754,3350,17,23-02-2024,Shipped,4845
8755,3076,6,08-11-2024,Shipped,894
8756,1586,11,10-07-2024,Shipped,4950
8757,1687,6,19-09-2024,Delivered,288
8758,2821,16,22-03-2024,Shipped,4674
8759,4905,14,27-01-2024,Delivered,1465
8760,777,11,22-07-2024,Canceled,3216
8761,3384,10,03-08-2024,Shipped,389
8762,55,5,09-08-2024,Delivered,2773
8763,2032,4,09-07-2024,Canceled,999
8764,1582,13,15-01-2024,Canceled,4167
8765,940,1,17-06-2024,Shipped,1426
8766,3311,5,19-01-2024,Canceled,3089
8767,1362,13,29-04-2024,Pending,3603
8768,925,10,13-04-2024,Shipped,3755
8769,1599,16,31-05-2024,Pending,3837
8770,2358,6,25-02-2024,Canceled,3554
8771,9,2,07-01-2024,Canceled,3023
8772,1242,4,22-03-2024,Shipped,1364
8773,4275,20,21-06-2024,Shipped,2717
8774,4814,12,19-04-2024,Pending,2777
8775,2254,16,21-04-2024,Delivered,1163
8776,1056,15,11-10-2024,Canceled,3657
8777,4528,2,17-05-2024,Shipped,537
8778,1423,9,03-07-2024,Pending,4910
8779,4425,9,29-01-2024,Canceled,3913
8780,4097,17,11-08-2024,Shipped,2625
8781,3254,8,30-08-2024,Pending,986
8782,1876,14,30-01-2024,Canceled,4079
8783,1965,5,16-09-2024,Delivered,4274
8784,2970,4,18-06-2024,Delivered,3586
8785,4482,17,20-09-2024,Canceled,2592
8786,4294,20,04-07-2024,Delivered,176
8787,3731,16,18-03-2024,Pending,1010
8788,1745,17,19-04-2024,Canceled,678
8789,4197,13,28-09-2024,Canceled,1741
8790,4762,15,27-02-2024,Shipped,93
8791,365,8,31-08-2024,Delivered,1687
8792,3694,13,29-01-2024,Pending,2235
8793,2044,5,08-04-2024,Pending,4080
8794,4742,1,26-02-2024,Delivered,2285
8795,2357,14,05-02-2024,Canceled,486
8796,4486,16,08-02-2024,Canceled,4136
8797,4350,7,18-04-2024,Delivered,4184
8798,307,1,10-01-2024,Shipped,3646
8799,3784,10,29-06-2024,Pending,3950
8800,2555,1,11-09-2024,Delivered,632
8801,3709,19,04-08-2024,Pending,640
8802,1191,8,27-10-2024,Pending,4064
8803,983,10,31-01-2024,Canceled,1401
8804,221,12,30-03-2024,Shipped,2208
8805,227,17,18-06-2024,Pending,1969
8806,38,5,14-09-2024,Pending,408
8807,4659,5,27-05-2024,Canceled,525
8808,3822,12,01-05-2024,Delivered,2618
8809,2313,4,20-08-2024,Pending,895
8810,4973,20,21-02-2024,Canceled,4351
8811,822,20,18-08-2024,Pending,1743
8812,603,10,04-01-2024,Canceled,2530
8813,3891,4,11-07-2024,Delivered,4733
8814,690,15,23-01-2024,Pending,2566
8815,1578,16,15-03-2024,Shipped,1889
8816,307,9,20-07-2024,Delivered,4080
8817,1830,2,27-03-2024,Delivered,4225
8818,1580,14,06-08-2024,Delivered,544
8819,3531,14,23-04-2024,Delivered,3376
8820,3134,20,08-03-2024,Pending,386
8821,1267,19,28-06-2024,Delivered,537
8822,1810,16,14-02-2024,Shipped,3551
8823,409,2,16-10-2024,Delivered,3056
8824,1796,16,26-03-2024,Shipped,4684
8825,4885,6,09-10-2024,Canceled,411
8826,247,11,12-04-2024,Delivered,4336
8827,3634,19,25-02-2024,Shipped,4961
8828,626,9,25-04-2024,Delivered,2692
8829,1497,12,09-07-2024,Delivered,3893
8830,2257,14,23-01-2024,Shipped,1573
8831,223,8,10-06-2024,Delivered,621
8832,988,19,16-09-2024,Shipped,1771
8833,1684,15,25-04-2024,Delivered,2830
8834,407,19,15-09-2024,Delivered,2216
8835,1788,20,16-09-2024,Shipped,3111
8836,1877,8,08-08-2024,Delivered,4815
8837,215,13,21-02-2024,Pending,2276
8838,325,9,19-02-2024,Canceled,4367
8839,4425,10,19-02-2024,Canceled,2664
8840,3469,19,02-05-2024,Canceled,4768
8841,3889,3,26-09-2024,Delivered,782
8842,3082,18,21-06-2024,Pending,3128
8843,1583,19,06-11-2024,Shipped,3412
8844,3681,6,22-10-2024,Shipped,550
8845,2338,10,07-02-2024,Delivered,1772
8846,723,8,12-06-2024,Pending,3580
8847,4374,6,08-10-2024,Pending,4165
8848,957,13,22-04-2024,Pending,2037
8849,730,5,20-01-2024,Canceled,4709
8850,4939,6,04-11-2024,Delivered,4444
8851,4729,7,11-01-2024,Pending,4135
8852,807,1,18-04-2024,Shipped,1776
8853,3575,7,13-07-2024,Canceled,4661
8854,1636,14,01-10-2024,Canceled,1002
8855,1780,13,09-08-2024,Shipped,4302
8856,2938,11,19-05-2024,Canceled,1144
8857,4960,19,04-03-2024,Pending,1679
8858,960,4,12-04-2024,Pending,3978
8859,3653,4,15-02-2024,Delivered,1502
8860,1520,9,13-04-2024,Canceled,466
8861,3497,13,27-03-2024,Canceled,266
8862,3524,14,04-09-2024,Pending,4417
8863,2033,6,19-04-2024,Pending,4623
8864,1701,15,01-11-2024,Pending,3264
8865,4628,16,30-09-2024,Shipped,2821
8866,3776,4,04-10-2024,Shipped,4068
8867,2091,19,26-09-2024,Pending,3648
8868,3637,20,21-05-2024,Pending,679
8869,3065,16,15-06-2024,Canceled,905
8870,3531,3,29-04-2024,Delivered,3085
8871,104,15,07-06-2024,Pending,2301
8872,1573,1,02-06-2024,Shipped,1634
8873,1001,10,25-03-2024,Shipped,4099
8874,2327,9,22-08-2024,Shipped,1832
8875,2385,6,05-07-2024,Pending,85
8876,4687,6,31-01-2024,Pending,742
8877,3027,8,13-07-2024,Delivered,1362
8878,2730,18,17-01-2024,Pending,4715
8879,2849,19,04-02-2024,Shipped,4601
8880,4590,6,24-02-2024,Pending,2277
8881,3852,8,11-10-2024,Canceled,4752
8882,4564,12,18-01-2024,Pending,4150
8883,4626,2,29-05-2024,Shipped,891
8884,541,7,21-03-2024,Delivered,2757
8885,956,20,03-04-2024,Canceled,1859
8886,4824,11,17-05-2024,Shipped,2849
8887,1124,8,10-07-2024,Delivered,869
8888,43,16,18-05-2024,Pending,4658
8889,990,1,04-09-2024,Shipped,4925
8890,4974,3,12-08-2024,Delivered,418
8891,620,17,25-08-2024,Pending,518
8892,3077,15,03-10-2024,Pending,1147
8893,3289,7,04-07-2024,Pending,3257
8894,3285,12,28-08-2024,Delivered,3336
8895,4788,7,16-04-2024,Canceled,3080
8896,4995,20,20-08-2024,Canceled,663
8897,1198,18,30-06-2024,Shipped,142
8898,255,7,02-05-2024,Shipped,3242
8899,81,3,06-06-2024,Canceled,2281
8900,2890,20,27-06-2024,Delivered,2807
8901,4942,1,18-05-2024,Shipped,176
8902,3729,12,11-06-2024,Shipped,3650
8903,3855,4,18-04-2024,Delivered,1545
8904,975,20,27-05-2024,Delivered,2472
8905,523,4,13-09-2024,Delivered,4884
8906,535,14,12-06-2024,Shipped,2284
8907,1651,12,11-07-2024,Shipped,353
8908,1626,11,26-05-2024,Shipped,342
8909,606,4,03-06-2024,Pending,4923
8910,243,20,20-06-2024,Pending,3671
8911,1924,5,08-11-2024,Shipped,525
8912,4173,9,09-04-2024,Shipped,1198
8913,3955,5,11-08-2024,Pending,3895
8914,1457,5,04-10-2024,Pending,4745
8915,3938,20,06-02-2024,Shipped,1965
8916,3715,16,26-03-2024,Delivered,2534
8917,621,15,27-04-2024,Pending,3257
8918,4680,14,29-09-2024,Delivered,4939
8919,4868,2,17-07-2024,Shipped,567
8920,4773,15,10-02-2024,Shipped,2665
8921,30,19,01-06-2024,Delivered,2224
8922,2925,6,14-08-2024,Canceled,1590
8923,2734,4,23-10-2024,Delivered,3653
8924,2628,19,31-10-2024,Canceled,2130
8925,1996,19,09-10-2024,Pending,4468
8926,2463,7,18-04-2024,Delivered,2844
8927,3082,8,05-01-2024,Shipped,4306
8928,3804,6,23-03-2024,Pending,4160
8929,4841,15,05-03-2024,Shipped,4948
8930,2398,9,27-04-2024,Delivered,3102
8931,331,9,29-10-2024,Delivered,4529
8932,868,16,25-02-2024,Delivered,3925
8933,2669,9,03-03-2024,Pending,291
8934,1024,12,12-02-2024,Delivered,3952
8935,328,5,13-06-2024,Pending,3789
8936,3004,20,29-09-2024,Shipped,1320
8937,794,18,09-04-2024,Shipped,4556
8938,2458,2,15-10-2024,Delivered,1065
8939,958,8,17-05-2024,Delivered,4437
8940,566,16,18-03-2024,Canceled,485
8941,4570,5,29-09-2024,Canceled,1838
8942,1362,11,22-02-2024,Canceled,4015
8943,2650,10,20-09-2024,Canceled,207
8944,3402,12,20-04-2024,Pending,3974
8945,1056,19,07-10-2024,Pending,3658
8946,1441,4,21-04-2024,Delivered,311
8947,2743,7,25-09-2024,Delivered,1582
8948,32,17,03-09-2024,Shipped,299
8949,1846,12,21-02-2024,Pending,1694
8950,782,2,16-02-2024,Canceled,2729
8951,817,2,28-04-2024,Shipped,3935
8952,343,19,03-06-2024,Delivered,2419
8953,3510,9,06-02-2024,Shipped,2833
8954,34,1,06-01-2024,Pending,4609
8955,3815,19,07-01-2024,Pending,3990
8956,1952,2,20-04-2024,Delivered,1006
8957,4629,11,10-08-2024,Canceled,3607
8958,4157,11,18-07-2024,Canceled,1820
8959,3572,15,15-03-2024,Delivered,2726
8960,3544,3,02-05-2024,Pending,2916
8961,3565,15,29-08-2024,Delivered,2733
8962,3927,6,17-01-2024,Shipped,1300
8963,1261,14,21-01-2024,Shipped,2268
8964,4629,16,09-05-2024,Canceled,4530
8965,3540,4,14-07-2024,Delivered,3928
8966,1860,5,08-02-2024,Delivered,3835
8967,4466,19,23-10-2024,Canceled,3802
8968,4217,12,28-08-2024,Canceled,3241
8969,1534,5,05-08-2024,Shipped,1021
8970,1934,7,15-03-2024,Canceled,4011
8971,1659,2,13-06-2024,Delivered,2280
8972,4741,19,22-05-2024,Shipped,1930
8973,1581,3,30-01-2024,Pending,518
8974,1872,12,23-10-2024,Shipped,3333
8975,4584,2,23-04-2024,Canceled,792
8976,2510,2,04-06-2024,Pending,1569
8977,1009,15,13-08-2024,Pending,3385
8978,523,9,23-01-2024,Pending,4200
8979,1394,1,05-05-2024,Shipped,1140
8980,2239,6,19-08-2024,Canceled,4417
8981,851,7,15-09-2024,Canceled,3212
8982,2948,2,03-02-2024,Shipped,2477
8983,942,20,27-07-2024,Shipped,3707
8984,4910,8,29-03-2024,Canceled,3028
8985,4021,4,05-07-2024,Shipped,3295
8986,4600,9,09-06-2024,Pending,1183
8987,4264,11,17-05-2024,Pending,4735
8988,2800,12,20-03-2024,Pending,2773
8989,986,14,28-08-2024,Shipped,1689
8990,2638,3,26-06-2024,Pending,223
8991,2565,18,11-08-2024,Delivered,3589
8992,2547,6,18-10-2024,Delivered,1569
8993,1795,15,13-01-2024,Shipped,3790
8994,4169,15,15-01-2024,Pending,4511
8995,4197,11,04-05-2024,Canceled,906
8996,74,9,27-06-2024,Delivered,980
8997,544,20,28-07-2024,Delivered,3082
8998,2689,11,25-03-2024,Canceled,1402
8999,4600,10,24-10-2024,Pending,3886
9000,3339,5,09-04-2024,Pending,3850
9001,692,2,05-02-2024,Canceled,4431
9002,156,15,07-01-2024,Shipped,1187
9003,898,1,29-07-2024,Canceled,509
9004,2034,20,20-01-2024,Canceled,537
9005,4308,17,12-07-2024,Delivered,2203
9006,367,12,19-05-2024,Delivered,4800
9007,1364,8,14-01-2024,Shipped,2454
9008,2403,17,17-08-2024,Pending,1241
9009,994,3,08-05-2024,Canceled,1648
9010,4863,12,23-01-2024,Delivered,278
9011,4010,17,12-09-2024,Shipped,2295
9012,3805,1,23-03-2024,Pending,2781
9013,3787,4,05-05-2024,Delivered,1670
9014,914,17,15-04-2024,Pending,3033
9015,1878,14,24-05-2024,Pending,4243
9016,2019,1,13-02-2024,Pending,2083
9017,3342,7,22-03-2024,Pending,4657
9018,1898,17,15-06-2024,Delivered,503
9019,651,9,16-04-2024,Canceled,3301
9020,4128,8,15-01-2024,Pending,1000
9021,4074,18,18-02-2024,Canceled,767
9022,4676,5,08-10-2024,Delivered,3374
9023,4233,14,28-09-2024,Delivered,1526
9024,2197,9,23-08-2024,Pending,3118
9025,1066,2,25-04-2024,Delivered,3146
9026,2590,2,09-03-2024,Pending,3976
9027,1447,18,09-10-2024,Delivered,3682
9028,4110,13,27-02-2024,Shipped,3389
9029,4789,2,24-09-2024,Canceled,186
9030,383,14,17-01-2024,Delivered,2276
9031,2802,8,15-09-2024,Pending,1270
9032,1212,6,20-09-2024,Canceled,2350
9033,414,14,05-08-2024,Delivered,4198
9034,179,15,09-05-2024,Pending,4472
9035,2790,7,15-08-2024,Shipped,3012
9036,20,12,04-05-2024,Shipped,2313
9037,127,4,02-01-2024,Shipped,3387
9038,442,3,15-03-2024,Pending,1352
9039,4969,19,03-11-2024,Delivered,4265
9040,2453,19,08-02-2024,Shipped,4361
9041,2599,14,26-02-2024,Delivered,4931
9042,3839,15,03-11-2024,Canceled,2270
9043,896,5,21-10-2024,Canceled,1730
9044,3134,17,28-09-2024,Delivered,1836
9045,1475,5,07-02-2024,Delivered,1051
9046,250,19,19-05-2024,Pending,3123
9047,793,4,10-05-2024,Delivered,1196
9048,2881,18,10-08-2024,Canceled,2831
9049,4568,20,18-05-2024,Shipped,4846
9050,1611,6,11-08-2024,Delivered,644
9051,109,18,26-08-2024,Delivered,132
9052,3453,4,14-10-2024,Shipped,2890
9053,4469,12,23-05-2024,Shipped,1792
9054,4768,2,09-08-2024,Canceled,2609
9055,2558,11,28-10-2024,Pending,975
9056,4670,9,08-03-2024,Shipped,2006
9057,309,20,14-04-2024,Shipped,983
9058,3650,6,28-01-2024,Canceled,2825
9059,4581,4,23-08-2024,Pending,3100
9060,3382,3,26-09-2024,Canceled,1660
9061,2740,10,19-06-2024,Delivered,3462
9062,2523,9,13-02-2024,Canceled,386
9063,1716,12,17-06-2024,Delivered,1276
9064,596,4,01-06-2024,Pending,1240
9065,609,17,11-05-2024,Canceled,1069
9066,708,12,05-05-2024,Pending,1738
9067,4162,8,07-11-2024,Pending,859
9068,398,14,25-03-2024,Shipped,2770
9069,4487,6,27-05-2024,Shipped,4840
9070,634,15,18-01-2024,Pending,1609
9071,4899,1,15-02-2024,Delivered,3998
9072,4837,6,30-07-2024,Pending,1892
9073,2692,13,03-02-2024,Shipped,4068
9074,3240,12,12-02-2024,Delivered,4275
9075,1767,16,07-09-2024,Canceled,742
9076,3675,5,01-07-2024,Pending,3580
9077,309,6,24-10-2024,Delivered,3882
9078,668,5,01-01-2024,Canceled,2003
9079,3604,8,20-03-2024,Delivered,1367
9080,3066,12,20-02-2024,Pending,105
9081,1044,14,31-07-2024,Shipped,965
9082,699,12,18-01-2024,Delivered,4487
9083,862,16,17-09-2024,Canceled,3013
9084,3109,15,06-04-2024,Pending,922
9085,4241,2,28-02-2024,Pending,82
9086,4716,9,26-09-2024,Shipped,3817
9087,4327,16,17-05-2024,Canceled,1324
9088,1530,7,19-03-2024,Pending,4821
9089,4536,3,27-07-2024,Shipped,854
9090,4028,17,18-03-2024,Pending,1237
9091,4425,15,03-06-2024,Pending,3481
9092,1738,20,28-01-2024,Delivered,3442
9093,2684,13,21-04-2024,Pending,1902
9094,958,3,13-04-2024,Delivered,4654
9095,1079,12,27-09-2024,Pending,2318
9096,4197,13,02-10-2024,Pending,326
9097,1538,9,29-08-2024,Pending,4807
9098,812,13,17-02-2024,Delivered,1179
9099,3877,19,01-07-2024,Delivered,3579
9100,4974,17,13-08-2024,Canceled,1571
9101,2628,2,01-03-2024,Canceled,405
9102,2962,20,28-01-2024,Canceled,4642
9103,2136,9,11-09-2024,Canceled,425
9104,3050,5,11-06-2024,Canceled,976
9105,1119,14,11-05-2024,Shipped,2930
9106,3378,9,29-01-2024,Shipped,551
9107,3092,8,30-04-2024,Pending,3355
9108,164,17,30-07-2024,Canceled,2365
9109,4152,20,16-02-2024,Canceled,2312
9110,3732,3,25-01-2024,Shipped,3133
9111,1849,10,08-02-2024,Delivered,481
9112,3901,5,24-04-2024,Delivered,4328
9113,3448,20,07-06-2024,Delivered,202
9114,1171,17,02-08-2024,Canceled,4952
9115,2606,20,12-07-2024,Canceled,639
9116,84,19,10-03-2024,Shipped,1619
9117,3040,4,27-05-2024,Delivered,4388
9118,2997,8,14-02-2024,Canceled,2631
9119,3755,15,15-02-2024,Shipped,4040
9120,2431,10,10-07-2024,Canceled,1642
9121,4272,12,01-04-2024,Pending,16
9122,3146,1,04-07-2024,Shipped,3154
9123,4991,16,06-01-2024,Shipped,3760
9124,4301,4,08-03-2024,Canceled,3825
9125,4018,18,17-02-2024,Canceled,2623
9126,76,4,25-05-2024,Shipped,2120
9127,178,6,22-03-2024,Pending,3711
9128,542,6,30-07-2024,Shipped,1834
9129,3465,3,23-10-2024,Canceled,4511
9130,881,8,09-04-2024,Pending,3894
9131,866,1,15-05-2024,Delivered,3130
9132,2324,19,17-01-2024,Canceled,1002
9133,3533,13,20-03-2024,Shipped,3745
9134,3986,20,20-05-2024,Canceled,4030
9135,2060,18,06-05-2024,Pending,1204
9136,2652,15,31-08-2024,Delivered,329
9137,3116,17,14-08-2024,Delivered,4195
9138,1576,4,20-08-2024,Pending,3340
9139,3028,14,03-06-2024,Canceled,842
9140,338,19,28-06-2024,Canceled,1503
9141,2568,5,27-03-2024,Shipped,1006
9142,2475,9,04-02-2024,Canceled,2901
9143,4604,12,18-03-2024,Pending,3698
9144,3774,3,14-09-2024,Canceled,4613
9145,3868,17,11-02-2024,Shipped,3557
9146,1647,17,28-02-2024,Canceled,732
9147,4237,9,15-02-2024,Canceled,153
9148,4129,19,19-03-2024,Delivered,4778
9149,3473,4,07-11-2024,Canceled,606
9150,3254,20,29-10-2024,Delivered,149
9151,2361,5,29-01-2024,Canceled,1390
9152,2869,14,07-10-2024,Shipped,4222
9153,2890,4,12-03-2024,Shipped,3697
9154,3419,2,30-04-2024,Delivered,3319
9155,454,6,17-03-2024,Canceled,3439
9156,3679,6,09-04-2024,Shipped,2285
9157,4634,9,02-10-2024,Canceled,1556
9158,1212,19,15-09-2024,Pending,4692
9159,130,14,28-05-2024,Pending,3539
9160,445,8,27-05-2024,Canceled,1021
9161,2839,11,27-09-2024,Shipped,1286
9162,4041,13,30-05-2024,Canceled,3935
9163,3058,1,19-02-2024,Shipped,3732
9164,2673,4,22-08-2024,Shipped,2148
9165,3459,14,13-02-2024,Shipped,1709
9166,2297,1,19-03-2024,Delivered,2495
9167,383,10,26-09-2024,Canceled,4994
9168,3580,9,08-11-2024,Delivered,1091
9169,3109,17,26-05-2024,Shipped,4240
9170,3573,8,10-03-2024,Canceled,3980
9171,4570,2,31-01-2024,Pending,3296
9172,3873,15,09-05-2024,Pending,602
9173,2467,1,29-03-2024,Shipped,1323
9174,2995,8,18-08-2024,Pending,3604
9175,3092,5,17-04-2024,Canceled,2721
9176,208,3,10-04-2024,Delivered,3005
9177,1009,1,06-01-2024,Shipped,2002
9178,672,11,23-10-2024,Canceled,2969
9179,2340,18,29-05-2024,Canceled,4549
9180,3298,16,01-01-2024,Pending,1393
9181,2289,1,30-01-2024,Shipped,1357
9182,1037,14,23-04-2024,Delivered,3326
9183,1537,17,11-06-2024,Delivered,4874
9184,1189,5,09-10-2024,Pending,2714
9185,1248,15,13-02-2024,Shipped,546
9186,3391,12,27-09-2024,Delivered,4178
9187,3202,5,20-02-2024,Shipped,4625
9188,4769,12,04-01-2024,Delivered,2453
9189,4748,18,13-05-2024,Shipped,2769
9190,1218,14,06-10-2024,Pending,2127
9191,1043,9,02-08-2024,Pending,1688
9192,3484,3,16-04-2024,Delivered,924
9193,4464,12,19-08-2024,Canceled,281
9194,2527,6,04-08-2024,Canceled,4291
9195,642,4,19-04-2024,Delivered,3349
9196,4601,12,10-04-2024,Delivered,2688
9197,2194,2,24-06-2024,Delivered,4697
9198,2754,3,24-05-2024,Pending,380
9199,484,16,26-03-2024,Canceled,3973
9200,2758,8,28-08-2024,Delivered,3370
9201,2600,3,18-03-2024,Canceled,4386
9202,489,17,14-06-2024,Shipped,2193
9203,4213,11,24-01-2024,Pending,2491
9204,125,1,11-01-2024,Pending,3463
9205,2548,16,05-07-2024,Canceled,1339
9206,3408,14,25-04-2024,Delivered,2498
9207,207,2,19-07-2024,Delivered,4456
9208,1526,7,12-02-2024,Delivered,1327
9209,3487,12,19-03-2024,Canceled,2912
9210,4962,2,23-09-2024,Delivered,3670
9211,1273,6,14-03-2024,Pending,4017
9212,1480,15,23-05-2024,Delivered,1491
9213,3324,7,01-04-2024,Delivered,251
9214,840,18,22-03-2024,Shipped,3065
9215,4694,3,26-09-2024,Shipped,3358
9216,2578,8,04-04-2024,Canceled,2750
9217,2164,18,15-06-2024,Delivered,4237
9218,2025,5,29-08-2024,Pending,3108
9219,1648,4,16-04-2024,Canceled,1585
9220,2122,8,25-01-2024,Shipped,2671
9221,3990,11,21-06-2024,Canceled,4228
9222,1671,15,15-05-2024,Delivered,1059
9223,2768,12,13-02-2024,Delivered,1569
9224,3845,11,13-07-2024,Delivered,4934
9225,367,11,12-01-2024,Delivered,1405
9226,3238,20,18-09-2024,Shipped,2665
9227,4017,9,02-01-2024,Shipped,3111
9228,2677,11,23-06-2024,Shipped,3690
9229,2663,15,14-09-2024,Pending,1674
9230,2961,6,15-05-2024,Delivered,3640
9231,886,10,30-05-2024,Canceled,3460
9232,3395,10,22-05-2024,Pending,249
9233,3637,17,26-07-2024,Shipped,3038
9234,1318,12,25-02-2024,Pending,1411
9235,1543,2,10-05-2024,Delivered,2866
9236,4846,11,07-05-2024,Pending,4498
9237,3149,10,11-04-2024,Shipped,4412
9238,2616,15,17-07-2024,Shipped,1313
9239,4023,16,13-10-2024,Canceled,3862
9240,3064,11,02-04-2024,Shipped,4682
9241,385,6,15-07-2024,Delivered,2477
9242,1282,5,14-06-2024,Pending,2256
9243,75,4,04-08-2024,Pending,2341
9244,489,5,16-10-2024,Delivered,2205
9245,3869,16,25-05-2024,Shipped,432
9246,1280,19,04-02-2024,Canceled,1611
9247,4637,4,24-02-2024,Pending,1729
9248,2995,8,18-03-2024,Pending,914
9249,3182,13,21-09-2024,Shipped,3875
9250,3973,9,12-05-2024,Canceled,155
9251,520,16,24-10-2024,Delivered,3539
9252,111,6,21-07-2024,Canceled,4722
9253,3360,9,07-07-2024,Canceled,1827
9254,1256,4,24-08-2024,Delivered,2941
9255,4935,10,01-01-2024,Canceled,4224
9256,3013,12,11-05-2024,Pending,4982
9257,1485,17,02-01-2024,Pending,434
9258,325,20,05-07-2024,Delivered,2845
9259,2863,3,20-03-2024,Delivered,3731
9260,3362,11,17-01-2024,Pending,3575
9261,4720,2,29-09-2024,Canceled,4348
9262,2418,19,13-10-2024,Shipped,1394
9263,510,4,19-08-2024,Delivered,996
9264,3674,14,25-01-2024,Pending,743
9265,4772,8,05-07-2024,Shipped,3681
9266,2874,6,19-02-2024,Delivered,2251
9267,1529,8,07-08-2024,Delivered,4331
9268,2753,3,07-04-2024,Shipped,1268
9269,464,18,22-09-2024,Pending,2572
9270,781,12,18-09-2024,Delivered,2431
9271,1379,9,24-07-2024,Delivered,1715
9272,4921,17,01-05-2024,Shipped,3930
9273,875,5,30-05-2024,Delivered,3832
9274,767,10,04-11-2024,Pending,2560
9275,3842,9,06-04-2024,Canceled,2728
9276,1288,5,30-05-2024,Pending,3932
9277,1854,7,14-06-2024,Canceled,1509
9278,1600,13,05-06-2024,Shipped,282
9279,4347,14,20-06-2024,Delivered,2523
9280,3415,9,16-03-2024,Shipped,3628
9281,1965,13,07-02-2024,Pending,2079
9282,2234,11,23-03-2024,Shipped,699
9283,4937,20,20-10-2024,Shipped,3774
9284,2210,3,21-08-2024,Pending,3750
9285,4862,4,14-10-2024,Shipped,3149
9286,4612,12,06-06-2024,Shipped,4236
9287,869,9,17-10-2024,Canceled,2247
9288,1705,4,10-03-2024,Pending,4623
9289,4513,5,24-09-2024,Canceled,2321
9290,1399,6,20-07-2024,Canceled,1600
9291,846,9,02-06-2024,Shipped,1373
9292,4586,8,05-04-2024,Delivered,4552
9293,2019,13,20-03-2024,Pending,30
9294,650,19,30-07-2024,Delivered,1550
9295,4525,1,12-08-2024,Shipped,1611
9296,3846,15,27-06-2024,Shipped,1068
9297,1952,2,09-05-2024,Pending,3993
9298,4038,18,29-04-2024,Shipped,4351
9299,2846,3,09-07-2024,Shipped,2917
9300,4170,12,09-01-2024,Canceled,1526
9301,4796,6,15-02-2024,Shipped,2852
9302,2042,13,16-09-2024,Shipped,4733
9303,2547,2,31-01-2024,Pending,1432
9304,4421,9,11-03-2024,Shipped,110
9305,4297,20,02-02-2024,Pending,4327
9306,4027,17,21-04-2024,Canceled,2852
9307,86,11,17-03-2024,Shipped,999
9308,1685,2,02-10-2024,Pending,3283
9309,764,4,19-05-2024,Delivered,4851
9310,851,16,24-08-2024,Pending,1903
9311,2485,4,06-11-2024,Shipped,4433
9312,892,2,15-10-2024,Shipped,3214
9313,1310,8,15-03-2024,Shipped,4252
9314,1896,11,28-08-2024,Shipped,3019
9315,2850,20,29-03-2024,Delivered,2181
9316,118,9,09-08-2024,Pending,4902
9317,1318,10,10-04-2024,Canceled,101
9318,3984,18,03-03-2024,Pending,3410
9319,1736,6,21-06-2024,Canceled,1847
9320,1961,11,07-03-2024,Canceled,2168
9321,1634,19,17-07-2024,Canceled,3460
9322,2258,11,16-10-2024,Canceled,4861
9323,1917,18,26-10-2024,Shipped,125
9324,56,7,27-02-2024,Shipped,122
9325,17,5,04-11-2024,Canceled,3874
9326,1156,16,25-07-2024,Pending,1033
9327,170,10,17-07-2024,Shipped,3177
9328,1376,3,16-02-2024,Shipped,1455
9329,624,11,25-10-2024,Shipped,3711
9330,2689,2,16-05-2024,Pending,108
9331,2376,7,10-06-2024,Canceled,2357
9332,1252,11,22-05-2024,Pending,4885
9333,3909,7,15-10-2024,Pending,80
9334,2301,10,30-08-2024,Pending,3486
9335,39,15,21-10-2024,Delivered,2492
9336,1168,20,28-05-2024,Shipped,3048
9337,2035,15,06-01-2024,Canceled,3573
9338,4746,20,24-04-2024,Shipped,3260
9339,1501,11,21-01-2024,Delivered,1656
9340,662,10,09-03-2024,Delivered,2827
9341,1162,12,03-08-2024,Canceled,4916
9342,269,5,12-09-2024,Shipped,4357
9343,3655,19,29-06-2024,Pending,4736
9344,3,19,19-04-2024,Shipped,3884
9345,4728,7,28-04-2024,Shipped,2111
9346,4760,7,27-06-2024,Pending,1928
9347,1353,19,29-06-2024,Shipped,2351
9348,786,10,08-01-2024,Shipped,2283
9349,4423,13,29-05-2024,Shipped,1083
9350,893,20,18-04-2024,Canceled,311
9351,3482,15,29-07-2024,Shipped,3347
9352,1151,14,31-01-2024,Canceled,3245
9353,955,13,20-03-2024,Pending,3491
9354,1040,10,03-04-2024,Shipped,77
9355,3871,16,10-05-2024,Pending,640
9356,565,1,13-07-2024,Shipped,1096
9357,2786,14,21-07-2024,Shipped,3277
9358,4525,17,02-03-2024,Pending,1512
9359,983,20,27-08-2024,Pending,1770
9360,1003,2,16-08-2024,Shipped,2616
9361,579,13,04-11-2024,Delivered,1400
9362,22,19,01-03-2024,Pending,808
9363,1536,5,14-04-2024,Canceled,3754
9364,1452,10,16-10-2024,Delivered,3193
9365,4752,16,20-04-2024,Pending,3606
9366,308,8,20-02-2024,Canceled,3049
9367,4321,9,31-03-2024,Delivered,2077
9368,2503,2,06-05-2024,Delivered,4273
9369,3830,7,27-10-2024,Delivered,3230
9370,4234,2,18-01-2024,Shipped,1989
9371,808,17,06-06-2024,Canceled,2340
9372,3615,19,31-07-2024,Canceled,683
9373,4743,1,19-07-2024,Delivered,4580
9374,1482,14,01-05-2024,Delivered,1706
9375,3104,9,24-03-2024,Pending,4956
9376,1007,8,21-10-2024,Pending,2583
9377,1733,7,17-08-2024,Delivered,1754
9378,1061,3,06-04-2024,Canceled,326
9379,1817,6,17-08-2024,Pending,144
9380,2972,8,06-11-2024,Delivered,3656
9381,3873,19,27-03-2024,Canceled,4405
9382,2330,16,15-09-2024,Shipped,4002
9383,4377,6,05-11-2024,Delivered,2166
9384,2571,7,29-08-2024,Shipped,2728
9385,3647,9,31-05-2024,Delivered,4545
9386,4758,3,11-01-2024,Delivered,1466
9387,562,1,01-06-2024,Pending,1628
9388,597,11,28-09-2024,Shipped,1831
9389,1984,18,26-02-2024,Canceled,2688
9390,2237,15,12-06-2024,Canceled,1009
9391,1414,10,17-03-2024,Pending,504
9392,1703,5,29-07-2024,Shipped,2856
9393,2008,3,30-09-2024,Pending,1078
9394,2701,10,27-02-2024,Shipped,1898
9395,3795,2,30-03-2024,Pending,1198
9396,3243,7,28-08-2024,Pending,852
9397,1479,2,12-02-2024,Pending,3765
9398,447,16,20-08-2024,Delivered,4554
9399,3237,20,23-02-2024,Delivered,3625
9400,417,3,15-08-2024,Pending,4976
9401,3234,8,24-04-2024,Delivered,3454
9402,2097,8,01-07-2024,Pending,3763
9403,2227,2,28-09-2024,Canceled,3210
9404,2548,6,16-10-2024,Shipped,4542
9405,3344,2,14-07-2024,Canceled,886
9406,1867,2,23-09-2024,Canceled,2768
9407,3211,14,12-09-2024,Shipped,84
9408,94,6,01-07-2024,Canceled,4237
9409,3117,3,18-04-2024,Canceled,3159
9410,1986,15,17-05-2024,Canceled,1373
9411,394,13,02-11-2024,Delivered,2983
9412,732,9,09-04-2024,Shipped,2811
9413,2743,4,08-11-2024,Pending,3778
9414,4444,12,19-05-2024,Shipped,994
9415,4574,19,11-06-2024,Pending,3812
9416,695,20,05-10-2024,Pending,3727
9417,1936,1,21-09-2024,Delivered,607
9418,4164,15,02-10-2024,Shipped,964
9419,1763,17,08-11-2024,Shipped,220
9420,563,2,06-01-2024,Delivered,1929
9421,1769,1,15-03-2024,Delivered,1707
9422,4626,11,14-09-2024,Delivered,1475
9423,1123,6,17-02-2024,Pending,4166
9424,222,19,09-09-2024,Canceled,2480
9425,906,2,03-09-2024,Pending,1485
9426,1205,13,29-07-2024,Delivered,4760
9427,1082,14,08-06-2024,Pending,1574
9428,3214,4,14-07-2024,Canceled,996
9429,2259,3,29-05-2024,Pending,4664
9430,3578,5,20-05-2024,Shipped,3372
9431,1807,9,14-08-2024,Delivered,52
9432,2576,17,12-03-2024,Delivered,2606
9433,769,17,03-07-2024,Shipped,1621
9434,4417,15,20-08-2024,Delivered,3227
9435,2940,14,19-08-2024,Pending,2414
9436,2946,3,30-04-2024,Shipped,2015
9437,3368,18,19-07-2024,Canceled,322
9438,3111,11,14-02-2024,Canceled,3004
9439,3096,6,02-09-2024,Delivered,1600
9440,3283,8,09-03-2024,Shipped,4432
9441,2180,14,23-08-2024,Canceled,1120
9442,2278,13,05-09-2024,Shipped,1424
9443,1799,18,09-06-2024,Pending,1801
9444,4545,8,24-04-2024,Pending,436
9445,2663,10,05-05-2024,Delivered,4735
9446,265,19,20-04-2024,Shipped,3639
9447,4974,9,20-07-2024,Canceled,958
9448,1086,6,20-02-2024,Delivered,4869
9449,4080,7,27-06-2024,Canceled,699
9450,2421,2,11-07-2024,Canceled,2018
9451,4422,14,18-02-2024,Pending,2720
9452,3551,2,07-08-2024,Shipped,2963
9453,4812,17,11-10-2024,Canceled,4207
9454,4181,19,09-10-2024,Shipped,2025
9455,3634,15,15-05-2024,Shipped,3072
9456,1127,2,22-08-2024,Shipped,2966
9457,4227,3,01-02-2024,Pending,3045
9458,4979,8,03-09-2024,Canceled,1927
9459,1656,12,17-02-2024,Canceled,4819
9460,4475,9,30-08-2024,Pending,3332
9461,2766,19,17-10-2024,Pending,562
9462,1303,14,16-08-2024,Delivered,1330
9463,2014,15,12-04-2024,Pending,3437
9464,4149,10,12-02-2024,Pending,3412
9465,2956,12,08-10-2024,Delivered,3568
9466,1959,16,29-03-2024,Delivered,4660
9467,427,3,04-06-2024,Pending,1785
9468,4596,12,25-04-2024,Pending,4749
9469,1015,9,30-04-2024,Shipped,1474
9470,534,11,20-09-2024,Delivered,801
9471,2325,15,21-06-2024,Shipped,2744
9472,4461,12,01-07-2024,Shipped,323
9473,3863,3,03-03-2024,Canceled,140
9474,378,17,12-08-2024,Shipped,2726
9475,1691,15,07-02-2024,Shipped,4247
9476,510,7,16-02-2024,Pending,2113
9477,3212,17,29-07-2024,Shipped,26
9478,4161,8,14-07-2024,Pending,4360
9479,947,7,20-04-2024,Pending,3663
9480,3528,7,30-04-2024,Pending,1072
9481,1009,20,17-01-2024,Delivered,2959
9482,2533,15,12-10-2024,Pending,3759
9483,715,12,27-10-2024,Shipped,2024
9484,3288,9,15-02-2024,Delivered,1175
9485,4586,20,05-11-2024,Shipped,1297
9486,465,18,09-04-2024,Delivered,4467
9487,1377,3,22-06-2024,Delivered,4079
9488,2818,12,29-10-2024,Canceled,4081
9489,211,1,27-09-2024,Pending,1855
9490,4484,3,01-01-2024,Canceled,2571
9491,2863,1,04-08-2024,Canceled,2991
9492,2306,1,09-03-2024,Canceled,4087
9493,3309,13,18-03-2024,Pending,681
9494,3776,16,04-02-2024,Pending,1312
9495,2765,13,22-09-2024,Canceled,876
9496,3967,5,17-08-2024,Delivered,3862
9497,947,18,01-11-2024,Canceled,2013
9498,3007,8,26-05-2024,Delivered,1479
9499,1200,11,12-02-2024,Canceled,3008
9500,421,15,02-07-2024,Canceled,3832
9501,2706,13,09-09-2024,Delivered,2288
9502,796,5,25-02-2024,Shipped,4396
9503,847,20,17-05-2024,Shipped,4049
9504,2155,8,17-07-2024,Delivered,1698
9505,647,18,31-07-2024,Shipped,4019
9506,992,20,21-02-2024,Pending,3972
9507,2838,4,22-09-2024,Shipped,2459
9508,2243,4,14-09-2024,Shipped,4622
9509,2821,5,19-07-2024,Shipped,3239
9510,2742,7,10-04-2024,Pending,192
9511,4699,8,24-09-2024,Delivered,2159
9512,271,18,11-04-2024,Shipped,3404
9513,1672,18,11-10-2024,Shipped,2882
9514,2786,2,07-03-2024,Pending,127
9515,2378,10,20-06-2024,Shipped,3224
9516,2191,16,15-02-2024,Pending,863
9517,2408,5,05-09-2024,Shipped,4657
9518,379,6,15-07-2024,Canceled,958
9519,4983,13,12-01-2024,Delivered,3253
9520,2107,13,12-04-2024,Canceled,3173
9521,3420,9,20-05-2024,Canceled,3370
9522,2080,8,06-05-2024,Shipped,1037
9523,4835,6,25-08-2024,Shipped,2056
9524,2091,1,05-02-2024,Canceled,376
9525,3567,1,09-03-2024,Canceled,1190
9526,3143,12,29-07-2024,Shipped,3979
9527,724,10,24-08-2024,Delivered,4615
9528,921,1,07-08-2024,Canceled,967
9529,3447,12,24-05-2024,Delivered,3840
9530,2526,5,15-02-2024,Shipped,2391
9531,3779,5,03-03-2024,Delivered,2436
9532,4235,11,12-02-2024,Shipped,516
9533,3270,3,03-09-2024,Shipped,3257
9534,1488,13,18-09-2024,Canceled,1233
9535,346,1,04-07-2024,Shipped,1767
9536,4729,15,28-04-2024,Pending,2269
9537,82,11,18-10-2024,Pending,1582
9538,121,7,04-09-2024,Canceled,4084
9539,4421,19,29-04-2024,Delivered,4877
9540,1080,9,21-06-2024,Pending,391
9541,1775,9,25-05-2024,Delivered,16
9542,2457,14,13-06-2024,Delivered,4747
9543,1463,15,18-10-2024,Pending,3329
9544,3807,20,08-10-2024,Delivered,1400
9545,472,3,15-10-2024,Canceled,2293
9546,61,2,29-03-2024,Canceled,1984
9547,1560,10,01-06-2024,Delivered,4066
9548,2785,16,12-05-2024,Pending,3129
9549,4759,18,18-02-2024,Delivered,3466
9550,3262,14,14-07-2024,Canceled,4753
9551,1280,19,25-03-2024,Delivered,2944
9552,4372,18,31-10-2024,Canceled,4156
9553,468,12,28-10-2024,Delivered,186
9554,853,8,01-07-2024,Delivered,2972
9555,3699,9,10-01-2024,Canceled,4702
9556,1790,7,27-04-2024,Pending,1779
9557,4841,18,27-06-2024,Shipped,4719
9558,286,4,17-01-2024,Shipped,1923
9559,215,6,02-10-2024,Pending,395
9560,1325,14,04-03-2024,Delivered,2094
9561,3314,19,15-03-2024,Delivered,4257
9562,1053,19,24-06-2024,Pending,2820
9563,2902,14,23-10-2024,Pending,3272
9564,1872,18,17-02-2024,Shipped,3011
9565,4607,14,11-09-2024,Delivered,3648
9566,1034,11,24-09-2024,Pending,3626
9567,4160,2,04-03-2024,Canceled,4385
9568,95,2,20-05-2024,Canceled,518
9569,3191,17,09-01-2024,Pending,2919
9570,1666,16,26-05-2024,Canceled,3807
9571,3055,8,01-11-2024,Pending,1504
9572,2601,10,16-07-2024,Shipped,285
9573,1359,12,12-03-2024,Delivered,4787
9574,665,2,13-02-2024,Canceled,776
9575,3229,11,11-10-2024,Delivered,4808
9576,518,20,23-02-2024,Canceled,1844
9577,2880,9,03-01-2024,Canceled,1343
9578,2978,13,26-03-2024,Pending,46
9579,407,19,22-05-2024,Canceled,3324
9580,1774,9,18-07-2024,Shipped,2159
9581,2593,7,16-02-2024,Canceled,3169
9582,177,16,30-10-2024,Canceled,776
9583,4816,16,03-04-2024,Delivered,1384
9584,983,11,26-10-2024,Pending,1060
9585,4768,5,27-08-2024,Pending,358
9586,49,7,01-09-2024,Pending,4673
9587,3756,19,12-09-2024,Canceled,1288
9588,3535,4,21-06-2024,Shipped,2575
9589,4819,11,28-08-2024,Delivered,3671
9590,4886,18,13-09-2024,Shipped,3448
9591,778,14,08-05-2024,Canceled,2062
9592,4042,2,02-02-2024,Shipped,1333
9593,3776,13,29-08-2024,Delivered,3181
9594,3249,2,04-11-2024,Delivered,4564
9595,1112,14,21-09-2024,Shipped,3802
9596,4900,3,16-06-2024,Delivered,1306
9597,4083,9,03-09-2024,Canceled,1549
9598,1758,20,11-03-2024,Delivered,403
9599,3036,17,29-09-2024,Delivered,2414
9600,4471,17,12-04-2024,Canceled,1511
9601,3350,18,25-05-2024,Delivered,4564
9602,1915,2,28-02-2024,Pending,2815
9603,109,2,12-04-2024,Canceled,1248
9604,4697,20,13-01-2024,Delivered,3014
9605,183,20,22-05-2024,Delivered,2571
9606,3069,9,20-05-2024,Shipped,412
9607,1481,6,15-07-2024,Canceled,3300
9608,1546,12,07-08-2024,Pending,4722
9609,4182,8,29-06-2024,Shipped,3198
9610,3982,18,08-03-2024,Pending,4562
9611,2602,9,31-03-2024,Delivered,2084
9612,1473,20,24-10-2024,Pending,464
9613,1692,20,21-05-2024,Canceled,1914
9614,1759,4,19-08-2024,Canceled,3656
9615,1210,3,25-01-2024,Delivered,4881
9616,3515,11,02-11-2024,Canceled,3697
9617,1600,9,08-08-2024,Pending,3572
9618,4165,5,15-09-2024,Pending,980
9619,1121,10,30-08-2024,Canceled,219
9620,819,9,18-07-2024,Delivered,517
9621,4802,9,07-11-2024,Pending,1566
9622,3489,5,19-07-2024,Delivered,3591
9623,2912,1,02-05-2024,Pending,1902
9624,1863,17,28-10-2024,Canceled,4453
9625,4914,16,19-05-2024,Delivered,1924
9626,4755,4,01-03-2024,Shipped,2764
9627,4947,11,06-03-2024,Canceled,3287
9628,2246,12,21-08-2024,Canceled,3365
9629,4500,11,01-03-2024,Pending,1870
9630,3872,4,25-08-2024,Pending,2008
9631,1634,1,19-06-2024,Delivered,309
9632,1196,10,06-07-2024,Pending,3979
9633,3606,1,01-11-2024,Canceled,1293
9634,2510,2,13-01-2024,Shipped,3987
9635,3257,8,11-03-2024,Canceled,2142
9636,1118,15,21-05-2024,Canceled,957
9637,2768,5,01-09-2024,Shipped,586
9638,4848,11,15-08-2024,Pending,1183
9639,3628,11,04-11-2024,Canceled,101
9640,1151,13,02-08-2024,Shipped,4040
9641,4038,17,20-04-2024,Shipped,1016
9642,227,19,17-05-2024,Canceled,4146
9643,2963,8,05-08-2024,Pending,3721
9644,633,18,04-05-2024,Pending,1749
9645,1424,9,02-05-2024,Shipped,2584
9646,949,1,20-04-2024,Canceled,2146
9647,318,6,22-02-2024,Canceled,1573
9648,1275,16,02-03-2024,Shipped,1075
9649,2904,7,15-01-2024,Pending,4622
9650,3453,12,04-05-2024,Delivered,2598
9651,2011,6,24-04-2024,Shipped,3530
9652,4528,11,09-10-2024,Canceled,22
9653,2615,7,13-07-2024,Shipped,2439
9654,4009,4,08-10-2024,Pending,426
9655,112,20,24-06-2024,Delivered,3590
9656,4109,5,10-03-2024,Pending,410
9657,2734,2,31-10-2024,Delivered,870
9658,1237,16,05-11-2024,Canceled,1238
9659,2957,11,12-08-2024,Canceled,3177
9660,4511,5,12-02-2024,Pending,4683
9661,4615,19,13-03-2024,Shipped,230
9662,4154,16,21-08-2024,Delivered,3715
9663,3686,9,14-07-2024,Shipped,4959
9664,2048,15,12-09-2024,Canceled,3121
9665,4722,1,24-09-2024,Pending,2139
9666,4837,1,22-09-2024,Delivered,4936
9667,3605,9,06-08-2024,Canceled,56
9668,2121,6,05-06-2024,Shipped,2148
9669,4558,4,22-06-2024,Shipped,4780
9670,4022,3,02-04-2024,Delivered,532
9671,3588,19,06-04-2024,Delivered,3090
9672,3909,20,10-09-2024,Delivered,635
9673,3378,4,22-05-2024,Delivered,2996
9674,2118,16,19-09-2024,Shipped,3135
9675,439,20,23-09-2024,Delivered,4896
9676,3307,19,01-04-2024,Pending,1009
9677,2508,20,26-06-2024,Pending,4694
9678,4979,19,12-01-2024,Delivered,3934
9679,2312,3,02-09-2024,Shipped,506
9680,2795,14,15-06-2024,Pending,1862
9681,1611,12,16-10-2024,Canceled,710
9682,3281,16,24-03-2024,Canceled,1022
9683,1671,18,26-02-2024,Pending,614
9684,2781,12,21-03-2024,Delivered,3242
9685,1488,4,20-01-2024,Pending,3426
9686,418,14,02-01-2024,Delivered,2486
9687,1281,17,31-08-2024,Shipped,1905
9688,3166,9,29-01-2024,Canceled,4442
9689,2980,13,20-06-2024,Canceled,1615
9690,2535,5,03-02-2024,Shipped,2120
9691,1937,12,24-08-2024,Pending,302
9692,1003,2,12-10-2024,Shipped,733
9693,2096,1,17-05-2024,Canceled,2530
9694,4498,9,18-05-2024,Shipped,3581
9695,4627,14,04-07-2024,Canceled,4828
9696,4898,9,04-11-2024,Shipped,643
9697,2556,2,16-06-2024,Shipped,3134
9698,1897,8,14-03-2024,Shipped,3562
9699,2352,9,21-02-2024,Delivered,3885
9700,4590,11,19-08-2024,Pending,4334
9701,3331,15,25-05-2024,Pending,3524
9702,3328,15,09-09-2024,Delivered,4595
9703,1215,9,16-02-2024,Shipped,4229
9704,4211,9,01-06-2024,Delivered,1175
9705,208,13,09-06-2024,Delivered,4680
9706,4563,3,19-02-2024,Canceled,3172
9707,2067,17,28-01-2024,Canceled,2407
9708,2545,16,15-05-2024,Shipped,2425
9709,775,8,25-09-2024,Pending,72
9710,256,13,13-06-2024,Shipped,3521
9711,2790,20,03-09-2024,Shipped,4147
9712,3868,11,02-07-2024,Canceled,729
9713,2015,13,14-04-2024,Pending,1973
9714,1351,1,05-11-2024,Canceled,2983
9715,705,5,04-08-2024,Canceled,145
9716,1706,14,14-10-2024,Shipped,3676
9717,4406,11,26-05-2024,Shipped,4971
9718,4796,15,20-03-2024,Canceled,4787
9719,4512,15,11-07-2024,Shipped,1147
9720,3708,4,19-04-2024,Pending,4172
9721,2406,1,09-07-2024,Delivered,3617
9722,1065,5,20-01-2024,Shipped,4665
9723,4283,11,01-04-2024,Delivered,2239
9724,2294,15,06-09-2024,Delivered,2454
9725,1520,6,07-01-2024,Canceled,3906
9726,1989,16,23-03-2024,Pending,2669
9727,2897,19,09-06-2024,Pending,2215
9728,580,15,01-06-2024,Canceled,1566
9729,4545,14,04-04-2024,Canceled,3466
9730,2393,20,19-07-2024,Delivered,2274
9731,805,11,15-06-2024,Shipped,4228
9732,4665,8,16-09-2024,Shipped,4076
9733,4770,13,01-10-2024,Canceled,3730
9734,2417,3,21-01-2024,Delivered,1212
9735,4384,11,19-02-2024,Delivered,4290
9736,85,5,29-05-2024,Pending,1209
9737,3371,19,31-08-2024,Canceled,4930
9738,1430,15,17-07-2024,Shipped,1569
9739,2986,2,25-06-2024,Delivered,1128
9740,2501,15,15-02-2024,Pending,1380
9741,1004,16,21-09-2024,Delivered,2115
9742,220,11,26-06-2024,Pending,3206
9743,2271,2,09-05-2024,Shipped,2624
9744,1483,16,14-07-2024,Shipped,1912
9745,1332,7,10-04-2024,Delivered,3946
9746,1496,6,08-01-2024,Delivered,2346
9747,3701,20,09-05-2024,Pending,2583
9748,1362,1,28-03-2024,Pending,1474
9749,3512,15,24-10-2024,Shipped,1663
9750,2522,5,26-01-2024,Pending,2478
9751,2972,13,25-07-2024,Pending,911
9752,1674,4,31-08-2024,Pending,2191
9753,814,8,02-08-2024,Pending,560
9754,4384,7,06-06-2024,Pending,4919
9755,1731,20,08-05-2024,Canceled,1516
9756,1676,15,31-07-2024,Pending,623
9757,117,12,06-05-2024,Pending,1266
9758,2340,17,11-03-2024,Delivered,1030
9759,2251,12,13-03-2024,Canceled,3545
9760,1835,5,15-07-2024,Shipped,235
9761,1439,20,18-07-2024,Shipped,3793
9762,4800,13,05-09-2024,Delivered,2766
9763,2674,13,01-07-2024,Delivered,2013
9764,337,1,31-05-2024,Pending,923
9765,3568,1,11-10-2024,Pending,3319
9766,4195,11,17-02-2024,Delivered,1149
9767,3019,1,22-06-2024,Shipped,3432
9768,57,5,01-03-2024,Pending,2094
9769,3280,17,28-06-2024,Delivered,2819
9770,2916,16,15-04-2024,Delivered,4325
9771,531,10,11-06-2024,Shipped,1915
9772,4155,9,23-01-2024,Canceled,1520
9773,537,3,05-01-2024,Canceled,4309
9774,3233,10,05-04-2024,Delivered,741
9775,587,9,24-04-2024,Shipped,4070
9776,3661,1,04-02-2024,Shipped,2787
9777,658,1,01-01-2024,Pending,2523
9778,652,5,23-10-2024,Pending,4773
9779,4520,5,25-05-2024,Pending,4635
9780,2300,18,05-08-2024,Shipped,2913
9781,1100,6,05-11-2024,Delivered,907
9782,3619,3,04-08-2024,Shipped,4107
9783,1633,8,08-03-2024,Canceled,770
9784,4061,15,08-11-2024,Pending,4843
9785,2876,4,24-07-2024,Shipped,2434
9786,3150,2,24-06-2024,Delivered,2187
9787,3900,4,11-01-2024,Delivered,2119
9788,1441,11,01-04-2024,Canceled,2886
9789,1261,2,24-05-2024,Canceled,831
9790,3867,19,04-02-2024,Canceled,3929
9791,2992,9,04-07-2024,Delivered,4684
9792,2995,5,03-02-2024,Delivered,1905
9793,1271,2,16-08-2024,Shipped,2818
9794,523,10,16-08-2024,Delivered,2446
9795,2604,16,14-04-2024,Pending,4327
9796,1693,3,17-09-2024,Delivered,3692
9797,846,11,17-10-2024,Pending,581
9798,3775,17,25-09-2024,Canceled,3821
9799,4221,14,07-08-2024,Delivered,2708
9800,260,3,21-06-2024,Pending,1698
9801,808,12,10-04-2024,Delivered,3224
9802,206,20,11-05-2024,Pending,1007
9803,3715,15,06-01-2024,Shipped,4601
9804,554,3,08-01-2024,Delivered,4418
9805,707,11,22-08-2024,Delivered,1383
9806,4688,12,04-07-2024,Delivered,4819
9807,3465,13,20-01-2024,Pending,3530
9808,2451,18,14-06-2024,Canceled,3031
9809,3107,4,13-04-2024,Pending,963
9810,15,18,13-09-2024,Pending,4887
9811,47,20,10-04-2024,Canceled,1266
9812,1332,3,20-01-2024,Shipped,2091
9813,1290,15,07-11-2024,Pending,3646
9814,3937,8,25-09-2024,Delivered,4163
9815,4601,15,02-07-2024,Pending,3920
9816,1633,17,13-09-2024,Shipped,2611
9817,629,7,28-01-2024,Canceled,3153
9818,1750,9,05-09-2024,Pending,4494
9819,2838,19,08-03-2024,Canceled,2700
9820,1702,14,21-09-2024,Canceled,926
9821,4322,19,04-05-2024,Shipped,4416
9822,4385,5,29-03-2024,Shipped,2275
9823,188,13,06-11-2024,Delivered,1605
9824,1697,13,21-04-2024,Pending,2292
9825,4208,1,11-06-2024,Pending,3807
9826,214,11,11-02-2024,Pending,3612
9827,1742,3,07-02-2024,Delivered,3662
9828,2774,19,06-05-2024,Delivered,3424
9829,3649,11,07-05-2024,Pending,80
9830,4079,14,31-08-2024,Canceled,4238
9831,3986,10,09-05-2024,Shipped,3603
9832,4824,17,11-03-2024,Delivered,4407
9833,2558,9,11-04-2024,Delivered,3188
9834,3847,15,01-09-2024,Canceled,635
9835,1302,4,12-01-2024,Pending,3962
9836,486,10,03-11-2024,Shipped,3284
9837,2453,19,23-02-2024,Delivered,923
9838,1584,19,19-06-2024,Shipped,3687
9839,4919,11,05-08-2024,Canceled,3779
9840,91,13,20-09-2024,Pending,2296
9841,1587,16,09-10-2024,Canceled,709
9842,3369,13,12-03-2024,Delivered,3619
9843,1827,7,21-01-2024,Delivered,4356
9844,2498,10,14-02-2024,Shipped,4367
9845,4036,20,20-05-2024,Pending,1799
9846,2469,3,02-08-2024,Pending,1379
9847,1658,8,25-01-2024,Delivered,2520
9848,2150,15,14-02-2024,Shipped,1145
9849,3806,2,29-03-2024,Shipped,1970
9850,4161,5,12-01-2024,Pending,3268
9851,3756,6,18-07-2024,Shipped,3161
9852,153,20,10-09-2024,Delivered,3336
9853,3288,20,29-03-2024,Shipped,1630
9854,2593,6,18-08-2024,Canceled,2801
9855,3755,6,16-05-2024,Delivered,1311
9856,1197,4,15-03-2024,Pending,824
9857,4143,16,13-02-2024,Canceled,3659
9858,4877,6,29-01-2024,Delivered,2820
9859,3345,7,25-10-2024,Canceled,950
9860,3724,8,17-06-2024,Canceled,1431
9861,4450,20,04-09-2024,Shipped,3857
9862,171,17,28-08-2024,Delivered,1481
9863,1385,3,05-05-2024,Delivered,2718
9864,4492,9,03-09-2024,Pending,3777
9865,825,20,23-09-2024,Delivered,646
9866,775,8,17-02-2024,Canceled,948
9867,38,4,16-05-2024,Delivered,4531
9868,4573,4,08-11-2024,Delivered,1040
9869,3805,7,19-02-2024,Canceled,2231
9870,2828,20,27-02-2024,Canceled,1951
9871,39,15,20-10-2024,Shipped,1519
9872,2806,1,20-03-2024,Pending,3386
9873,3667,12,12-04-2024,Canceled,2068
9874,4855,7,07-05-2024,Shipped,1155
9875,4153,12,03-11-2024,Pending,1444
9876,2470,14,26-10-2024,Delivered,2642
9877,378,5,22-01-2024,Delivered,354
9878,1203,3,01-08-2024,Shipped,987
9879,3544,13,07-08-2024,Shipped,3008
9880,1178,8,13-06-2024,Pending,3212
9881,1476,5,12-01-2024,Canceled,1867
9882,2703,1,23-09-2024,Canceled,4504
9883,874,5,05-11-2024,Canceled,1878
9884,398,14,05-07-2024,Delivered,3355
9885,4459,14,31-10-2024,Canceled,4741
9886,2846,4,30-01-2024,Pending,4829
9887,4353,4,15-10-2024,Canceled,2867
9888,3034,10,25-03-2024,Delivered,2693
9889,3424,17,08-07-2024,Canceled,4574
9890,3266,16,24-10-2024,Shipped,3802
9891,820,8,28-05-2024,Delivered,4014
9892,333,8,28-05-2024,Delivered,3509
9893,4928,16,30-06-2024,Shipped,3041
9894,3041,10,05-01-2024,Canceled,4376
9895,4640,20,12-09-2024,Shipped,4367
9896,1446,1,05-08-2024,Shipped,2118
9897,2812,3,24-01-2024,Delivered,3220
9898,4982,10,29-05-2024,Shipped,1148
9899,77,5,23-10-2024,Canceled,816
9900,2747,20,04-01-2024,Pending,1103
9901,4339,8,15-06-2024,Pending,4132
9902,1307,20,21-01-2024,Shipped,2252
9903,2484,7,13-05-2024,Shipped,477
9904,3471,12,05-10-2024,Delivered,4779
9905,2337,2,24-01-2024,Delivered,1446
9906,4707,13,03-10-2024,Delivered,1534
9907,3130,5,12-06-2024,Delivered,1731
9908,2885,5,22-04-2024,Canceled,4735
9909,3896,4,11-01-2024,Delivered,1487
9910,4475,14,17-05-2024,Pending,1327
9911,1301,12,07-02-2024,Pending,1955
9912,3639,1,04-02-2024,Canceled,1087
9913,2083,18,28-07-2024,Canceled,4597
9914,395,8,29-03-2024,Shipped,1914
9915,833,1,10-03-2024,Shipped,3967
9916,741,17,02-08-2024,Pending,1653
9917,4724,16,10-10-2024,Shipped,835
9918,1280,16,16-04-2024,Canceled,1286
9919,4015,1,09-01-2024,Shipped,3027
9920,1728,5,27-09-2024,Pending,2827
9921,2462,17,16-10-2024,Delivered,4252
9922,772,17,07-02-2024,Shipped,4616
9923,1039,2,13-09-2024,Canceled,730
9924,4493,17,24-04-2024,Pending,4785
9925,4735,10,08-10-2024,Shipped,3029
9926,1578,18,18-04-2024,Pending,3248
9927,1077,10,16-01-2024,Pending,1274
9928,4534,19,25-06-2024,Shipped,1112
9929,3398,2,28-08-2024,Pending,4349
9930,2047,15,08-01-2024,Canceled,2530
9931,1242,4,16-04-2024,Pending,3080
9932,3235,1,19-03-2024,Delivered,1324
9933,4714,18,19-07-2024,Canceled,2787
9934,3222,11,07-08-2024,Canceled,1166
9935,3736,17,20-10-2024,Shipped,3948
9936,2800,20,15-03-2024,Delivered,953
9937,269,1,04-05-2024,Shipped,4164
9938,3349,9,28-03-2024,Shipped,1608
9939,1964,12,09-02-2024,Pending,1258
9940,1219,15,25-06-2024,Delivered,4437
9941,200,10,14-03-2024,Pending,2648
9942,1016,20,13-10-2024,Pending,4650
9943,4597,17,26-02-2024,Canceled,1207
9944,4229,6,22-04-2024,Delivered,2475
9945,1080,19,17-06-2024,Shipped,2657
9946,784,8,12-02-2024,Shipped,4575
9947,95,4,16-05-2024,Pending,3131
9948,4509,3,17-09-2024,Canceled,1917
9949,2900,8,19-05-2024,Shipped,1529
9950,279,15,01-03-2024,Pending,2840
9951,2430,6,01-03-2024,Shipped,789
9952,2060,15,22-04-2024,Pending,644
9953,4496,20,09-09-2024,Delivered,1214
9954,1737,1,02-10-2024,Canceled,1974
9955,1089,10,01-02-2024,Pending,3208
9956,3228,2,26-01-2024,Delivered,1202
9957,3533,14,06-04-2024,Delivered,4726
9958,165,15,11-04-2024,Shipped,1391
9959,545,1,31-01-2024,Pending,2865
9960,2925,13,23-04-2024,Shipped,710
9961,3921,1,02-08-2024,Pending,2380
9962,4219,9,10-02-2024,Canceled,2646
9963,956,14,23-02-2024,Pending,4954
9964,3643,12,10-06-2024,Shipped,538
9965,1197,18,11-10-2024,Shipped,3804
9966,2756,20,01-08-2024,Pending,1758
9967,802,18,07-08-2024,Delivered,3869
9968,4796,16,21-02-2024,Canceled,3527
9969,2161,2,29-05-2024,Pending,1987
9970,406,9,23-05-2024,Canceled,2354
9971,1642,13,28-07-2024,Pending,549
9972,4516,11,27-09-2024,Pending,4548
9973,493,12,26-03-2024,Delivered,3635
9974,162,18,07-05-2024,Pending,633
9975,606,16,04-09-2024,Canceled,672
9976,3036,6,08-03-2024,Shipped,757
9977,888,19,02-07-2024,Pending,1702
9978,1869,1,03-04-2024,Delivered,2108
9979,3690,17,27-07-2024,Canceled,3711
9980,3142,9,20-03-2024,Canceled,3839
9981,4388,15,08-10-2024,Shipped,2105
9982,774,14,09-09-2024,Pending,1229
9983,1434,3,27-08-2024,Delivered,1245
9984,4554,3,08-06-2024,Delivered,3156
9985,4749,15,01-11-2024,Pending,2733
9986,710,16,13-07-2024,Shipped,2601
9987,1968,20,31-07-2024,Delivered,3040
9988,336,12,05-05-2024,Pending,4804
9989,3854,14,07-06-2024,Delivered,2455
9990,1025,18,11-01-2024,Canceled,2014
9991,4142,2,05-10-2024,Delivered,1193
9992,3979,10,07-06-2024,Delivered,3737
9993,1629,19,25-08-2024,Delivered,3221
9994,2250,11,14-04-2024,Shipped,3473
9995,1300,18,06-05-2024,Pending,1377
9996,4278,8,20-10-2024,Canceled,1870
9997,2442,14,06-06-2024,Canceled,3148
9998,2580,14,17-07-2024,Shipped,3717
9999,3578,7,01-09-2024,Canceled,1413
10000,3008,8,16-04-2024,Delivered,1003
10001,4181,16,19-06-2024,Delivered,102
10002,3154,6,21-01-2024,Shipped,445
10003,4659,2,23-08-2024,Canceled,609
10004,1502,13,24-03-2024,Pending,3415
10005,4693,9,01-02-2024,Shipped,557
10006,659,5,28-08-2024,Canceled,2500
10007,3419,15,25-05-2024,Shipped,3499
10008,504,6,09-07-2024,Canceled,2861
10009,363,1,08-08-2024,Pending,1488
10010,3114,1,15-09-2024,Delivered,949
10011,513,13,17-08-2024,Delivered,1315
10012,4262,16,15-06-2024,Pending,4769
10013,2877,3,08-05-2024,Canceled,117
10014,1953,15,07-08-2024,Delivered,978
10015,1967,2,10-02-2024,Canceled,1119
10016,4463,7,11-03-2024,Delivered,4739
10017,145,12,02-09-2024,Canceled,1441
10018,3131,3,04-04-2024,Delivered,4260
10019,635,18,18-08-2024,Shipped,697
10020,3247,9,17-10-2024,Pending,1791
10021,3337,19,08-04-2024,Pending,1655
10022,4079,5,09-04-2024,Canceled,2228
10023,4792,6,08-11-2024,Pending,376
10024,3753,2,08-09-2024,Shipped,4512
10025,1516,15,27-10-2024,Canceled,1777
10026,2229,7,24-08-2024,Delivered,2658
10027,1297,18,09-04-2024,Delivered,268
10028,3509,6,27-08-2024,Canceled,2531
10029,4804,5,25-03-2024,Pending,1519
10030,4455,14,02-01-2024,Shipped,3113
10031,4286,2,28-06-2024,Delivered,3262
10032,1825,16,10-09-2024,Pending,4595
10033,1052,20,26-09-2024,Shipped,3671
10034,4261,15,02-08-2024,Delivered,3745
10035,958,6,29-04-2024,Pending,3670
10036,2667,6,07-05-2024,Canceled,2225
10037,4532,7,25-06-2024,Pending,522
10038,2054,2,14-07-2024,Pending,3971
10039,3937,16,11-04-2024,Delivered,542
10040,4498,12,07-04-2024,Delivered,3823
10041,1538,15,19-08-2024,Canceled,4906
10042,2312,9,09-09-2024,Pending,3966
10043,5,17,06-10-2024,Pending,953
10044,2960,3,25-01-2024,Canceled,1594
10045,2395,12,12-10-2024,Shipped,4215
10046,2017,2,08-11-2024,Shipped,1991
10047,1630,1,06-03-2024,Delivered,1194
10048,2551,6,18-10-2024,Shipped,2517
10049,3030,20,31-03-2024,Shipped,4792
10050,1407,5,23-01-2024,Shipped,442
10051,2309,6,05-07-2024,Pending,286
10052,1454,6,03-07-2024,Delivered,2499
10053,2796,5,14-02-2024,Canceled,333
10054,176,19,31-10-2024,Pending,3277
10055,248,17,30-04-2024,Canceled,2144
10056,2650,18,11-09-2024,Shipped,4284
10057,1737,14,29-05-2024,Delivered,468
10058,4564,5,08-05-2024,Shipped,4270
10059,1164,6,23-09-2024,Pending,1137
10060,3199,18,13-01-2024,Pending,1132
10061,677,17,10-09-2024,Shipped,4801
10062,4977,11,19-09-2024,Pending,3244
10063,3377,9,28-02-2024,Pending,4235
10064,1058,13,03-08-2024,Pending,2396
10065,1137,20,12-06-2024,Delivered,2261
10066,173,4,06-01-2024,Shipped,2539
10067,1235,11,30-01-2024,Shipped,4021
10068,2481,4,30-01-2024,Delivered,4291
10069,1683,1,16-07-2024,Delivered,3089
10070,486,13,07-04-2024,Pending,2608
10071,2913,14,21-06-2024,Delivered,3968
10072,502,4,07-06-2024,Shipped,4683
10073,3867,4,27-08-2024,Delivered,773
10074,3762,20,27-01-2024,Shipped,3348
10075,4731,10,13-01-2024,Delivered,4885
10076,2905,4,17-07-2024,Pending,4381
10077,1790,20,29-01-2024,Pending,3666
10078,4652,4,31-10-2024,Shipped,2194
10079,3873,5,31-07-2024,Shipped,2944
10080,2389,16,03-10-2024,Delivered,970
10081,3422,18,21-08-2024,Shipped,1175
10082,3909,16,28-07-2024,Canceled,2917
10083,944,2,07-02-2024,Pending,4660
10084,2710,5,26-09-2024,Pending,217
10085,502,4,08-09-2024,Canceled,2393
10086,741,9,20-10-2024,Shipped,1742
10087,1059,5,26-03-2024,Canceled,2787
10088,587,14,02-07-2024,Delivered,4812
10089,4755,16,24-07-2024,Pending,4175
10090,663,17,22-01-2024,Shipped,2187
10091,921,7,13-02-2024,Delivered,4360
10092,436,2,13-02-2024,Delivered,3440
10093,3537,15,18-01-2024,Canceled,4256
10094,3828,8,20-04-2024,Delivered,4999
10095,4515,14,27-06-2024,Pending,4576
10096,4035,10,02-01-2024,Pending,423
10097,1863,3,16-07-2024,Pending,1515
10098,1243,20,11-09-2024,Pending,1919
10099,1653,7,06-09-2024,Shipped,4294
10100,961,6,13-04-2024,Canceled,4934
10101,3709,15,17-04-2024,Delivered,1798
10102,2439,13,28-09-2024,Shipped,4794
10103,2689,13,01-11-2024,Pending,2053
10104,2860,9,08-04-2024,Canceled,3614
10105,4697,7,09-04-2024,Canceled,4680
10106,1941,8,02-05-2024,Delivered,2197
10107,248,1,30-03-2024,Canceled,1597
10108,4234,14,27-10-2024,Canceled,110
10109,2119,4,18-09-2024,Delivered,3989
10110,937,12,22-02-2024,Shipped,455
10111,2304,14,15-05-2024,Canceled,236
10112,1867,8,06-06-2024,Shipped,3230
10113,4732,15,01-07-2024,Pending,735
10114,1037,11,21-02-2024,Canceled,1001
10115,3711,11,04-02-2024,Shipped,1359
10116,1950,10,26-09-2024,Canceled,2416
10117,2852,18,25-01-2024,Delivered,1338
10118,1801,5,06-08-2024,Canceled,621
10119,4525,2,21-09-2024,Shipped,3683
10120,870,19,01-11-2024,Pending,3733
10121,1914,18,08-05-2024,Canceled,4377
10122,342,7,30-01-2024,Delivered,349
10123,583,19,03-02-2024,Pending,2440
10124,2055,18,03-01-2024,Canceled,4106
10125,926,5,08-08-2024,Shipped,2144
10126,3488,18,15-04-2024,Pending,3873
10127,3372,8,20-05-2024,Delivered,4407
10128,3574,16,09-10-2024,Pending,2266
10129,2753,5,23-09-2024,Canceled,4898
10130,4457,20,20-09-2024,Canceled,3424
10131,3668,9,01-11-2024,Delivered,1869
10132,2359,9,21-02-2024,Canceled,3460
10133,4581,19,05-06-2024,Shipped,2905
10134,294,1,17-05-2024,Pending,3093
10135,4465,2,20-10-2024,Shipped,2474
10136,2534,9,23-07-2024,Shipped,2676
10137,4592,11,05-09-2024,Delivered,3359
10138,1220,5,21-02-2024,Canceled,4193
10139,2082,4,28-01-2024,Shipped,1009
10140,1333,10,06-06-2024,Canceled,1108
10141,2148,17,12-05-2024,Pending,3862
10142,525,10,18-05-2024,Canceled,2599
10143,1531,12,04-02-2024,Pending,1962
10144,4032,9,26-04-2024,Pending,105
10145,4638,8,08-11-2024,Pending,3208
10146,3508,3,17-06-2024,Delivered,3763
10147,2133,6,08-03-2024,Canceled,2850
10148,17,6,21-09-2024,Pending,3794
10149,2486,11,05-01-2024,Delivered,1771
10150,3795,16,01-01-2024,Shipped,2947
10151,1160,6,03-01-2024,Canceled,496
10152,2852,3,26-07-2024,Pending,3103
10153,707,11,17-07-2024,Shipped,4409
10154,3115,19,29-07-2024,Canceled,1502
10155,339,14,17-10-2024,Pending,4265
10156,3070,8,21-07-2024,Canceled,1399
10157,4187,11,10-09-2024,Pending,3917
10158,2724,16,02-07-2024,Pending,2543
10159,2258,2,06-09-2024,Shipped,1447
10160,2891,4,12-06-2024,Pending,1541
10161,2888,17,25-04-2024,Pending,2181
10162,116,14,16-10-2024,Delivered,1729
10163,388,17,01-11-2024,Delivered,1578
10164,3766,19,11-02-2024,Delivered,1879
10165,1066,5,29-04-2024,Pending,2358
10166,241,7,03-04-2024,Canceled,4888
10167,1105,12,26-06-2024,Shipped,2888
10168,429,10,21-06-2024,Delivered,3136
10169,4627,10,05-03-2024,Delivered,4913
10170,2624,1,03-03-2024,Shipped,714
10171,743,14,10-03-2024,Pending,3887
10172,2976,13,15-07-2024,Pending,146
10173,4024,20,23-05-2024,Canceled,4331
10174,4880,6,06-05-2024,Canceled,2401
10175,2606,3,15-06-2024,Canceled,4674
10176,1260,20,02-11-2024,Shipped,805
10177,4960,11,13-08-2024,Pending,4681
10178,3229,15,08-10-2024,Pending,987
10179,2765,7,22-09-2024,Delivered,1466
10180,4844,18,14-03-2024,Pending,4377
10181,4187,1,31-01-2024,Delivered,2814
10182,1323,1,20-10-2024,Pending,1779
10183,304,12,18-04-2024,Canceled,1190
10184,4137,10,06-08-2024,Shipped,939
10185,3302,11,30-03-2024,Pending,834
10186,4631,13,17-05-2024,Delivered,3471
10187,1879,7,21-04-2024,Shipped,1714
10188,3899,15,27-07-2024,Shipped,4478
10189,26,19,04-08-2024,Canceled,4225
10190,1537,6,28-01-2024,Canceled,2844
10191,4559,18,07-10-2024,Canceled,2052
10192,4296,11,18-01-2024,Pending,1317
10193,3009,2,07-10-2024,Canceled,2506
10194,1872,5,10-07-2024,Canceled,1259
10195,419,8,18-03-2024,Shipped,1274
10196,4383,5,25-02-2024,Delivered,3058
10197,982,6,28-06-2024,Delivered,2231
10198,3624,4,10-06-2024,Delivered,4171
10199,830,14,03-10-2024,Pending,2481
10200,4355,6,29-01-2024,Delivered,1182
10201,1889,7,17-08-2024,Pending,2205
10202,4889,5,19-09-2024,Delivered,1076
10203,2386,6,23-08-2024,Pending,3869
10204,1719,12,07-10-2024,Canceled,3468
10205,905,16,16-01-2024,Canceled,2287
10206,1247,8,01-04-2024,Shipped,4306
10207,3929,7,22-06-2024,Canceled,1079
10208,2896,8,02-07-2024,Canceled,2465
10209,558,2,24-06-2024,Shipped,1319
10210,520,12,05-04-2024,Canceled,4376
10211,382,11,04-02-2024,Delivered,4658
10212,1873,16,07-02-2024,Pending,1583
10213,1852,12,04-01-2024,Shipped,4015
10214,2973,9,03-11-2024,Canceled,2045
10215,848,7,07-03-2024,Shipped,3005
10216,3893,16,03-05-2024,Shipped,1951
10217,729,17,25-09-2024,Shipped,83
10218,1827,6,16-03-2024,Canceled,764
10219,4355,12,30-10-2024,Shipped,2349
10220,3345,1,25-06-2024,Shipped,4708
10221,4098,8,13-09-2024,Pending,414
10222,432,10,03-05-2024,Shipped,2406
10223,633,11,13-08-2024,Canceled,3092
10224,3576,10,26-03-2024,Shipped,4868
10225,4722,1,21-03-2024,Delivered,2263
10226,2094,18,08-05-2024,Shipped,2066
10227,4586,1,30-07-2024,Canceled,3395
10228,275,8,01-05-2024,Canceled,3019
10229,1174,16,14-02-2024,Pending,1041
10230,4450,16,26-09-2024,Shipped,1516
10231,3712,6,14-05-2024,Delivered,3276
10232,4317,13,16-09-2024,Delivered,1969
10233,904,18,27-01-2024,Shipped,4607
10234,1937,19,31-08-2024,Pending,4178
10235,4990,15,24-04-2024,Pending,3200
10236,1231,4,11-08-2024,Delivered,1672
10237,4504,2,16-04-2024,Canceled,2637
10238,3922,8,16-01-2024,Canceled,175
10239,652,16,14-09-2024,Canceled,4060
10240,447,18,08-01-2024,Pending,414
10241,3249,9,11-07-2024,Delivered,4355
10242,2673,9,12-04-2024,Pending,2390
10243,3858,2,16-06-2024,Shipped,3003
10244,437,9,02-07-2024,Canceled,1764
10245,2383,16,22-02-2024,Delivered,2097
10246,550,9,29-03-2024,Delivered,2664
10247,312,6,16-08-2024,Shipped,2060
10248,1853,4,26-06-2024,Canceled,341
10249,3386,16,27-10-2024,Pending,2937
10250,1865,18,29-08-2024,Delivered,400
10251,555,15,21-07-2024,Shipped,3147
10252,1953,8,27-07-2024,Canceled,4020
10253,1894,18,01-02-2024,Canceled,659
10254,3364,15,10-02-2024,Delivered,3784
10255,2576,17,22-07-2024,Shipped,2268
10256,2262,4,15-07-2024,Pending,697
10257,2313,17,26-02-2024,Canceled,4865
10258,1075,2,07-02-2024,Pending,823
10259,621,18,20-10-2024,Shipped,888
10260,2679,17,17-10-2024,Canceled,2050
10261,1068,9,18-10-2024,Shipped,4601
10262,4700,12,19-01-2024,Pending,4137
10263,2198,16,19-06-2024,Pending,292
10264,3595,1,26-05-2024,Pending,3572
10265,4931,19,27-10-2024,Canceled,3143
10266,40,20,23-10-2024,Canceled,3318
10267,1356,13,21-09-2024,Shipped,4351
10268,593,9,13-01-2024,Canceled,162
10269,2322,5,05-05-2024,Shipped,922
10270,3917,20,15-09-2024,Pending,1849
10271,2347,7,24-10-2024,Pending,3396
10272,3345,10,12-08-2024,Canceled,1555
10273,128,13,21-05-2024,Delivered,1712
10274,2326,20,03-05-2024,Shipped,4977
10275,1651,14,26-07-2024,Shipped,1281
10276,2513,7,12-09-2024,Shipped,4483
10277,4427,12,03-09-2024,Canceled,3789
10278,4591,2,23-09-2024,Pending,728
10279,4130,20,22-09-2024,Shipped,252
10280,738,10,28-06-2024,Canceled,4251
10281,3347,18,26-10-2024,Shipped,3694
10282,1189,4,18-01-2024,Canceled,4394
10283,2026,4,07-04-2024,Canceled,3542
10284,1844,18,25-02-2024,Canceled,2264
10285,1245,20,23-05-2024,Canceled,1042
10286,1797,10,27-03-2024,Delivered,2394
10287,4080,13,25-09-2024,Canceled,1143
10288,2971,3,19-06-2024,Delivered,3458
10289,2599,10,30-06-2024,Shipped,4378
10290,4354,1,06-06-2024,Pending,2181
10291,4177,19,18-08-2024,Delivered,3686
10292,1572,18,05-10-2024,Delivered,713
10293,3550,9,06-06-2024,Canceled,968
10294,465,19,04-07-2024,Pending,3025
10295,2294,7,04-10-2024,Canceled,1837
10296,2166,8,06-04-2024,Canceled,1465
10297,2591,7,20-02-2024,Canceled,232
10298,2403,8,24-05-2024,Pending,1595
10299,1291,2,15-04-2024,Pending,1724
10300,2076,5,16-08-2024,Pending,45
10301,3232,10,01-06-2024,Canceled,3464
10302,1437,7,28-05-2024,Shipped,3519
10303,2310,19,12-01-2024,Pending,279
10304,3008,2,07-07-2024,Shipped,3482
10305,4948,9,31-10-2024,Canceled,3569
10306,2430,12,03-01-2024,Shipped,361
10307,527,8,09-03-2024,Pending,4176
10308,2021,11,31-07-2024,Canceled,453
10309,1859,6,03-09-2024,Delivered,4084
10310,277,1,01-07-2024,Pending,862
10311,2725,5,24-03-2024,Pending,4836
10312,2266,15,19-10-2024,Canceled,3051
10313,4962,15,04-11-2024,Canceled,2938
10314,2111,13,11-07-2024,Delivered,3753
10315,3419,2,19-02-2024,Canceled,2469
10316,4273,15,22-03-2024,Canceled,3753
10317,177,9,01-08-2024,Delivered,1812
10318,521,6,12-01-2024,Canceled,4943
10319,772,19,20-05-2024,Delivered,2125
10320,3991,6,25-06-2024,Canceled,3416
10321,3293,5,15-02-2024,Canceled,4378
10322,1606,15,01-03-2024,Delivered,1862
10323,3231,16,14-02-2024,Pending,3308
10324,2162,6,05-06-2024,Delivered,4291
10325,1190,18,14-10-2024,Pending,3329
10326,1570,16,18-06-2024,Canceled,755
10327,4141,13,10-03-2024,Shipped,3763
10328,2995,3,22-08-2024,Pending,675
10329,2426,1,29-05-2024,Canceled,4013
10330,1286,10,18-09-2024,Canceled,2984
10331,2024,18,29-05-2024,Canceled,1845
10332,2484,19,21-07-2024,Pending,695
10333,3312,2,01-09-2024,Shipped,184
10334,2144,16,25-10-2024,Shipped,3835
10335,1608,18,24-09-2024,Canceled,711
10336,4352,5,11-03-2024,Pending,4137
10337,3274,12,04-07-2024,Pending,3473
10338,3723,6,29-03-2024,Shipped,4467
10339,1488,18,12-04-2024,Canceled,3004
10340,4741,9,06-03-2024,Pending,2020
10341,2060,2,22-07-2024,Shipped,4449
10342,4331,10,06-08-2024,Pending,779
10343,1525,4,23-01-2024,Pending,2630
10344,1250,1,10-09-2024,Shipped,4891
10345,2936,19,13-04-2024,Pending,4369
10346,3716,8,07-03-2024,Shipped,2510
10347,4404,1,03-06-2024,Shipped,3897
10348,2011,20,29-07-2024,Delivered,3441
10349,4066,17,06-05-2024,Shipped,3844
10350,1660,14,13-10-2024,Pending,1908
10351,288,1,23-09-2024,Delivered,3504
10352,3616,6,23-04-2024,Delivered,4595
10353,1319,17,22-04-2024,Pending,3280
10354,1110,4,02-06-2024,Shipped,791
10355,4426,12,02-01-2024,Shipped,879
10356,871,3,01-09-2024,Canceled,2894
10357,4299,8,11-09-2024,Shipped,1939
10358,2637,20,01-09-2024,Pending,2214
10359,3975,19,04-10-2024,Delivered,1225
10360,796,19,13-09-2024,Delivered,2975
10361,4318,19,05-06-2024,Canceled,2035
10362,2453,1,15-07-2024,Shipped,560
10363,1079,7,23-07-2024,Shipped,2799
10364,4589,13,11-08-2024,Delivered,1568
10365,3914,13,08-05-2024,Shipped,1268
10366,1702,14,15-07-2024,Shipped,2484
10367,10,16,23-08-2024,Delivered,4462
10368,766,2,24-08-2024,Shipped,3583
10369,1238,3,31-10-2024,Pending,722
10370,3105,7,02-04-2024,Pending,2464
10371,3735,18,26-02-2024,Pending,2254
10372,4799,17,28-01-2024,Pending,869
10373,3873,15,30-08-2024,Delivered,2656
10374,1139,4,30-01-2024,Shipped,1886
10375,2429,3,17-09-2024,Shipped,53
10376,4609,1,14-10-2024,Pending,825
10377,3596,5,30-03-2024,Pending,1851
10378,3718,8,14-03-2024,Shipped,2254
10379,4243,19,11-10-2024,Delivered,48
10380,4786,7,13-01-2024,Canceled,848
10381,3790,15,17-04-2024,Canceled,3502
10382,4059,14,25-04-2024,Shipped,2197
10383,1292,19,19-02-2024,Canceled,2454
10384,1451,5,06-02-2024,Delivered,182
10385,4219,3,04-07-2024,Shipped,4839
10386,205,11,22-08-2024,Delivered,4488
10387,2763,3,06-05-2024,Delivered,3060
10388,957,3,22-03-2024,Shipped,3507
10389,3894,19,26-04-2024,Delivered,3118
10390,1780,17,25-09-2024,Canceled,1595
10391,2415,11,25-07-2024,Shipped,72
10392,3371,13,29-10-2024,Shipped,2271
10393,1973,9,14-05-2024,Pending,2663
10394,4974,12,10-06-2024,Shipped,3183
10395,2277,10,07-04-2024,Canceled,1789
10396,2745,17,15-05-2024,Delivered,627
10397,3569,16,17-10-2024,Shipped,821
10398,4547,1,06-01-2024,Shipped,691
10399,2583,3,19-04-2024,Delivered,356
10400,1277,15,01-05-2024,Shipped,1685
10401,2808,14,10-06-2024,Pending,4162
10402,3794,19,06-03-2024,Pending,2218
10403,1764,17,10-04-2024,Delivered,421
10404,4843,15,10-01-2024,Delivered,2721
10405,4877,1,28-10-2024,Delivered,4986
10406,1635,8,30-04-2024,Canceled,2668
10407,4928,17,23-09-2024,Shipped,2028
10408,1146,13,24-10-2024,Shipped,4512
10409,3135,18,21-10-2024,Canceled,1969
10410,4565,1,09-09-2024,Shipped,3741
10411,3890,16,23-04-2024,Canceled,2417
10412,1210,15,07-02-2024,Pending,4710
10413,4429,20,06-06-2024,Canceled,1867
10414,953,10,24-03-2024,Delivered,3879
10415,4097,1,05-02-2024,Shipped,2542
10416,4272,3,13-06-2024,Pending,717
10417,1468,16,08-10-2024,Pending,1199
10418,4079,6,13-09-2024,Pending,358
10419,1021,6,05-10-2024,Delivered,2300
10420,1125,17,06-10-2024,Delivered,3102
10421,2081,5,18-10-2024,Canceled,2160
10422,4408,13,30-05-2024,Canceled,541
10423,539,9,25-10-2024,Canceled,751
10424,3419,11,19-10-2024,Delivered,3008
10425,1394,16,21-04-2024,Shipped,3880
10426,476,7,06-02-2024,Delivered,3185
10427,4752,19,08-07-2024,Delivered,4736
10428,2109,13,22-01-2024,Shipped,1685
10429,1042,6,21-01-2024,Pending,3519
10430,149,5,25-01-2024,Canceled,3695
10431,1910,13,26-03-2024,Pending,372
10432,4867,9,26-03-2024,Pending,1977
10433,2436,7,20-06-2024,Pending,2056
10434,4102,15,15-08-2024,Canceled,2461
10435,3050,1,07-01-2024,Pending,3133
10436,4335,1,09-04-2024,Shipped,4927
10437,4587,15,20-06-2024,Shipped,4219
10438,2309,7,13-04-2024,Shipped,3316
10439,3861,16,05-11-2024,Canceled,3592
10440,1466,20,18-02-2024,Pending,353
10441,2845,7,15-02-2024,Pending,2203
10442,2836,18,21-02-2024,Canceled,1659
10443,1479,6,17-10-2024,Shipped,4147
10444,1270,8,16-01-2024,Shipped,3740
10445,2745,4,14-06-2024,Canceled,1431
10446,2609,15,08-11-2024,Canceled,3228
10447,1682,10,18-09-2024,Canceled,2221
10448,737,16,02-06-2024,Canceled,4760
10449,2543,14,09-01-2024,Delivered,670
10450,4048,6,25-05-2024,Canceled,2535
10451,152,19,18-09-2024,Pending,1990
10452,2985,7,21-10-2024,Canceled,469
10453,4669,19,13-07-2024,Delivered,4714
10454,1503,4,11-01-2024,Canceled,4670
10455,1404,12,26-09-2024,Delivered,2399
10456,1220,2,26-07-2024,Canceled,684
10457,395,18,24-10-2024,Delivered,4499
10458,1737,14,06-05-2024,Shipped,2751
10459,3963,14,11-06-2024,Shipped,468
10460,1139,13,18-08-2024,Delivered,2130
10461,3590,8,03-01-2024,Canceled,1767
10462,3233,15,19-10-2024,Pending,596
10463,3089,16,21-02-2024,Delivered,2046
10464,1414,8,08-10-2024,Pending,3375
10465,3957,1,05-08-2024,Canceled,1926
10466,4167,12,15-09-2024,Shipped,2050
10467,917,11,13-08-2024,Shipped,864
10468,86,14,07-02-2024,Pending,2064
10469,3700,18,31-08-2024,Canceled,4439
10470,2103,15,12-07-2024,Pending,1161
10471,3886,13,21-01-2024,Delivered,653
10472,4623,3,13-07-2024,Pending,4270
10473,117,3,15-07-2024,Pending,3108
10474,3214,2,13-07-2024,Shipped,1506
10475,404,18,05-01-2024,Delivered,2076
10476,1411,14,19-06-2024,Delivered,2700
10477,704,20,24-02-2024,Shipped,2597
10478,1439,19,16-04-2024,Shipped,2547
10479,382,16,28-02-2024,Delivered,1275
10480,2004,16,25-01-2024,Canceled,4667
10481,2869,3,04-07-2024,Shipped,3181
10482,2605,6,07-05-2024,Shipped,2803
10483,1778,12,01-04-2024,Shipped,312
10484,1476,10,07-01-2024,Shipped,351
10485,4210,10,20-10-2024,Canceled,2773
10486,655,9,06-08-2024,Delivered,3030
10487,4995,17,25-09-2024,Canceled,1142
10488,1202,18,21-06-2024,Delivered,1926
10489,3466,16,28-06-2024,Canceled,1027
10490,1718,10,26-02-2024,Canceled,2796
10491,1630,19,28-02-2024,Canceled,4418
10492,3252,18,27-05-2024,Pending,4881
10493,4585,4,20-08-2024,Canceled,538
10494,1647,18,13-06-2024,Shipped,2572
10495,4876,12,27-10-2024,Delivered,2294
10496,4411,13,01-06-2024,Delivered,4426
10497,4691,20,21-06-2024,Delivered,1489
10498,4116,12,28-03-2024,Canceled,925
10499,2620,13,18-04-2024,Pending,2336
10500,1091,18,28-08-2024,Pending,2552
10501,98,15,02-05-2024,Pending,442
10502,3445,5,21-07-2024,Shipped,3651
10503,4985,1,27-09-2024,Canceled,3684
10504,2967,17,01-11-2024,Pending,1013
10505,4603,5,18-06-2024,Canceled,3794
10506,805,14,25-01-2024,Shipped,1710
10507,1942,5,04-02-2024,Shipped,839
10508,2185,8,13-10-2024,Delivered,1636
10509,4498,2,06-05-2024,Shipped,1893
10510,2434,12,04-10-2024,Pending,407
10511,55,6,14-01-2024,Pending,2816
10512,2743,4,18-01-2024,Pending,3803
10513,1536,6,24-07-2024,Pending,954
10514,2157,15,24-05-2024,Pending,3350
10515,2026,15,02-11-2024,Delivered,1759
10516,4208,4,03-08-2024,Pending,1330
10517,3658,19,05-05-2024,Pending,2624
10518,4469,10,21-10-2024,Shipped,179
10519,567,13,15-04-2024,Delivered,1765
10520,4033,2,11-08-2024,Delivered,4088
10521,2840,17,27-01-2024,Canceled,3408
10522,4742,8,03-10-2024,Pending,4151
10523,1532,13,23-04-2024,Shipped,2809
10524,1363,14,24-09-2024,Pending,8
10525,2079,3,31-05-2024,Pending,379
10526,1351,15,15-05-2024,Delivered,1801
10527,2316,12,27-01-2024,Delivered,4843
10528,4676,7,18-06-2024,Canceled,2338
10529,4725,2,11-07-2024,Delivered,2836
10530,1363,2,01-11-2024,Shipped,2667
10531,762,4,15-08-2024,Shipped,412
10532,2337,10,06-03-2024,Shipped,3367
10533,1434,3,12-02-2024,Delivered,3217
10534,2137,14,25-02-2024,Shipped,2916
10535,2119,6,20-06-2024,Shipped,3790
10536,2373,20,26-01-2024,Canceled,2033
10537,83,20,06-10-2024,Delivered,2397
10538,1017,8,22-08-2024,Delivered,4193
10539,3208,7,04-05-2024,Pending,1959
10540,4399,18,25-02-2024,Canceled,55
10541,2799,10,06-06-2024,Canceled,1066
10542,3169,6,06-02-2024,Pending,4571
10543,1222,7,06-07-2024,Pending,4834
10544,4528,2,17-02-2024,Canceled,949
10545,4673,16,18-07-2024,Canceled,767
10546,1452,20,11-06-2024,Delivered,3257
10547,3099,16,01-07-2024,Shipped,4812
10548,4949,16,24-01-2024,Canceled,1562
10549,1960,1,15-09-2024,Pending,1100
10550,2520,12,15-08-2024,Shipped,4754
10551,1928,4,16-06-2024,Pending,2449
10552,749,12,15-07-2024,Pending,4369
10553,4091,7,03-04-2024,Delivered,1882
10554,2835,6,28-09-2024,Delivered,3905
10555,3567,13,04-10-2024,Canceled,440
10556,4829,4,16-10-2024,Canceled,602
10557,1988,16,06-11-2024,Delivered,2556
10558,3746,8,03-07-2024,Delivered,1706
10559,276,5,24-02-2024,Shipped,4668
10560,802,20,11-01-2024,Shipped,704
10561,1386,11,27-01-2024,Pending,681
10562,187,20,26-10-2024,Pending,2563
10563,4961,7,18-06-2024,Shipped,145
10564,2423,11,09-04-2024,Pending,1002
10565,2537,10,29-07-2024,Pending,460
10566,3797,18,10-09-2024,Canceled,4489
10567,4042,14,02-05-2024,Delivered,2042
10568,4642,4,10-04-2024,Delivered,2428
10569,3051,13,28-06-2024,Canceled,2090
10570,1508,20,31-01-2024,Shipped,1157
10571,2172,4,05-04-2024,Shipped,7
10572,516,8,25-03-2024,Shipped,340
10573,2431,16,22-02-2024,Canceled,525
10574,2630,15,15-09-2024,Delivered,4225
10575,4467,12,06-05-2024,Delivered,1070
10576,3504,3,03-08-2024,Canceled,4661
10577,661,20,05-02-2024,Canceled,3929
10578,3412,17,29-09-2024,Pending,444
10579,2245,12,15-08-2024,Pending,144
10580,378,16,30-09-2024,Delivered,164
10581,4890,20,07-06-2024,Shipped,468
10582,3886,18,22-03-2024,Pending,1331
10583,4996,16,08-04-2024,Canceled,2226
10584,3247,15,03-08-2024,Pending,436
10585,4093,14,04-02-2024,Shipped,868
10586,49,4,29-03-2024,Delivered,569
10587,1023,17,08-01-2024,Canceled,2247
10588,4107,15,14-01-2024,Pending,4885
10589,2418,15,27-04-2024,Delivered,2219
10590,3723,1,21-09-2024,Canceled,2356
10591,4051,1,03-04-2024,Shipped,1509
10592,2342,17,29-05-2024,Delivered,3332
10593,361,14,25-02-2024,Pending,735
10594,4831,6,24-05-2024,Canceled,4402
10595,418,17,06-09-2024,Delivered,3515
10596,2641,7,31-05-2024,Canceled,1320
10597,898,16,08-08-2024,Pending,2620
10598,234,15,14-02-2024,Canceled,2575
10599,3279,10,16-09-2024,Shipped,2797
10600,4413,2,09-05-2024,Delivered,3634
10601,4438,14,05-04-2024,Shipped,770
10602,2761,5,17-10-2024,Canceled,4018
10603,1937,19,06-09-2024,Pending,1193
10604,653,4,09-10-2024,Canceled,766
10605,282,16,21-08-2024,Shipped,1997
10606,3015,15,19-09-2024,Canceled,3573
10607,1236,6,03-04-2024,Pending,1618
10608,1290,11,03-01-2024,Shipped,2382
10609,2777,18,13-05-2024,Shipped,4996
10610,1149,3,04-08-2024,Canceled,2170
10611,1559,18,02-11-2024,Canceled,3240
10612,3724,1,01-02-2024,Delivered,4595
10613,4013,5,28-07-2024,Delivered,1698
10614,892,4,13-07-2024,Delivered,88
10615,4865,14,26-09-2024,Delivered,1420
10616,4227,11,27-05-2024,Shipped,3921
10617,2251,5,05-03-2024,Pending,4945
10618,1228,19,19-04-2024,Canceled,2352
10619,4610,19,02-01-2024,Canceled,1045
10620,1387,4,19-04-2024,Canceled,4447
10621,2658,14,15-06-2024,Canceled,1683
10622,1107,14,26-05-2024,Delivered,4819
10623,1448,18,05-02-2024,Pending,4952
10624,2103,14,11-01-2024,Canceled,250
10625,3120,13,25-01-2024,Pending,1941
10626,326,5,14-01-2024,Pending,3835
10627,2512,4,17-06-2024,Delivered,10
10628,2031,4,23-09-2024,Delivered,1465
10629,696,20,30-09-2024,Canceled,1570
10630,1253,4,26-01-2024,Pending,2848
10631,4527,20,10-08-2024,Delivered,1209
10632,2105,13,14-05-2024,Shipped,4807
10633,379,2,15-10-2024,Shipped,4657
10634,1962,8,16-07-2024,Pending,900
10635,4131,7,27-01-2024,Canceled,70
10636,4710,5,03-11-2024,Delivered,4395
10637,524,9,25-05-2024,Canceled,3138
10638,2427,3,05-02-2024,Pending,4478
10639,4556,7,24-07-2024,Pending,3610
10640,1776,18,25-08-2024,Pending,2837
10641,2216,1,19-03-2024,Canceled,4854
10642,4263,14,04-10-2024,Canceled,3604
10643,1488,11,27-02-2024,Delivered,2623
10644,2881,7,10-08-2024,Delivered,759
10645,2923,12,27-09-2024,Delivered,1767
10646,2044,2,29-07-2024,Delivered,3447
10647,4399,8,16-06-2024,Shipped,1060
10648,4785,2,05-05-2024,Pending,681
10649,2171,6,15-03-2024,Canceled,2821
10650,4965,1,15-06-2024,Canceled,4828
10651,4083,3,29-05-2024,Pending,1680
10652,3097,16,27-10-2024,Canceled,1529
10653,3148,7,13-02-2024,Shipped,4611
10654,4493,5,26-04-2024,Delivered,4911
10655,3003,15,18-05-2024,Canceled,2210
10656,1992,15,07-01-2024,Delivered,4593
10657,1252,7,17-09-2024,Shipped,4503
10658,3099,8,30-01-2024,Pending,1478
10659,2003,12,02-08-2024,Delivered,3198
10660,3452,11,28-01-2024,Pending,1356
10661,2514,18,06-08-2024,Canceled,1741
10662,527,19,05-07-2024,Canceled,1636
10663,2361,17,05-08-2024,Canceled,1185
10664,3983,18,21-05-2024,Delivered,1383
10665,2961,7,23-01-2024,Canceled,3887
10666,2055,15,29-03-2024,Pending,1593
10667,4729,20,29-06-2024,Shipped,856
10668,2572,8,26-04-2024,Delivered,3119
10669,2172,11,19-10-2024,Delivered,1605
10670,989,1,03-10-2024,Shipped,3325
10671,1517,18,19-03-2024,Shipped,928
10672,1824,17,29-05-2024,Shipped,3840
10673,1198,3,07-09-2024,Canceled,1509
10674,1509,6,30-01-2024,Canceled,2990
10675,1095,19,09-03-2024,Pending,2343
10676,3946,12,11-05-2024,Shipped,2175
10677,1461,7,26-01-2024,Shipped,2341
10678,4974,15,20-04-2024,Pending,4275
10679,1922,14,05-03-2024,Canceled,1490
10680,1351,11,21-10-2024,Canceled,1182
10681,550,19,13-09-2024,Canceled,4053
10682,3140,18,13-09-2024,Shipped,612
10683,814,8,05-10-2024,Canceled,3266
10684,3286,2,30-05-2024,Shipped,2868
10685,3222,6,07-02-2024,Delivered,2088
10686,490,18,23-07-2024,Pending,1265
10687,1956,9,22-08-2024,Pending,3879
10688,1050,2,19-09-2024,Canceled,710
10689,4570,3,31-01-2024,Delivered,3259
10690,2356,4,20-02-2024,Delivered,4932
10691,3776,10,30-04-2024,Pending,1999
10692,3257,5,25-01-2024,Delivered,4959
10693,162,1,07-05-2024,Shipped,1482
10694,2817,13,04-10-2024,Delivered,4068
10695,4549,8,03-03-2024,Canceled,3755
10696,3158,20,26-01-2024,Canceled,3240
10697,2425,9,01-03-2024,Pending,3712
10698,2881,14,01-02-2024,Canceled,1695
10699,4420,10,04-11-2024,Canceled,4459
10700,173,3,10-09-2024,Shipped,3965
10701,1932,5,02-11-2024,Pending,4480
10702,1291,8,30-08-2024,Shipped,2564
10703,4118,18,30-08-2024,Canceled,1374
10704,1872,7,03-04-2024,Delivered,3297
10705,2019,20,02-11-2024,Shipped,2205
10706,1095,4,08-11-2024,Pending,755
10707,3897,17,23-03-2024,Shipped,2301
10708,4432,20,31-07-2024,Pending,3175
10709,3470,12,25-06-2024,Delivered,446
10710,2508,10,21-03-2024,Shipped,1881
10711,2332,15,07-01-2024,Delivered,1730
10712,4960,14,18-01-2024,Shipped,887
10713,2706,18,22-09-2024,Canceled,3521
10714,4217,5,30-05-2024,Canceled,3222
10715,3874,20,16-01-2024,Delivered,461
10716,1351,9,05-11-2024,Shipped,4846
10717,2981,4,01-04-2024,Pending,237
10718,4969,8,09-09-2024,Canceled,1678
10719,4941,6,03-03-2024,Delivered,1408
10720,4391,19,06-11-2024,Delivered,4189
10721,1133,11,15-07-2024,Shipped,4280
10722,2204,7,16-08-2024,Canceled,4130
10723,1843,11,21-06-2024,Canceled,4206
10724,3668,19,21-08-2024,Delivered,2467
10725,191,13,30-10-2024,Shipped,3460
10726,625,19,26-09-2024,Pending,2101
10727,300,19,19-05-2024,Delivered,1046
10728,72,3,28-06-2024,Pending,3827
10729,4455,5,29-03-2024,Shipped,460
10730,1072,20,30-06-2024,Shipped,892
10731,1319,12,15-10-2024,Pending,1777
10732,4079,3,28-06-2024,Shipped,668
10733,2273,15,22-05-2024,Delivered,3814
10734,3299,14,18-06-2024,Canceled,2056
10735,629,2,15-10-2024,Canceled,3192
10736,533,15,15-10-2024,Delivered,2908
10737,3516,3,25-09-2024,Delivered,3694
10738,1052,11,01-09-2024,Delivered,2320
10739,1428,18,25-04-2024,Pending,1958
10740,1559,4,06-09-2024,Delivered,2489
10741,4887,13,09-02-2024,Delivered,184
10742,3945,15,09-01-2024,Shipped,3498
10743,3492,12,01-08-2024,Pending,1100
10744,4980,19,17-08-2024,Canceled,4906
10745,1580,2,29-04-2024,Canceled,3718
10746,419,5,23-05-2024,Shipped,2866
10747,3582,13,23-02-2024,Delivered,1855
10748,4313,15,13-01-2024,Pending,1971
10749,297,17,04-07-2024,Pending,1710
10750,1317,18,19-02-2024,Delivered,2622
10751,2180,13,27-10-2024,Delivered,4085
10752,3315,18,11-05-2024,Pending,1143
10753,166,3,24-08-2024,Canceled,3562
10754,4841,2,15-04-2024,Canceled,3602
10755,417,9,16-10-2024,Shipped,3721
10756,2594,13,03-01-2024,Shipped,4262
10757,1303,5,15-03-2024,Delivered,664
10758,1677,12,11-07-2024,Shipped,4614
10759,386,7,29-05-2024,Delivered,4
10760,1674,15,11-04-2024,Canceled,4553
10761,4900,15,14-08-2024,Pending,4371
10762,4139,20,26-04-2024,Pending,569
10763,1906,16,26-09-2024,Shipped,1379
10764,3054,3,31-01-2024,Canceled,1600
10765,1699,3,16-03-2024,Delivered,1898
10766,3590,18,01-04-2024,Canceled,4807
10767,907,3,10-01-2024,Pending,1735
10768,10,2,18-08-2024,Delivered,846
10769,4977,20,18-07-2024,Shipped,3533
10770,2966,7,08-04-2024,Pending,62
10771,4111,10,11-10-2024,Pending,3535
10772,4078,2,04-05-2024,Pending,450
10773,985,19,20-05-2024,Shipped,2794
10774,3753,6,01-03-2024,Shipped,2024
10775,3333,4,04-10-2024,Canceled,3265
10776,4252,12,22-02-2024,Delivered,2103
10777,3443,5,25-05-2024,Canceled,2219
10778,3570,11,05-05-2024,Canceled,601
10779,4981,16,22-04-2024,Canceled,506
10780,2041,5,29-08-2024,Canceled,2337
10781,3280,5,01-10-2024,Shipped,2981
10782,2785,4,09-04-2024,Shipped,564
10783,4042,18,18-02-2024,Canceled,1996
10784,1269,15,06-03-2024,Delivered,1319
10785,434,17,16-07-2024,Delivered,882
10786,2522,1,12-05-2024,Pending,85
10787,1395,13,28-01-2024,Shipped,1076
10788,2545,20,10-04-2024,Pending,848
10789,2754,4,05-02-2024,Pending,4285
10790,4621,13,01-04-2024,Delivered,602
10791,4306,1,19-10-2024,Pending,24
10792,1375,11,01-06-2024,Canceled,336
10793,1704,4,12-10-2024,Canceled,2610
10794,3654,9,19-03-2024,Canceled,2125
10795,1821,12,27-02-2024,Canceled,1518
10796,881,1,16-05-2024,Canceled,2904
10797,2440,7,02-05-2024,Delivered,99
10798,4465,17,24-07-2024,Canceled,2929
10799,4687,7,27-10-2024,Delivered,2044
10800,4255,8,16-06-2024,Canceled,137
10801,2633,17,12-02-2024,Canceled,3184
10802,2855,8,01-04-2024,Canceled,1776
10803,1146,18,22-03-2024,Shipped,3247
10804,3380,9,12-10-2024,Pending,2460
10805,591,11,14-03-2024,Pending,3663
10806,1777,15,10-09-2024,Delivered,2831
10807,692,12,23-03-2024,Pending,3683
10808,3161,2,05-01-2024,Delivered,2854
10809,4749,12,15-05-2024,Pending,4981
10810,3157,7,15-06-2024,Pending,1411
10811,4708,12,08-02-2024,Delivered,2171
10812,186,8,01-09-2024,Canceled,2814
10813,3836,7,29-03-2024,Canceled,161
10814,486,19,11-02-2024,Delivered,3701
10815,4150,19,31-01-2024,Shipped,3098
10816,250,5,18-02-2024,Pending,165
10817,2218,20,17-09-2024,Pending,4640
10818,2440,8,11-09-2024,Pending,4092
10819,3748,15,28-09-2024,Canceled,1121
10820,1806,17,04-04-2024,Shipped,4447
10821,4465,1,10-07-2024,Pending,3850
10822,3270,8,24-02-2024,Delivered,2175
10823,624,12,21-03-2024,Canceled,3372
10824,883,5,27-09-2024,Shipped,1594
10825,4909,14,12-06-2024,Delivered,1573
10826,2707,17,01-07-2024,Pending,1428
10827,4873,9,05-10-2024,Pending,1396
10828,3564,4,24-09-2024,Shipped,515
10829,207,3,28-08-2024,Pending,407
10830,2041,11,22-01-2024,Shipped,2496
10831,4535,13,17-07-2024,Canceled,730
10832,1699,13,11-03-2024,Pending,1738
10833,2924,13,15-10-2024,Delivered,4187
10834,3416,11,18-02-2024,Canceled,4257
10835,2994,12,23-03-2024,Shipped,4587
10836,4172,14,14-10-2024,Pending,3743
10837,4591,3,23-05-2024,Shipped,2564
10838,1158,20,08-10-2024,Canceled,1922
10839,1496,18,02-09-2024,Shipped,3360
10840,4453,7,09-03-2024,Delivered,3030
10841,434,20,14-10-2024,Shipped,2024
10842,3162,6,28-02-2024,Delivered,1963
10843,4718,18,30-01-2024,Shipped,4503
10844,3159,19,15-02-2024,Delivered,4027
10845,2602,18,30-01-2024,Shipped,3734
10846,181,2,10-02-2024,Canceled,3648
10847,3579,14,19-07-2024,Pending,3025
10848,4236,13,15-08-2024,Delivered,4286
10849,3205,9,12-01-2024,Canceled,630
10850,1005,3,10-08-2024,Delivered,1789
10851,3180,7,01-08-2024,Pending,2389
10852,3820,2,24-03-2024,Delivered,2243
10853,1488,18,14-09-2024,Pending,1877
10854,4011,20,10-10-2024,Shipped,2912
10855,4753,20,19-01-2024,Pending,3236
10856,2738,2,16-07-2024,Shipped,2755
10857,1183,4,06-07-2024,Pending,2974
10858,2938,17,15-08-2024,Shipped,612
10859,881,2,09-08-2024,Shipped,2413
10860,2337,10,23-03-2024,Shipped,1562
10861,3773,18,26-03-2024,Canceled,2368
10862,4585,2,21-03-2024,Pending,2634
10863,2508,18,19-01-2024,Shipped,753
10864,2518,11,21-08-2024,Pending,3747
10865,4279,12,10-09-2024,Shipped,1126
10866,4641,9,25-01-2024,Shipped,871
10867,2372,16,14-03-2024,Pending,1393
10868,3077,18,19-07-2024,Shipped,29
10869,3042,9,08-11-2024,Canceled,499
10870,1572,9,09-09-2024,Delivered,3986
10871,2570,10,22-08-2024,Delivered,1043
10872,4749,17,02-02-2024,Delivered,2600
10873,1560,6,01-09-2024,Shipped,2012
10874,749,18,07-09-2024,Delivered,3170
10875,3020,15,23-08-2024,Delivered,707
10876,4117,16,06-08-2024,Pending,2743
10877,978,10,13-06-2024,Canceled,1752
10878,4021,7,09-01-2024,Delivered,1305
10879,3877,19,03-03-2024,Canceled,4679
10880,2539,16,07-01-2024,Shipped,2617
10881,430,9,21-10-2024,Delivered,4294
10882,466,3,17-07-2024,Pending,3061
10883,4396,20,29-02-2024,Delivered,2083
10884,1450,6,06-08-2024,Canceled,1542
10885,63,2,06-08-2024,Canceled,315
10886,2766,6,07-06-2024,Canceled,882
10887,636,14,12-09-2024,Delivered,1635
10888,310,19,14-09-2024,Shipped,856
10889,3320,19,11-10-2024,Canceled,932
10890,3659,12,15-07-2024,Pending,2169
10891,2111,6,03-09-2024,Delivered,4587
10892,1993,11,15-02-2024,Pending,1578
10893,4042,2,30-07-2024,Delivered,2328
10894,4468,7,16-02-2024,Canceled,4019
10895,560,11,13-04-2024,Delivered,866
10896,4066,9,01-04-2024,Canceled,890
10897,3316,12,20-03-2024,Shipped,550
10898,393,13,23-10-2024,Delivered,1528
10899,1754,17,03-05-2024,Delivered,2597
10900,1841,5,07-09-2024,Shipped,4856
10901,80,2,20-07-2024,Shipped,1298
10902,2715,20,12-06-2024,Pending,2519
10903,4422,12,10-03-2024,Canceled,1573
10904,4981,19,29-07-2024,Pending,2882
10905,560,14,06-04-2024,Pending,355
10906,4275,10,23-05-2024,Shipped,4111
10907,2536,9,15-07-2024,Canceled,3193
10908,2351,6,05-10-2024,Delivered,4840
10909,1871,19,05-08-2024,Delivered,1548
10910,2260,16,04-01-2024,Shipped,4474
10911,414,20,20-05-2024,Shipped,2756
10912,851,4,29-07-2024,Delivered,4020
10913,430,8,22-07-2024,Canceled,4255
10914,3473,1,27-10-2024,Shipped,3927
10915,1569,1,24-06-2024,Shipped,2494
10916,3043,11,07-07-2024,Delivered,3761
10917,1852,14,12-09-2024,Pending,1971
10918,3451,8,18-08-2024,Shipped,2792
10919,2274,1,18-06-2024,Pending,4673
10920,415,3,13-07-2024,Delivered,4464
10921,4058,7,15-01-2024,Delivered,1289
10922,4790,4,26-06-2024,Delivered,4288
10923,4667,16,07-06-2024,Shipped,2719
10924,4082,7,04-08-2024,Canceled,1048
10925,4117,7,11-07-2024,Delivered,315
10926,3010,6,08-08-2024,Pending,4869
10927,1947,6,20-01-2024,Shipped,1635
10928,3381,18,10-03-2024,Shipped,4895
10929,1842,4,18-04-2024,Canceled,3949
10930,2512,18,20-04-2024,Shipped,3158
10931,3283,16,11-06-2024,Delivered,2643
10932,1529,16,11-04-2024,Canceled,3223
10933,2235,20,16-04-2024,Canceled,1882
10934,3343,14,02-03-2024,Shipped,3276
10935,536,16,18-03-2024,Shipped,977
10936,3576,2,11-09-2024,Shipped,4737
10937,1,18,13-05-2024,Shipped,3255
10938,722,10,11-08-2024,Shipped,3966
10939,3830,12,24-07-2024,Shipped,1554
10940,3039,6,07-10-2024,Canceled,2681
10941,2001,7,03-09-2024,Shipped,3879
10942,608,10,07-10-2024,Delivered,303
10943,4895,5,28-05-2024,Pending,4173
10944,2358,7,15-04-2024,Delivered,4906
10945,4899,4,18-07-2024,Canceled,4637
10946,1928,13,16-04-2024,Delivered,2235
10947,3030,2,11-01-2024,Pending,4664
10948,4106,17,25-09-2024,Shipped,4026
10949,3077,8,08-10-2024,Pending,2091
10950,2281,4,30-10-2024,Canceled,4301
10951,2846,12,14-08-2024,Shipped,3915
10952,343,5,13-03-2024,Canceled,168
10953,422,16,23-09-2024,Pending,1616
10954,4365,2,27-10-2024,Canceled,2329
10955,1571,9,02-07-2024,Canceled,1230
10956,3791,4,12-01-2024,Pending,310
10957,2408,14,26-02-2024,Pending,4881
10958,745,3,12-08-2024,Shipped,1605
10959,1094,2,16-01-2024,Pending,2339
10960,2171,15,07-07-2024,Delivered,1302
10961,4523,20,24-05-2024,Canceled,1061
10962,4599,8,09-04-2024,Shipped,1048
10963,4070,8,26-02-2024,Canceled,223
10964,472,10,05-11-2024,Pending,164
10965,1128,4,29-02-2024,Pending,4477
10966,903,8,05-09-2024,Canceled,3839
10967,878,6,12-04-2024,Canceled,4990
10968,361,15,03-08-2024,Shipped,267
10969,1042,19,14-08-2024,Shipped,4957
10970,59,16,02-08-2024,Canceled,4032
10971,2684,5,15-01-2024,Pending,2847
10972,1531,3,05-02-2024,Pending,410
10973,4282,17,26-04-2024,Canceled,3483
10974,1968,2,29-06-2024,Delivered,2401
10975,1334,13,30-05-2024,Canceled,1163
10976,1348,3,29-07-2024,Pending,2851
10977,410,11,11-08-2024,Canceled,4650
10978,3673,8,01-08-2024,Delivered,1343
10979,200,10,28-10-2024,Canceled,2617
10980,3532,3,21-03-2024,Canceled,701
10981,3745,16,04-06-2024,Shipped,1042
10982,1212,12,14-03-2024,Delivered,1552
10983,3802,1,08-09-2024,Shipped,3170
10984,2253,11,18-09-2024,Pending,4031
10985,3303,13,23-08-2024,Shipped,1697
10986,1937,6,19-10-2024,Shipped,547
10987,2920,10,11-02-2024,Delivered,3910
10988,43,8,10-05-2024,Shipped,2505
10989,468,7,29-08-2024,Canceled,4789
10990,4069,11,01-06-2024,Pending,3607
10991,3615,10,18-05-2024,Canceled,3136
10992,2347,9,23-10-2024,Delivered,3543
10993,4120,4,16-07-2024,Delivered,339
10994,1398,4,25-05-2024,Pending,4593
10995,1439,1,10-06-2024,Delivered,1933
10996,1015,18,19-09-2024,Delivered,4923
10997,799,16,22-07-2024,Pending,3036
10998,417,12,06-10-2024,Pending,3712
10999,2227,13,11-02-2024,Shipped,269
11000,3524,15,16-04-2024,Pending,305
11001,227,1,21-01-2024,Pending,2145
11002,1405,7,30-10-2024,Canceled,4988
11003,4116,16,05-04-2024,Pending,337
11004,2420,2,15-04-2024,Delivered,176
11005,4821,12,28-07-2024,Canceled,234
11006,3227,6,07-04-2024,Pending,2715
11007,1230,10,12-05-2024,Pending,3212
11008,4301,2,17-04-2024,Pending,569
11009,1022,19,05-05-2024,Pending,4665
11010,4674,19,03-04-2024,Delivered,435
11011,4227,17,12-06-2024,Shipped,3522
11012,1961,15,25-06-2024,Canceled,3846
11013,3735,1,08-08-2024,Shipped,3156
11014,4402,16,14-03-2024,Shipped,3362
11015,3077,6,10-09-2024,Delivered,3286
11016,3894,5,20-10-2024,Pending,3264
11017,1513,15,07-03-2024,Canceled,2816
11018,1623,10,10-06-2024,Shipped,4839
11019,293,16,14-03-2024,Canceled,711
11020,4637,20,25-03-2024,Delivered,3181
11021,1633,11,11-04-2024,Delivered,2768
11022,2088,5,13-05-2024,Shipped,2767
11023,4465,6,22-09-2024,Shipped,2772
11024,2213,12,21-06-2024,Delivered,1514
11025,4034,13,23-01-2024,Canceled,848
11026,4363,18,15-07-2024,Shipped,4752
11027,3040,14,17-09-2024,Delivered,4227
11028,1420,19,28-01-2024,Pending,4279
11029,274,3,28-01-2024,Delivered,1381
11030,3745,16,03-07-2024,Delivered,2115
11031,510,6,19-05-2024,Pending,3266
11032,118,15,18-08-2024,Delivered,871
11033,1872,18,26-05-2024,Delivered,2257
11034,807,1,07-06-2024,Delivered,4062
11035,4584,10,08-11-2024,Canceled,3821
11036,2404,18,03-02-2024,Delivered,4882
11037,2095,17,30-09-2024,Delivered,3051
11038,1956,7,23-04-2024,Shipped,503
11039,881,11,28-04-2024,Delivered,4355
11040,2912,6,13-09-2024,Pending,1914
11041,1077,5,13-06-2024,Shipped,2241
11042,4655,20,31-05-2024,Pending,4582
11043,2236,11,24-05-2024,Delivered,3954
11044,4396,13,20-07-2024,Delivered,2219
11045,134,13,16-09-2024,Canceled,3696
11046,2935,12,14-04-2024,Pending,2679
11047,2536,20,15-08-2024,Shipped,834
11048,3165,10,23-01-2024,Shipped,1524
11049,3664,5,22-07-2024,Shipped,4882
11050,4228,5,26-09-2024,Pending,3743
11051,1998,5,23-08-2024,Shipped,2915
11052,3444,16,07-11-2024,Shipped,1644
11053,2468,2,03-10-2024,Delivered,4602
11054,2146,19,16-05-2024,Shipped,4433
11055,3151,4,01-07-2024,Pending,3330
11056,69,13,17-02-2024,Shipped,936
11057,1460,5,20-01-2024,Pending,3431
11058,2381,18,06-07-2024,Shipped,3042
11059,3223,17,17-01-2024,Delivered,1217
11060,617,13,29-05-2024,Delivered,353
11061,4198,18,15-02-2024,Canceled,2219
11062,4146,16,07-02-2024,Pending,597
11063,528,10,09-04-2024,Pending,1082
11064,2571,16,06-01-2024,Shipped,1517
11065,403,4,09-03-2024,Delivered,1780
11066,2381,16,05-03-2024,Delivered,1207
11067,4186,1,12-09-2024,Delivered,1179
11068,232,2,24-03-2024,Shipped,2924
11069,2237,7,05-09-2024,Pending,1022
11070,2972,12,11-05-2024,Delivered,4237
11071,2151,18,16-08-2024,Shipped,4556
11072,400,18,11-06-2024,Pending,625
11073,3873,12,05-01-2024,Canceled,2475
11074,3807,11,26-05-2024,Pending,49
11075,4824,1,16-05-2024,Pending,1920
11076,3055,3,21-07-2024,Shipped,1023
11077,4762,8,09-05-2024,Pending,2764
11078,4053,7,16-05-2024,Shipped,3429
11079,4555,4,08-03-2024,Delivered,3705
11080,2985,2,10-03-2024,Pending,4772
11081,2877,5,22-10-2024,Pending,4786
11082,1614,4,16-08-2024,Canceled,2529
11083,2174,14,30-10-2024,Delivered,2049
11084,1323,10,07-11-2024,Delivered,1231
11085,3775,17,20-05-2024,Shipped,494
11086,4067,8,09-01-2024,Pending,673
11087,2788,15,19-08-2024,Shipped,3077
11088,446,13,17-09-2024,Canceled,2089
11089,1653,9,26-04-2024,Pending,1715
11090,4404,14,22-04-2024,Delivered,4079
11091,1590,1,24-03-2024,Delivered,476
11092,3191,13,17-06-2024,Pending,3482
11093,182,1,08-01-2024,Shipped,1762
11094,4379,16,07-11-2024,Canceled,1448
11095,2261,15,12-10-2024,Pending,2972
11096,2637,9,15-04-2024,Pending,958
11097,1526,2,26-07-2024,Shipped,359
11098,4714,4,18-07-2024,Canceled,2795
11099,4898,14,21-04-2024,Delivered,531
11100,1503,17,26-07-2024,Pending,969
11101,4366,5,12-09-2024,Canceled,3455
11102,2368,8,29-09-2024,Canceled,1268
11103,2444,12,03-10-2024,Canceled,1063
11104,347,17,20-09-2024,Pending,4237
11105,3221,19,02-06-2024,Delivered,2674
11106,1191,8,06-10-2024,Canceled,2627
11107,4073,1,23-10-2024,Delivered,4215
11108,4269,15,26-01-2024,Pending,4802
11109,1819,17,26-07-2024,Shipped,2490
11110,2736,7,12-02-2024,Delivered,70
11111,3862,16,11-07-2024,Pending,4408
11112,3868,15,20-04-2024,Pending,1734
11113,4379,9,05-05-2024,Pending,2826
11114,3264,16,19-06-2024,Pending,2533
11115,1757,13,17-10-2024,Pending,3722
11116,727,19,02-05-2024,Shipped,1532
11117,4968,16,20-06-2024,Shipped,3199
11118,2734,4,05-06-2024,Pending,2689
11119,3642,4,22-07-2024,Delivered,110
11120,4013,8,20-02-2024,Canceled,3797
11121,1251,7,16-06-2024,Shipped,1033
11122,1950,3,09-09-2024,Delivered,1459
11123,3388,12,23-03-2024,Canceled,134
11124,1301,16,05-11-2024,Canceled,1718
11125,4628,16,17-06-2024,Canceled,2993
11126,850,2,20-08-2024,Delivered,3156
11127,3972,2,28-09-2024,Canceled,3812
11128,2160,18,20-09-2024,Delivered,4342
11129,1038,2,05-01-2024,Canceled,535
11130,4312,11,03-09-2024,Shipped,2490
11131,4697,4,15-01-2024,Shipped,3837
11132,1367,11,15-07-2024,Pending,76
11133,1917,7,13-08-2024,Canceled,2486
11134,2077,17,12-09-2024,Canceled,3816
11135,1086,6,04-07-2024,Pending,452
11136,4435,20,31-03-2024,Canceled,3114
11137,1671,3,08-09-2024,Shipped,2334
11138,2018,11,01-11-2024,Canceled,3941
11139,3123,6,19-01-2024,Delivered,3171
11140,3971,6,26-03-2024,Pending,1017
11141,2563,15,13-06-2024,Canceled,863
11142,3939,12,17-05-2024,Shipped,3586
11143,4535,17,27-08-2024,Canceled,3698
11144,4900,1,28-09-2024,Canceled,1387
11145,3790,11,23-10-2024,Pending,3762
11146,2211,12,14-01-2024,Canceled,3179
11147,187,4,29-06-2024,Delivered,45
11148,432,14,30-06-2024,Pending,2900
11149,4725,19,16-04-2024,Pending,1461
11150,4808,2,13-06-2024,Delivered,4113
11151,371,2,18-06-2024,Shipped,3050
11152,2767,19,07-04-2024,Delivered,2727
11153,636,18,24-03-2024,Shipped,3547
11154,4214,1,16-03-2024,Delivered,3783
11155,1447,1,25-04-2024,Delivered,1880
11156,1424,2,03-01-2024,Shipped,629
11157,693,9,08-08-2024,Pending,2787
11158,1711,11,01-10-2024,Delivered,1888
11159,2408,12,21-09-2024,Delivered,4353
11160,2357,12,26-06-2024,Canceled,1618
11161,2220,4,21-01-2024,Shipped,4301
11162,3017,4,04-05-2024,Pending,4607
11163,2419,14,11-05-2024,Delivered,2236
11164,3269,8,10-05-2024,Delivered,3256
11165,661,5,02-11-2024,Canceled,3284
11166,1407,13,12-01-2024,Canceled,342
11167,2450,7,12-02-2024,Canceled,1750
11168,3173,3,26-09-2024,Canceled,1478
11169,361,19,18-09-2024,Canceled,598
11170,2479,2,18-03-2024,Pending,3441
11171,1717,5,21-03-2024,Shipped,4823
11172,109,11,16-03-2024,Canceled,4877
11173,3736,7,28-10-2024,Pending,1006
11174,4795,8,23-04-2024,Canceled,1415
11175,2294,4,29-03-2024,Delivered,1423
11176,286,12,16-10-2024,Shipped,840
11177,482,6,04-02-2024,Pending,854
11178,4318,14,24-10-2024,Pending,1696
11179,549,19,01-07-2024,Delivered,2307
11180,869,19,08-10-2024,Canceled,2680
11181,2925,9,22-02-2024,Pending,2456
11182,2144,6,22-09-2024,Canceled,4708
11183,1187,11,08-07-2024,Delivered,795
11184,1294,3,28-09-2024,Shipped,2751
11185,2651,19,22-04-2024,Shipped,926
11186,3214,20,29-08-2024,Delivered,4705
11187,4470,18,13-06-2024,Canceled,3612
11188,1530,9,27-09-2024,Delivered,4411
11189,4094,17,28-03-2024,Delivered,1826
11190,4342,8,07-02-2024,Shipped,1658
11191,3158,15,13-07-2024,Delivered,1824
11192,3387,18,15-07-2024,Shipped,2807
11193,4473,3,18-05-2024,Delivered,4139
11194,1861,12,01-04-2024,Canceled,3559
11195,1467,20,16-10-2024,Canceled,4706
11196,2157,2,09-04-2024,Shipped,3731
11197,3247,1,08-01-2024,Pending,3706
11198,4496,9,23-10-2024,Delivered,4187
11199,4608,14,26-02-2024,Delivered,1483
11200,2911,17,31-05-2024,Delivered,3178
11201,304,6,18-02-2024,Delivered,2211
11202,4227,18,20-09-2024,Canceled,2686
11203,4819,1,19-01-2024,Delivered,332
11204,2337,8,17-02-2024,Canceled,3521
11205,3935,8,08-05-2024,Pending,4077
11206,2971,5,16-10-2024,Pending,1121
11207,1225,15,21-07-2024,Pending,3999
11208,1133,14,04-05-2024,Canceled,1801
11209,1180,1,29-02-2024,Shipped,778
11210,120,14,28-05-2024,Canceled,611
11211,2029,14,21-03-2024,Canceled,1291
11212,1418,4,06-03-2024,Canceled,1774
11213,2820,12,21-03-2024,Canceled,1511
11214,3099,5,02-02-2024,Delivered,2282
11215,736,4,18-01-2024,Delivered,1041
11216,3986,5,21-06-2024,Delivered,3541
11217,977,16,29-09-2024,Shipped,4849
11218,3446,14,03-11-2024,Delivered,3867
11219,4176,16,21-07-2024,Pending,2764
11220,4888,12,01-10-2024,Pending,4609
11221,2659,4,31-08-2024,Shipped,1275
11222,4403,15,10-05-2024,Pending,4973
11223,4280,20,01-07-2024,Pending,3007
11224,4160,15,02-07-2024,Delivered,2051
11225,2730,5,18-07-2024,Delivered,1389
11226,1441,17,24-09-2024,Shipped,640
11227,3651,14,31-07-2024,Pending,787
11228,1613,6,19-04-2024,Canceled,849
11229,4567,2,11-06-2024,Shipped,4591
11230,1635,8,24-02-2024,Pending,639
11231,3411,13,13-01-2024,Delivered,22
11232,85,10,24-05-2024,Shipped,527
11233,323,11,22-04-2024,Canceled,2110
11234,2546,13,22-02-2024,Pending,1219
11235,3124,1,08-01-2024,Canceled,3436
11236,2006,11,18-10-2024,Delivered,4894
11237,2866,17,27-09-2024,Delivered,2685
11238,4157,15,04-02-2024,Canceled,194
11239,4326,14,05-02-2024,Shipped,4298
11240,3916,9,20-07-2024,Pending,2174
11241,4909,10,11-06-2024,Delivered,1940
11242,2679,16,01-06-2024,Canceled,2636
11243,2005,17,17-07-2024,Pending,3913
11244,3588,6,08-03-2024,Pending,2782
11245,1462,17,01-07-2024,Delivered,3821
11246,2897,1,04-03-2024,Canceled,4246
11247,711,3,04-06-2024,Pending,3667
11248,161,14,29-03-2024,Shipped,191
11249,155,7,15-10-2024,Canceled,968
11250,1386,18,27-04-2024,Pending,2075
11251,101,10,18-01-2024,Delivered,1027
11252,1433,9,31-01-2024,Pending,692
11253,3541,6,30-10-2024,Canceled,4947
11254,3483,9,16-07-2024,Delivered,3798
11255,1510,15,30-07-2024,Pending,1928
11256,4472,3,05-02-2024,Delivered,2149
11257,2692,20,19-04-2024,Delivered,425
11258,1707,1,07-08-2024,Pending,1708
11259,101,5,19-06-2024,Shipped,955
11260,509,16,05-10-2024,Delivered,3355
11261,3773,1,19-06-2024,Pending,2646
11262,1317,14,07-10-2024,Canceled,862
11263,110,11,09-04-2024,Shipped,2373
11264,1787,9,11-02-2024,Pending,3097
11265,3072,14,01-08-2024,Shipped,1541
11266,3031,13,29-01-2024,Pending,4998
11267,744,16,14-07-2024,Canceled,1588
11268,2067,19,24-09-2024,Pending,1050
11269,453,19,19-02-2024,Canceled,4540
11270,3697,1,28-06-2024,Shipped,4160
11271,3451,16,31-01-2024,Delivered,3692
11272,4396,16,08-09-2024,Shipped,2033
11273,3420,8,18-05-2024,Delivered,320
11274,574,18,03-11-2024,Pending,749
11275,508,15,17-10-2024,Pending,2412
11276,3442,7,10-02-2024,Pending,4762
11277,4797,8,27-10-2024,Canceled,4887
11278,4433,20,16-03-2024,Delivered,4995
11279,4816,16,18-10-2024,Delivered,2387
11280,3939,9,12-02-2024,Canceled,3432
11281,2943,10,17-08-2024,Shipped,3725
11282,4035,20,15-04-2024,Pending,220
11283,1504,17,23-07-2024,Delivered,1865
11284,1370,9,06-03-2024,Shipped,1273
11285,4586,10,14-10-2024,Canceled,440
11286,2442,2,28-07-2024,Shipped,888
11287,4744,10,05-08-2024,Shipped,1001
11288,2996,11,23-10-2024,Pending,876
11289,4137,1,24-02-2024,Shipped,927
11290,1611,8,30-06-2024,Shipped,4648
11291,305,1,10-06-2024,Canceled,217
11292,48,18,28-09-2024,Canceled,1878
11293,2317,14,26-03-2024,Pending,4506
11294,4116,9,14-04-2024,Delivered,1622
11295,2896,2,22-03-2024,Canceled,4399
11296,3462,4,04-11-2024,Canceled,2826
11297,3147,11,19-08-2024,Shipped,1778
11298,525,1,12-04-2024,Canceled,1521
11299,1204,5,16-06-2024,Delivered,4302
11300,2337,2,31-03-2024,Delivered,2308
11301,4326,5,24-05-2024,Canceled,3808
11302,1746,12,22-06-2024,Canceled,3755
11303,1506,9,11-10-2024,Canceled,495
11304,1687,7,10-02-2024,Delivered,3501
11305,2091,1,25-07-2024,Canceled,2804
11306,3114,13,05-11-2024,Pending,2639
11307,1774,14,25-09-2024,Delivered,4941
11308,1844,14,24-07-2024,Shipped,3270
11309,4459,5,05-06-2024,Delivered,4409
11310,2119,12,04-09-2024,Delivered,1636
11311,4816,15,27-07-2024,Pending,1900
11312,2221,16,21-10-2024,Pending,628
11313,1014,1,17-03-2024,Pending,3597
11314,3544,17,03-05-2024,Shipped,464
11315,3203,18,18-04-2024,Shipped,2845
11316,4352,10,02-07-2024,Canceled,368
11317,3808,7,30-03-2024,Pending,1329
11318,359,17,30-06-2024,Shipped,2726
11319,1195,11,20-04-2024,Canceled,319
11320,3848,13,09-05-2024,Pending,4242
11321,54,4,27-06-2024,Shipped,182
11322,1255,20,13-02-2024,Canceled,1363
11323,1548,12,30-04-2024,Shipped,2119
11324,1074,17,25-09-2024,Shipped,1364
11325,4769,18,03-11-2024,Canceled,2769
11326,3084,15,22-06-2024,Delivered,4690
11327,1031,16,12-03-2024,Shipped,621
11328,1328,15,23-06-2024,Canceled,2767
11329,1184,4,12-04-2024,Canceled,1370
11330,4926,8,18-09-2024,Pending,4763
11331,4825,1,15-10-2024,Shipped,3992
11332,2459,16,25-06-2024,Delivered,999
11333,2060,6,19-08-2024,Pending,897
11334,2090,4,19-03-2024,Canceled,1087
11335,1177,17,18-02-2024,Shipped,4086
11336,2879,16,24-09-2024,Shipped,1796
11337,4795,18,09-09-2024,Delivered,4867
11338,5000,16,21-08-2024,Delivered,14
11339,1831,13,28-07-2024,Shipped,1747
11340,2987,11,11-01-2024,Shipped,1429
11341,4778,15,20-06-2024,Canceled,3734
11342,1276,9,29-01-2024,Pending,391
11343,3327,18,19-02-2024,Delivered,400
11344,3738,15,06-04-2024,Shipped,3822
11345,2845,1,14-03-2024,Canceled,3867
11346,2563,3,13-06-2024,Delivered,3528
11347,3615,7,21-06-2024,Shipped,811
11348,796,12,18-07-2024,Delivered,2112
11349,1331,2,10-02-2024,Delivered,2522
11350,630,6,22-09-2024,Pending,2895
11351,276,4,26-02-2024,Delivered,1676
11352,4475,8,08-10-2024,Pending,2828
11353,3103,4,11-02-2024,Delivered,1572
11354,4672,8,08-05-2024,Shipped,1687
11355,52,1,17-05-2024,Delivered,4071
11356,3663,20,14-04-2024,Pending,3631
11357,2847,8,05-11-2024,Shipped,2522
11358,424,4,23-10-2024,Delivered,4993
11359,2630,15,03-03-2024,Canceled,3181
11360,4049,1,26-03-2024,Delivered,1593
11361,2125,10,19-06-2024,Pending,2597
11362,3990,4,05-04-2024,Pending,1557
11363,1124,13,16-08-2024,Shipped,2802
11364,676,17,22-09-2024,Canceled,896
11365,4607,7,17-08-2024,Canceled,2268
11366,2026,20,24-06-2024,Canceled,2895
11367,2112,6,24-06-2024,Shipped,2542
11368,1627,1,14-09-2024,Canceled,4448
11369,108,19,29-09-2024,Canceled,986
11370,2282,9,08-01-2024,Shipped,2771
11371,759,1,15-04-2024,Pending,4208
11372,2420,17,20-09-2024,Canceled,2862
11373,4286,5,09-02-2024,Canceled,1562
11374,3286,20,07-04-2024,Pending,1110
11375,379,19,29-09-2024,Shipped,2944
11376,4862,16,10-05-2024,Canceled,1477
11377,4861,10,28-07-2024,Canceled,91
11378,1220,13,26-07-2024,Shipped,537
11379,3020,16,09-06-2024,Canceled,3916
11380,1771,14,02-02-2024,Pending,4725
11381,1496,13,25-03-2024,Shipped,1199
11382,3427,10,02-06-2024,Canceled,2157
11383,158,12,14-04-2024,Pending,4564
11384,3643,10,16-03-2024,Canceled,2455
11385,4720,15,28-02-2024,Canceled,4970
11386,3308,19,04-04-2024,Pending,419
11387,1258,2,22-05-2024,Shipped,3769
11388,3542,9,06-08-2024,Delivered,1415
11389,3550,20,19-10-2024,Shipped,524
11390,2793,18,13-01-2024,Canceled,1565
11391,2053,1,03-06-2024,Canceled,1229
11392,513,6,04-04-2024,Canceled,1
11393,2675,16,19-02-2024,Pending,2732
11394,1120,3,15-07-2024,Pending,2451
11395,3363,9,26-06-2024,Canceled,1647
11396,2451,10,24-06-2024,Shipped,3579
11397,2221,14,04-05-2024,Pending,4825
11398,2496,18,21-10-2024,Delivered,1490
11399,3871,7,11-05-2024,Pending,540
11400,2106,15,10-04-2024,Delivered,643
11401,3013,15,06-10-2024,Canceled,4
11402,4028,19,13-07-2024,Shipped,2058
11403,1989,12,21-04-2024,Delivered,4403
11404,3945,20,15-01-2024,Shipped,4062
11405,2740,10,07-01-2024,Pending,1931
11406,3904,19,19-04-2024,Shipped,3983
11407,2285,7,28-02-2024,Canceled,4358
11408,2017,14,27-01-2024,Pending,4463
11409,4251,19,08-11-2024,Shipped,3583
11410,4006,14,02-01-2024,Shipped,3196
11411,554,18,30-10-2024,Delivered,3422
11412,137,8,23-09-2024,Canceled,2547
11413,4673,10,19-08-2024,Canceled,4686
11414,1648,6,12-08-2024,Delivered,137
11415,1482,20,07-07-2024,Shipped,1280
11416,2486,13,17-08-2024,Canceled,971
11417,4242,14,27-09-2024,Canceled,3520
11418,1246,18,20-07-2024,Delivered,2477
11419,4599,10,20-07-2024,Canceled,3722
11420,4311,7,09-05-2024,Canceled,1154
11421,2180,12,27-06-2024,Canceled,3722
11422,3690,11,07-06-2024,Delivered,4369
11423,1944,8,02-10-2024,Canceled,197
11424,3691,11,02-01-2024,Delivered,1325
11425,1030,6,27-01-2024,Canceled,3949
11426,3415,15,20-09-2024,Canceled,2206
11427,1551,19,09-08-2024,Canceled,589
11428,3089,18,06-06-2024,Delivered,920
11429,2828,3,05-10-2024,Shipped,1904
11430,975,20,11-06-2024,Canceled,1164
11431,3817,15,13-09-2024,Pending,72
11432,2732,19,31-05-2024,Pending,1357
11433,863,16,23-09-2024,Delivered,4714
11434,101,8,20-06-2024,Canceled,1063
11435,592,6,10-08-2024,Canceled,4375
11436,4690,5,20-03-2024,Shipped,361
11437,2696,15,13-08-2024,Pending,937
11438,3352,19,07-08-2024,Delivered,4524
11439,3077,4,14-10-2024,Canceled,4899
11440,2694,14,13-03-2024,Delivered,291
11441,1578,11,10-07-2024,Canceled,3860
11442,1601,19,27-07-2024,Shipped,1910
11443,4712,13,18-09-2024,Canceled,2555
11444,2721,19,16-03-2024,Pending,1218
11445,2889,6,30-05-2024,Canceled,1265
11446,1551,8,04-09-2024,Canceled,1624
11447,1740,9,04-10-2024,Canceled,830
11448,2876,18,13-01-2024,Shipped,414
11449,1264,18,29-10-2024,Canceled,3797
11450,3651,11,30-09-2024,Delivered,3957
11451,374,3,10-07-2024,Shipped,1001
11452,268,18,13-08-2024,Shipped,3939
11453,2010,10,20-07-2024,Pending,2377
11454,1917,8,19-08-2024,Pending,3655
11455,4433,11,17-01-2024,Canceled,4893
11456,379,15,04-10-2024,Pending,1428
11457,561,15,08-08-2024,Pending,1426
11458,3677,19,08-07-2024,Canceled,4912
11459,2834,12,12-10-2024,Pending,570
11460,4284,13,21-09-2024,Canceled,126
11461,2299,8,26-07-2024,Pending,844
11462,4108,6,20-08-2024,Canceled,1474
11463,174,15,01-09-2024,Shipped,65
11464,338,12,12-03-2024,Shipped,1040
11465,12,8,07-01-2024,Delivered,4800
11466,1231,20,13-07-2024,Delivered,595
11467,3946,5,12-09-2024,Shipped,3194
11468,4341,18,10-10-2024,Shipped,2728
11469,2353,13,11-08-2024,Pending,313
11470,3890,17,17-07-2024,Delivered,470
11471,1621,5,01-04-2024,Shipped,2189
11472,1793,3,28-09-2024,Pending,4371
11473,4245,14,04-04-2024,Canceled,4975
11474,2950,20,21-07-2024,Pending,3128
11475,602,11,28-01-2024,Pending,332
11476,4701,16,06-01-2024,Shipped,3526
11477,2706,14,11-02-2024,Pending,4122
11478,4376,14,21-10-2024,Shipped,236
11479,3435,19,14-03-2024,Shipped,4358
11480,4782,8,05-06-2024,Shipped,3327
11481,115,2,20-02-2024,Shipped,2629
11482,3051,15,18-04-2024,Shipped,4333
11483,2024,11,03-01-2024,Pending,3979
11484,2996,17,15-07-2024,Pending,1950
11485,4613,14,15-10-2024,Shipped,1564
11486,2306,12,15-03-2024,Shipped,2684
11487,2344,7,01-02-2024,Canceled,1193
11488,1117,11,24-08-2024,Canceled,3006
11489,2563,13,09-05-2024,Pending,4095
11490,2612,2,02-11-2024,Delivered,2695
11491,439,8,21-09-2024,Delivered,2937
11492,1744,20,28-02-2024,Pending,1200
11493,1801,11,04-10-2024,Delivered,2973
11494,3337,7,01-10-2024,Delivered,858
11495,4602,6,26-05-2024,Pending,577
11496,2782,19,11-04-2024,Pending,3310
11497,1559,13,28-10-2024,Delivered,1649
11498,2678,19,02-06-2024,Canceled,1132
11499,4227,3,06-07-2024,Delivered,2166
11500,1394,9,21-04-2024,Delivered,3299
11501,1486,3,07-04-2024,Pending,4558
11502,3393,18,04-05-2024,Canceled,2602
11503,3207,3,08-06-2024,Pending,427
11504,1571,20,25-09-2024,Delivered,4499
11505,1622,3,16-03-2024,Pending,2271
11506,2265,10,09-10-2024,Pending,673
11507,3433,4,08-10-2024,Pending,4141
11508,2364,20,10-03-2024,Pending,2916
11509,4266,1,26-02-2024,Delivered,2308
11510,235,4,07-09-2024,Pending,2124
11511,805,2,12-10-2024,Shipped,953
11512,2869,18,07-05-2024,Delivered,1456
11513,391,20,09-01-2024,Delivered,4139
11514,1403,3,21-05-2024,Shipped,572
11515,2196,10,28-04-2024,Pending,262
11516,2323,17,08-09-2024,Canceled,1812
11517,2404,1,28-05-2024,Shipped,4102
11518,2812,13,30-06-2024,Delivered,2776
11519,3249,14,13-10-2024,Delivered,3800
11520,1745,4,21-07-2024,Shipped,2620
11521,1774,14,21-07-2024,Shipped,2617
11522,1453,18,13-09-2024,Canceled,1024
11523,4059,15,21-04-2024,Canceled,3745
11524,4046,16,13-07-2024,Canceled,2421
11525,187,5,03-08-2024,Pending,2055
11526,3136,15,05-01-2024,Delivered,1932
11527,3540,12,19-10-2024,Shipped,3459
11528,4757,7,25-05-2024,Shipped,4579
11529,3541,12,12-08-2024,Canceled,2102
11530,1413,16,08-05-2024,Pending,4163
11531,3127,6,11-04-2024,Pending,3372
11532,573,3,05-07-2024,Canceled,4177
11533,500,19,21-04-2024,Shipped,2737
11534,2407,8,11-03-2024,Pending,3297
11535,3426,6,03-01-2024,Delivered,1882
11536,864,8,12-01-2024,Shipped,117
11537,2290,2,19-02-2024,Pending,1277
11538,2331,18,26-07-2024,Canceled,368
11539,1160,4,09-08-2024,Shipped,1799
11540,2846,15,12-10-2024,Delivered,3596
11541,1835,20,27-02-2024,Shipped,874
11542,752,8,28-03-2024,Shipped,3321
11543,4537,15,27-04-2024,Shipped,679
11544,2762,12,05-11-2024,Delivered,3653
11545,3239,8,26-03-2024,Pending,3428
11546,3593,17,14-09-2024,Shipped,3813
11547,4051,8,24-06-2024,Pending,352
11548,373,8,06-02-2024,Delivered,1657
11549,3877,1,25-04-2024,Canceled,1194
11550,3211,8,09-03-2024,Pending,2428
11551,3606,15,01-10-2024,Shipped,2198
11552,188,10,20-04-2024,Pending,4546
11553,4496,16,15-03-2024,Delivered,60
11554,822,2,19-09-2024,Canceled,2310
11555,3926,16,14-07-2024,Delivered,2479
11556,3876,1,13-09-2024,Delivered,3785
11557,975,12,18-07-2024,Delivered,1270
11558,377,13,24-01-2024,Delivered,4893
11559,40,5,02-11-2024,Pending,660
11560,2254,4,17-02-2024,Shipped,2407
11561,4704,1,05-04-2024,Shipped,2611
11562,4215,5,06-10-2024,Delivered,4104
11563,4778,18,28-06-2024,Shipped,4442
11564,1555,14,10-03-2024,Delivered,1190
11565,3692,20,13-09-2024,Shipped,1769
11566,1649,3,15-04-2024,Canceled,3414
11567,247,16,23-08-2024,Shipped,1515
11568,4723,14,01-03-2024,Delivered,2777
11569,57,20,26-07-2024,Pending,3121
11570,3628,1,02-08-2024,Delivered,66
11571,61,9,25-04-2024,Shipped,3675
11572,4398,18,13-01-2024,Shipped,837
11573,3737,19,30-10-2024,Delivered,3664
11574,4861,8,13-10-2024,Delivered,164
11575,4597,14,04-11-2024,Shipped,1372
11576,439,11,10-08-2024,Delivered,1203
11577,1496,17,05-06-2024,Delivered,2564
11578,4359,16,23-08-2024,Delivered,4353
11579,1991,8,26-10-2024,Shipped,4138
11580,800,10,11-06-2024,Canceled,3481
11581,4202,18,02-05-2024,Shipped,376
11582,3111,1,09-07-2024,Delivered,4944
11583,2796,2,27-03-2024,Shipped,677
11584,4853,8,24-07-2024,Delivered,3049
11585,1552,12,23-09-2024,Pending,3959
11586,3268,2,10-05-2024,Delivered,3308
11587,3336,1,31-03-2024,Delivered,513
11588,4258,20,31-08-2024,Delivered,4110
11589,3578,1,29-06-2024,Shipped,4277
11590,146,17,02-05-2024,Delivered,1031
11591,765,15,12-02-2024,Pending,3817
11592,1981,9,09-03-2024,Canceled,1073
11593,189,19,28-02-2024,Delivered,3262
11594,1440,7,05-01-2024,Delivered,306
11595,1500,11,07-07-2024,Canceled,557
11596,996,6,23-02-2024,Pending,4870
11597,4216,18,03-02-2024,Canceled,910
11598,4097,1,03-05-2024,Pending,713
11599,1619,8,05-11-2024,Delivered,4123
11600,4410,19,09-08-2024,Pending,2608
11601,1008,1,20-09-2024,Canceled,4961
11602,4791,11,30-07-2024,Delivered,2289
11603,3396,20,02-09-2024,Canceled,695
11604,2712,11,19-01-2024,Canceled,2958
11605,3235,5,08-05-2024,Canceled,1433
11606,4368,17,29-05-2024,Canceled,4993
11607,2383,10,03-01-2024,Pending,3369
11608,4469,4,09-03-2024,Shipped,808
11609,2324,20,12-03-2024,Canceled,937
11610,320,1,28-02-2024,Pending,2254
11611,1264,17,14-04-2024,Shipped,4713
11612,1652,18,11-07-2024,Canceled,4511
11613,4151,16,10-09-2024,Canceled,3304
11614,2487,3,14-01-2024,Canceled,211
11615,762,15,30-03-2024,Delivered,504
11616,4920,6,06-03-2024,Canceled,1754
11617,3044,10,05-09-2024,Canceled,3531
11618,4575,12,24-09-2024,Shipped,3797
11619,3907,6,02-02-2024,Canceled,3054
11620,3661,3,01-04-2024,Pending,2890
11621,4216,11,30-10-2024,Delivered,1189
11622,3640,8,10-10-2024,Shipped,499
11623,3538,6,15-03-2024,Shipped,2941
11624,976,5,29-06-2024,Shipped,188
11625,1655,13,26-07-2024,Canceled,3423
11626,3429,16,07-01-2024,Canceled,1980
11627,1937,7,24-01-2024,Delivered,4830
11628,3752,2,30-05-2024,Pending,3846
11629,1841,18,27-07-2024,Shipped,1288
11630,4465,14,29-04-2024,Canceled,807
11631,4578,12,04-01-2024,Shipped,1063
11632,1841,11,27-08-2024,Canceled,2450
11633,2086,6,23-09-2024,Shipped,2519
11634,688,2,07-06-2024,Canceled,3219
11635,703,14,17-04-2024,Delivered,3765
11636,411,14,27-02-2024,Shipped,4143
11637,2336,12,10-08-2024,Shipped,3234
11638,1266,8,30-03-2024,Delivered,500
11639,3619,7,05-08-2024,Pending,4074
11640,1840,9,20-05-2024,Delivered,3241
11641,2795,1,06-05-2024,Canceled,3666
11642,2668,20,22-05-2024,Delivered,22
11643,4210,7,16-01-2024,Shipped,1735
11644,2813,20,19-06-2024,Shipped,2056
11645,2334,3,31-08-2024,Shipped,480
11646,811,8,15-08-2024,Pending,2748
11647,561,10,14-03-2024,Canceled,1699
11648,2080,15,09-03-2024,Delivered,4772
11649,3860,4,29-10-2024,Shipped,2328
11650,3954,19,22-10-2024,Shipped,1263
11651,2090,17,03-01-2024,Shipped,475
11652,2813,18,15-01-2024,Shipped,3436
11653,754,19,24-09-2024,Delivered,4120
11654,3448,16,01-10-2024,Canceled,1714
11655,881,18,10-10-2024,Canceled,4708
11656,1170,14,24-07-2024,Shipped,537
11657,2373,12,21-02-2024,Pending,3911
11658,4785,12,12-09-2024,Pending,4456
11659,1444,2,19-02-2024,Canceled,3952
11660,3881,2,07-11-2024,Canceled,3597
11661,1748,11,26-04-2024,Canceled,4094
11662,599,8,13-04-2024,Shipped,1100
11663,4292,5,21-09-2024,Pending,2908
11664,1998,6,01-11-2024,Canceled,1688
11665,3374,17,06-10-2024,Pending,3056
11666,3566,13,18-08-2024,Shipped,4355
11667,3453,10,17-02-2024,Delivered,4705
11668,4553,15,26-03-2024,Delivered,2198
11669,2137,9,16-01-2024,Shipped,666
11670,1526,9,31-08-2024,Delivered,1865
11671,4556,9,28-05-2024,Canceled,1797
11672,2768,1,09-02-2024,Pending,1536
11673,1946,7,01-01-2024,Canceled,2562
11674,846,6,17-07-2024,Pending,3802
11675,4102,13,24-05-2024,Delivered,1762
11676,2219,7,03-05-2024,Canceled,4371
11677,1353,4,11-09-2024,Pending,106
11678,2198,11,07-07-2024,Shipped,297
11679,2232,6,22-01-2024,Canceled,2642
11680,3252,11,18-04-2024,Pending,2514
11681,1629,18,17-02-2024,Shipped,3716
11682,2815,17,12-08-2024,Pending,4423
11683,1093,8,14-03-2024,Pending,3438
11684,612,2,07-06-2024,Delivered,4544
11685,1025,18,08-04-2024,Shipped,3566
11686,2195,9,01-01-2024,Pending,560
11687,943,6,19-10-2024,Pending,4089
11688,4438,8,28-05-2024,Pending,4418
11689,3610,15,16-04-2024,Pending,1379
11690,1782,7,08-02-2024,Canceled,4384
11691,3016,1,25-05-2024,Pending,4539
11692,3733,5,12-02-2024,Pending,272
11693,775,20,18-02-2024,Shipped,1343
11694,2475,10,16-07-2024,Shipped,1562
11695,3531,14,23-02-2024,Pending,1057
11696,3022,9,11-03-2024,Pending,2773
11697,3470,3,07-03-2024,Pending,4446
11698,1340,13,21-04-2024,Shipped,4788
11699,3205,10,13-02-2024,Pending,1967
11700,2474,6,28-03-2024,Delivered,1507
11701,4949,3,17-09-2024,Delivered,1713
11702,640,20,03-10-2024,Delivered,2407
11703,57,4,05-03-2024,Delivered,282
11704,3655,2,16-10-2024,Pending,2954
11705,4310,16,11-10-2024,Pending,2057
11706,3875,18,12-08-2024,Canceled,4386
11707,2716,12,24-05-2024,Pending,4955
11708,1268,14,24-01-2024,Delivered,2109
11709,4895,1,31-01-2024,Canceled,2479
11710,3142,20,10-01-2024,Canceled,2490
11711,4962,13,19-02-2024,Shipped,2869
11712,4055,5,05-04-2024,Delivered,2889
11713,3941,6,10-03-2024,Shipped,4724
11714,4113,18,16-03-2024,Pending,2169
11715,2655,6,14-10-2024,Canceled,478
11716,2114,9,02-03-2024,Pending,1195
11717,3413,16,07-10-2024,Shipped,3736
11718,4784,11,19-10-2024,Delivered,984
11719,4427,3,17-02-2024,Shipped,438
11720,4138,16,25-03-2024,Pending,659
11721,4149,19,09-08-2024,Delivered,2476
11722,3497,20,12-08-2024,Delivered,4103
11723,2909,7,04-09-2024,Delivered,2953
11724,11,18,21-09-2024,Canceled,4339
11725,4402,5,22-02-2024,Shipped,1305
11726,173,12,05-10-2024,Shipped,3592
11727,1624,2,28-07-2024,Pending,1776
11728,2157,7,02-05-2024,Canceled,3912
11729,3918,13,16-07-2024,Shipped,1276
11730,3235,7,16-02-2024,Pending,3315
11731,344,9,19-04-2024,Delivered,3553
11732,3813,12,13-03-2024,Delivered,3711
11733,291,20,11-07-2024,Canceled,2906
11734,4420,10,31-03-2024,Canceled,3204
11735,2679,13,03-05-2024,Shipped,1697
11736,4111,18,15-01-2024,Shipped,2435
11737,4234,3,07-03-2024,Shipped,3682
11738,2200,1,23-02-2024,Pending,2794
11739,338,12,08-02-2024,Pending,1589
11740,3402,11,03-10-2024,Canceled,145
11741,1223,20,14-04-2024,Pending,2731
11742,737,9,30-10-2024,Pending,2699
11743,2347,4,27-08-2024,Shipped,2824
11744,3463,11,02-02-2024,Canceled,2858
11745,4209,2,01-06-2024,Delivered,845
11746,3755,1,06-02-2024,Delivered,1064
11747,1099,19,21-01-2024,Canceled,3508
11748,3080,9,25-09-2024,Pending,3845
11749,1763,2,22-10-2024,Canceled,50
11750,3250,18,02-02-2024,Shipped,1247
11751,2696,1,20-08-2024,Canceled,2968
11752,4569,3,13-08-2024,Canceled,4463
11753,4011,10,11-05-2024,Shipped,4804
11754,1336,8,27-03-2024,Delivered,4675
11755,2080,19,22-09-2024,Canceled,497
11756,4713,4,25-02-2024,Delivered,1495
11757,2959,4,05-02-2024,Pending,2257
11758,3147,16,01-01-2024,Shipped,238
11759,4474,2,07-05-2024,Delivered,4821
11760,79,8,25-08-2024,Canceled,1712
11761,936,4,05-07-2024,Pending,3828
11762,1572,16,14-07-2024,Canceled,283
11763,3148,4,06-09-2024,Pending,368
11764,565,8,25-04-2024,Canceled,3616
11765,3049,1,14-09-2024,Canceled,4368
11766,4712,3,02-11-2024,Canceled,2431
11767,2578,1,10-03-2024,Canceled,4847
11768,665,3,14-09-2024,Pending,107
11769,938,13,28-07-2024,Pending,3289
11770,477,3,04-02-2024,Shipped,898
11771,1016,17,06-11-2024,Shipped,3408
11772,2839,5,23-04-2024,Delivered,807
11773,7,10,10-09-2024,Canceled,2099
11774,2765,11,05-04-2024,Pending,3072
11775,4601,14,03-09-2024,Pending,4033
11776,2038,11,05-05-2024,Delivered,48
11777,472,5,16-02-2024,Canceled,3393
11778,442,1,03-10-2024,Pending,1116
11779,4860,9,10-09-2024,Pending,2316
11780,205,20,28-08-2024,Pending,3918
11781,3943,2,08-09-2024,Canceled,679
11782,3836,3,28-04-2024,Pending,4211
11783,3963,16,24-09-2024,Canceled,3805
11784,3597,15,01-10-2024,Canceled,1991
11785,676,16,17-02-2024,Pending,2193
11786,3684,20,30-08-2024,Canceled,4342
11787,2200,11,09-08-2024,Canceled,1561
11788,3069,8,30-06-2024,Shipped,4778
11789,4434,5,23-08-2024,Delivered,3906
11790,198,12,02-11-2024,Canceled,1702
11791,4087,7,27-07-2024,Shipped,2243
11792,233,8,03-02-2024,Delivered,2512
11793,4599,10,07-07-2024,Shipped,4147
11794,3123,18,06-06-2024,Canceled,351
11795,3795,11,03-04-2024,Canceled,1760
11796,1646,5,09-01-2024,Shipped,220
11797,1159,14,15-09-2024,Pending,3939
11798,1116,11,11-02-2024,Canceled,1364
11799,2210,14,18-08-2024,Delivered,3051
11800,1488,9,11-09-2024,Canceled,3412
11801,39,12,17-10-2024,Shipped,3114
11802,98,17,18-10-2024,Shipped,206
11803,1638,11,09-02-2024,Canceled,1107
11804,1830,16,11-02-2024,Pending,1878
11805,663,9,15-05-2024,Pending,1622
11806,2624,2,17-04-2024,Canceled,4053
11807,3265,5,07-11-2024,Delivered,4439
11808,3285,4,22-03-2024,Delivered,3930
11809,2059,15,11-10-2024,Delivered,3495
11810,181,9,14-02-2024,Canceled,1338
11811,2809,8,17-06-2024,Shipped,3836
11812,505,11,25-09-2024,Shipped,3574
11813,3895,11,22-06-2024,Delivered,2275
11814,1129,17,21-01-2024,Pending,4488
11815,1225,4,31-01-2024,Delivered,3993
11816,394,8,16-09-2024,Pending,3769
11817,3427,16,23-04-2024,Pending,4091
11818,4702,12,12-02-2024,Pending,3214
11819,4816,3,01-01-2024,Shipped,3858
11820,908,17,27-04-2024,Shipped,4444
11821,4813,11,18-09-2024,Shipped,4785
11822,1883,4,05-08-2024,Canceled,1269
11823,2547,1,21-07-2024,Pending,2562
11824,4488,19,23-02-2024,Pending,2888
11825,3407,19,11-01-2024,Pending,4584
11826,2021,3,06-06-2024,Shipped,4246
11827,1446,12,11-04-2024,Shipped,3048
11828,2967,5,15-09-2024,Delivered,2703
11829,1936,14,15-05-2024,Delivered,3555
11830,3562,1,27-05-2024,Canceled,173
11831,3524,9,26-02-2024,Pending,1030
11832,2296,7,08-09-2024,Canceled,2460
11833,2824,4,30-08-2024,Canceled,15
11834,1239,7,12-01-2024,Canceled,3745
11835,4053,11,01-09-2024,Canceled,1634
11836,2639,19,10-01-2024,Pending,4580
11837,2452,11,27-08-2024,Shipped,1989
11838,4120,2,31-07-2024,Pending,2589
11839,1891,5,14-03-2024,Delivered,2236
11840,4124,1,02-09-2024,Shipped,3549
11841,4772,12,09-03-2024,Pending,1551
11842,1702,15,01-10-2024,Canceled,2293
11843,3229,6,11-07-2024,Pending,3228
11844,2342,3,14-03-2024,Pending,838
11845,4432,3,17-06-2024,Canceled,3284
11846,4813,9,24-10-2024,Pending,408
11847,2057,5,22-05-2024,Delivered,3845
11848,3470,20,26-02-2024,Pending,4833
11849,1276,5,08-09-2024,Pending,2786
11850,1747,4,24-09-2024,Canceled,3285
11851,2024,14,16-09-2024,Canceled,1286
11852,738,10,06-08-2024,Shipped,533
11853,2789,14,20-03-2024,Canceled,4568
11854,2541,6,24-08-2024,Shipped,1532
11855,1196,11,25-06-2024,Canceled,4163
11856,3483,8,20-02-2024,Canceled,3975
11857,2567,5,24-05-2024,Canceled,4108
11858,4768,7,04-09-2024,Delivered,1745
11859,2185,12,10-10-2024,Delivered,1327
11860,4847,18,30-09-2024,Pending,3201
11861,2915,11,19-02-2024,Delivered,3359
11862,1200,4,20-01-2024,Shipped,4585
11863,4943,19,15-10-2024,Canceled,4497
11864,4134,3,04-09-2024,Canceled,4284
11865,1125,1,02-05-2024,Canceled,2860
11866,1161,18,27-05-2024,Canceled,4877
11867,2226,9,16-05-2024,Canceled,446
11868,4760,15,09-06-2024,Delivered,4781
11869,1704,14,24-09-2024,Canceled,4540
11870,4715,15,10-10-2024,Pending,126
11871,594,17,29-06-2024,Canceled,3427
11872,160,5,28-08-2024,Delivered,3411
11873,2105,8,05-10-2024,Canceled,3889
11874,3432,2,06-02-2024,Delivered,2644
11875,1095,7,22-10-2024,Pending,967
11876,3370,16,14-06-2024,Pending,3464
11877,2644,8,21-06-2024,Canceled,1396
11878,4612,16,28-01-2024,Shipped,1782
11879,407,14,25-02-2024,Shipped,1374
11880,361,8,29-06-2024,Shipped,903
11881,173,6,27-08-2024,Shipped,3209
11882,3709,19,30-04-2024,Pending,2278
11883,1551,1,08-11-2024,Canceled,1982
11884,1177,1,15-04-2024,Canceled,1829
11885,1432,20,30-09-2024,Shipped,4145
11886,3542,8,08-01-2024,Canceled,382
11887,4181,16,07-02-2024,Delivered,890
11888,4052,14,29-03-2024,Shipped,4922
11889,4607,7,09-01-2024,Delivered,916
11890,2661,6,15-05-2024,Delivered,4941
11891,2050,1,11-08-2024,Canceled,2748
11892,1216,1,23-06-2024,Shipped,2021
11893,4269,2,20-02-2024,Pending,894
11894,4040,17,04-05-2024,Canceled,3909
11895,1856,9,05-11-2024,Pending,72
11896,2173,1,19-03-2024,Delivered,3409
11897,351,12,06-04-2024,Delivered,4998
11898,499,18,08-09-2024,Canceled,2716
11899,4802,1,17-10-2024,Shipped,4449
11900,3949,3,05-03-2024,Pending,998
11901,1355,3,30-04-2024,Shipped,1135
11902,4907,9,26-10-2024,Shipped,274
11903,2936,2,01-09-2024,Delivered,3598
11904,3086,15,14-08-2024,Pending,3360
11905,3451,20,25-06-2024,Canceled,1340
11906,3078,7,08-11-2024,Shipped,4564
11907,525,7,17-01-2024,Shipped,3366
11908,3928,17,26-06-2024,Pending,809
11909,4149,20,16-09-2024,Pending,1867
11910,260,6,17-03-2024,Shipped,3061
11911,2966,5,07-01-2024,Shipped,2744
11912,4375,20,02-06-2024,Pending,2054
11913,329,20,03-08-2024,Canceled,3406
11914,741,8,14-06-2024,Delivered,4089
11915,1128,16,31-07-2024,Shipped,2473
11916,2518,5,16-07-2024,Shipped,1385
11917,1356,20,02-07-2024,Canceled,1544
11918,957,6,02-08-2024,Delivered,3843
11919,3268,6,18-06-2024,Canceled,1497
11920,2590,7,14-02-2024,Pending,1405
11921,3547,5,11-08-2024,Pending,2106
11922,1770,7,12-03-2024,Canceled,4071
11923,525,8,24-01-2024,Shipped,267
11924,4030,5,03-10-2024,Shipped,1321
11925,3290,6,18-09-2024,Shipped,640
11926,2253,3,23-02-2024,Pending,2683
11927,1654,8,26-09-2024,Shipped,698
11928,1779,8,24-02-2024,Pending,552
11929,3768,10,29-07-2024,Canceled,1478
11930,2414,1,29-09-2024,Shipped,3790
11931,4613,5,13-05-2024,Pending,2765
11932,4463,12,22-04-2024,Shipped,4023
11933,1078,11,18-01-2024,Pending,4174
11934,3181,17,14-04-2024,Delivered,2203
11935,4524,14,06-01-2024,Pending,425
11936,4981,12,24-02-2024,Shipped,534
11937,3676,19,05-06-2024,Delivered,1595
11938,4876,10,18-10-2024,Shipped,554
11939,1319,6,05-02-2024,Shipped,243
11940,416,6,15-06-2024,Pending,3366
11941,154,11,31-05-2024,Pending,16
11942,1381,2,01-11-2024,Shipped,1796
11943,524,1,20-07-2024,Pending,344
11944,3580,12,11-09-2024,Canceled,2764
11945,105,11,09-04-2024,Canceled,2466
11946,918,6,04-05-2024,Delivered,764
11947,3745,16,23-09-2024,Canceled,779
11948,3154,14,24-01-2024,Shipped,1355
11949,2124,10,08-02-2024,Shipped,228
11950,4659,7,03-05-2024,Delivered,129
11951,4439,19,05-11-2024,Shipped,1049
11952,3332,1,16-06-2024,Delivered,2980
11953,3252,8,17-10-2024,Pending,97
11954,1631,3,10-09-2024,Delivered,1493
11955,3793,20,20-02-2024,Canceled,2174
11956,603,8,05-03-2024,Pending,372
11957,919,18,12-05-2024,Canceled,4700
11958,588,5,05-11-2024,Canceled,1670
11959,1903,14,28-07-2024,Canceled,4544
11960,2882,17,11-04-2024,Delivered,4715
11961,3612,5,20-07-2024,Shipped,2073
11962,3082,16,14-02-2024,Delivered,1805
11963,3305,18,29-08-2024,Pending,4944
11964,3694,9,20-10-2024,Delivered,1959
11965,982,19,07-01-2024,Pending,1325
11966,1465,2,07-06-2024,Pending,2405
11967,1729,10,06-01-2024,Canceled,1904
11968,1060,5,22-04-2024,Delivered,844
11969,1330,10,09-05-2024,Canceled,1265
11970,1147,1,07-09-2024,Pending,2872
11971,4388,1,17-10-2024,Canceled,2693
11972,2061,8,24-08-2024,Shipped,127
11973,4359,16,30-07-2024,Canceled,4844
11974,523,6,13-03-2024,Canceled,979
11975,4280,5,01-10-2024,Pending,4916
11976,1521,6,19-06-2024,Pending,1405
11977,311,18,01-08-2024,Pending,4300
11978,3527,9,26-01-2024,Shipped,1519
11979,4032,2,19-04-2024,Canceled,2371
11980,623,10,02-07-2024,Shipped,3284
11981,762,15,14-01-2024,Delivered,1706
11982,561,9,12-05-2024,Pending,2487
11983,772,5,14-09-2024,Canceled,2743
11984,1933,14,15-10-2024,Canceled,2443
11985,4258,6,17-06-2024,Delivered,1747
11986,2922,7,26-04-2024,Pending,2973
11987,1208,9,25-08-2024,Pending,1051
11988,2398,1,28-10-2024,Shipped,730
11989,537,9,28-06-2024,Shipped,3298
11990,2027,10,20-09-2024,Pending,2614
11991,3387,12,07-02-2024,Pending,1649
11992,610,2,06-07-2024,Shipped,4645
11993,4804,20,26-02-2024,Pending,2680
11994,3002,9,13-08-2024,Shipped,3006
11995,484,19,18-02-2024,Canceled,3622
11996,2845,16,07-03-2024,Shipped,845
11997,1271,4,04-06-2024,Shipped,3122
11998,1567,7,06-08-2024,Shipped,1228
11999,3109,7,18-07-2024,Pending,1898
12000,3453,19,06-02-2024,Canceled,138
12001,1770,7,01-05-2024,Canceled,3270
12002,4528,14,04-04-2024,Delivered,4788
12003,1905,18,27-03-2024,Canceled,2242
12004,3325,7,15-04-2024,Delivered,1573
12005,2517,1,19-05-2024,Canceled,273
12006,142,16,28-03-2024,Pending,2360
12007,4652,9,15-03-2024,Delivered,1914
12008,17,10,30-07-2024,Pending,1791
12009,4866,3,25-04-2024,Delivered,4822
12010,588,18,21-03-2024,Delivered,2806
12011,2333,11,09-01-2024,Shipped,3575
12012,4985,14,25-08-2024,Delivered,2325
12013,1461,2,04-09-2024,Shipped,255
12014,3982,17,23-02-2024,Delivered,4942
12015,4945,15,11-06-2024,Shipped,1568
12016,3646,2,21-08-2024,Shipped,1553
12017,4598,20,25-06-2024,Pending,3346
12018,3411,6,15-07-2024,Shipped,1986
12019,1823,20,17-07-2024,Delivered,1162
12020,4511,1,10-09-2024,Delivered,1695
12021,2139,16,17-03-2024,Pending,1763
12022,4572,20,22-03-2024,Shipped,434
12023,2347,12,15-02-2024,Shipped,4260
12024,1279,17,20-01-2024,Pending,4325
12025,4095,18,03-10-2024,Shipped,62
12026,1528,5,09-03-2024,Shipped,525
12027,4171,15,25-10-2024,Delivered,560
12028,1124,16,20-01-2024,Canceled,715
12029,4091,12,14-07-2024,Shipped,2003
12030,4509,3,12-05-2024,Canceled,746
12031,4291,12,24-09-2024,Pending,3285
12032,153,18,29-02-2024,Canceled,1468
12033,1779,4,17-01-2024,Shipped,2724
12034,1791,11,06-09-2024,Pending,4747
12035,3894,17,21-05-2024,Pending,3750
12036,565,15,04-06-2024,Canceled,949
12037,3718,9,10-04-2024,Pending,3553
12038,2083,1,11-05-2024,Canceled,3762
12039,2316,2,26-08-2024,Shipped,953
12040,4645,8,22-07-2024,Delivered,4950
12041,1169,9,04-01-2024,Shipped,1466
12042,2711,16,14-03-2024,Shipped,3972
12043,1967,6,10-04-2024,Shipped,2988
12044,693,8,09-04-2024,Shipped,451
12045,1389,19,21-01-2024,Delivered,4845
12046,4587,9,12-05-2024,Pending,4184
12047,4303,2,27-07-2024,Pending,1480
12048,3567,7,19-05-2024,Pending,4550
12049,3729,11,18-06-2024,Delivered,3216
12050,1393,20,18-05-2024,Pending,537
12051,4843,17,12-10-2024,Delivered,2132
12052,4297,11,27-08-2024,Delivered,2984
12053,2273,20,21-05-2024,Shipped,2187
12054,652,4,31-01-2024,Delivered,3792
12055,2950,14,14-08-2024,Canceled,1077
12056,246,13,01-07-2024,Pending,3091
12057,1326,3,17-10-2024,Pending,2636
12058,1217,20,09-04-2024,Shipped,4286
12059,4754,13,28-09-2024,Delivered,4653
12060,1464,8,04-04-2024,Shipped,615
12061,4643,15,28-10-2024,Pending,1224
12062,4141,15,23-08-2024,Canceled,2007
12063,530,18,26-10-2024,Delivered,4471
12064,140,19,14-05-2024,Pending,3472
12065,4443,1,14-01-2024,Pending,4997
12066,628,17,07-04-2024,Delivered,3022
12067,1330,2,25-04-2024,Shipped,4287
12068,4293,20,19-10-2024,Pending,4749
12069,2506,2,01-10-2024,Delivered,4356
12070,2699,17,16-09-2024,Delivered,2766
12071,2618,3,04-09-2024,Pending,1659
12072,3565,5,14-09-2024,Pending,3093
12073,4570,18,26-04-2024,Delivered,4601
12074,2597,5,30-09-2024,Delivered,4457
12075,4682,13,28-09-2024,Delivered,2510
12076,1817,8,06-08-2024,Shipped,49
12077,4435,16,11-10-2024,Delivered,1519
12078,4595,16,04-11-2024,Delivered,4048
12079,1357,3,24-02-2024,Delivered,3472
12080,1847,15,20-10-2024,Canceled,362
12081,3413,18,23-09-2024,Shipped,4751
12082,4439,10,07-01-2024,Pending,2088
12083,2036,5,18-08-2024,Delivered,4715
12084,4480,9,24-05-2024,Canceled,1607
12085,2684,20,18-04-2024,Delivered,1766
12086,3938,6,04-05-2024,Shipped,174
12087,2181,19,21-05-2024,Canceled,3940
12088,3766,14,15-04-2024,Canceled,4921
12089,510,7,22-08-2024,Shipped,1835
12090,3329,12,03-02-2024,Pending,2610
12091,773,13,11-03-2024,Canceled,4960
12092,2129,1,19-10-2024,Shipped,1482
12093,2124,12,23-07-2024,Pending,2684
12094,3376,5,22-03-2024,Delivered,2984
12095,754,6,29-01-2024,Canceled,1135
12096,1688,20,08-02-2024,Shipped,1958
12097,297,13,24-06-2024,Canceled,2247
12098,517,16,27-09-2024,Delivered,210
12099,3875,20,09-08-2024,Pending,1472
12100,1209,13,20-04-2024,Canceled,2620
12101,975,15,14-08-2024,Delivered,3440
12102,3767,2,24-04-2024,Shipped,476
12103,2375,19,14-04-2024,Canceled,4951
12104,4133,4,21-02-2024,Delivered,2597
12105,3509,5,12-03-2024,Shipped,4563
12106,15,16,18-07-2024,Shipped,2820
12107,4462,18,01-04-2024,Pending,2933
12108,1577,16,24-02-2024,Shipped,4362
12109,4302,13,30-08-2024,Shipped,4518
12110,2512,4,03-09-2024,Pending,3304
12111,3528,2,10-08-2024,Shipped,1430
12112,575,12,10-05-2024,Pending,2285
12113,2837,17,16-09-2024,Delivered,1721
12114,4092,11,13-07-2024,Pending,3535
12115,2899,5,27-06-2024,Pending,3993
12116,1684,16,24-04-2024,Shipped,380
12117,3130,6,01-03-2024,Delivered,746
12118,3101,19,19-06-2024,Delivered,210
12119,1046,12,20-08-2024,Shipped,3598
12120,2041,11,08-06-2024,Canceled,1438
12121,208,15,14-10-2024,Delivered,1196
12122,3004,17,26-03-2024,Delivered,782
12123,786,4,02-01-2024,Delivered,4315
12124,4833,11,18-04-2024,Pending,2756
12125,4502,6,26-08-2024,Shipped,1398
12126,1528,16,04-05-2024,Delivered,3816
12127,2457,8,08-09-2024,Delivered,1275
12128,1212,19,12-05-2024,Shipped,4112
12129,338,19,10-01-2024,Shipped,1699
12130,3530,15,08-08-2024,Pending,800
12131,154,19,03-11-2024,Canceled,3985
12132,3253,14,28-04-2024,Canceled,1486
12133,3246,3,20-06-2024,Shipped,2322
12134,2311,17,25-07-2024,Pending,1084
12135,2828,10,10-09-2024,Delivered,1471
12136,1734,14,18-09-2024,Pending,1
12137,1372,1,27-05-2024,Pending,404
12138,2924,10,02-10-2024,Pending,2579
12139,91,4,20-04-2024,Shipped,1654
12140,4512,4,27-01-2024,Pending,2711
12141,2230,9,17-06-2024,Shipped,1480
12142,609,14,17-03-2024,Pending,4929
12143,4808,13,31-07-2024,Shipped,3697
12144,2538,6,02-08-2024,Pending,1274
12145,959,8,06-03-2024,Shipped,1877
12146,620,13,15-07-2024,Canceled,3596
12147,4006,12,17-09-2024,Canceled,4011
12148,3798,2,25-01-2024,Pending,751
12149,712,4,06-01-2024,Canceled,3717
12150,268,9,07-10-2024,Shipped,3594
12151,3544,6,10-05-2024,Shipped,3853
12152,4621,15,06-10-2024,Shipped,4433
12153,3711,17,06-08-2024,Pending,4944
12154,3951,2,21-10-2024,Pending,3165
12155,2328,11,03-03-2024,Canceled,2011
12156,3441,17,15-05-2024,Delivered,2785
12157,4831,15,09-02-2024,Shipped,1020
12158,722,17,04-03-2024,Delivered,3094
12159,1753,9,10-02-2024,Shipped,1042
12160,956,17,16-02-2024,Shipped,2507
12161,2475,7,14-07-2024,Delivered,862
12162,2686,9,17-08-2024,Pending,1467
12163,3426,15,09-10-2024,Pending,4852
12164,2270,11,19-04-2024,Delivered,4160
12165,1569,20,28-05-2024,Pending,3867
12166,3346,13,02-03-2024,Canceled,2380
12167,3314,17,05-04-2024,Canceled,176
12168,4849,12,10-02-2024,Shipped,4144
12169,4265,6,02-02-2024,Shipped,4974
12170,3596,18,17-06-2024,Delivered,3491
12171,887,20,26-05-2024,Shipped,487
12172,1587,16,23-05-2024,Delivered,2605
12173,4300,13,23-05-2024,Pending,687
12174,1636,4,31-05-2024,Pending,2391
12175,1209,18,27-03-2024,Shipped,4826
12176,1626,18,01-09-2024,Pending,2262
12177,884,14,14-06-2024,Delivered,589
12178,385,6,27-03-2024,Canceled,3039
12179,1622,5,01-01-2024,Pending,2751
12180,107,10,19-01-2024,Pending,1547
12181,4007,19,21-09-2024,Canceled,275
12182,2936,14,24-04-2024,Pending,3591
12183,1579,4,20-09-2024,Shipped,3287
12184,3009,19,16-03-2024,Pending,318
12185,4302,1,19-03-2024,Canceled,3387
12186,1620,18,04-05-2024,Canceled,3765
12187,2738,9,13-08-2024,Canceled,2558
12188,3650,18,16-01-2024,Canceled,4980
12189,4268,18,31-01-2024,Canceled,2333
12190,228,20,15-05-2024,Delivered,659
12191,3396,7,02-06-2024,Pending,1367
12192,3513,11,24-04-2024,Delivered,3677
12193,282,7,05-01-2024,Pending,2054
12194,3889,5,27-06-2024,Shipped,1098
12195,2728,14,15-09-2024,Delivered,4130
12196,3025,3,01-09-2024,Delivered,462
12197,3579,15,21-05-2024,Delivered,240
12198,2203,17,20-10-2024,Shipped,653
12199,4735,2,07-05-2024,Delivered,498
12200,637,2,05-10-2024,Canceled,1960
12201,349,16,05-06-2024,Delivered,3204
12202,3027,5,08-08-2024,Delivered,84
12203,1907,5,20-04-2024,Pending,2350
12204,1096,11,05-02-2024,Pending,4111
12205,4000,17,12-04-2024,Shipped,321
12206,3131,13,31-05-2024,Pending,1582
12207,524,19,09-10-2024,Pending,732
12208,3015,2,21-06-2024,Delivered,152
12209,4376,15,22-03-2024,Canceled,2470
12210,4811,9,12-05-2024,Shipped,4960
12211,2512,19,28-08-2024,Canceled,2126
12212,3776,6,26-02-2024,Canceled,3716
12213,3618,11,25-09-2024,Canceled,4883
12214,1011,9,14-07-2024,Delivered,1882
12215,3849,1,16-03-2024,Canceled,4192
12216,4805,17,07-10-2024,Canceled,238
12217,2054,2,20-09-2024,Delivered,2622
12218,574,8,27-08-2024,Delivered,4980
12219,3063,17,28-05-2024,Delivered,2178
12220,3974,16,27-02-2024,Delivered,2060
12221,4469,12,23-05-2024,Pending,346
12222,3648,8,20-10-2024,Pending,1082
12223,3561,11,03-07-2024,Canceled,4380
12224,4005,14,26-06-2024,Pending,766
12225,3428,15,11-04-2024,Canceled,2278
12226,1449,4,28-09-2024,Delivered,649
12227,1470,20,09-02-2024,Pending,1222
12228,1442,9,12-09-2024,Pending,4093
12229,1966,5,01-06-2024,Pending,1879
12230,2836,17,17-02-2024,Shipped,4847
12231,161,14,13-06-2024,Canceled,3445
12232,1892,20,21-05-2024,Delivered,1064
12233,857,11,10-06-2024,Pending,2852
12234,3443,13,23-09-2024,Shipped,4838
12235,1880,19,01-06-2024,Shipped,4808
12236,3259,2,18-10-2024,Shipped,1659
12237,624,7,02-05-2024,Pending,777
12238,4801,12,28-06-2024,Pending,2213
12239,3943,7,05-06-2024,Pending,1011
12240,1709,13,30-04-2024,Shipped,2331
12241,88,16,06-01-2024,Pending,633
12242,4240,2,03-06-2024,Pending,4516
12243,3149,13,23-03-2024,Shipped,2638
12244,133,15,04-04-2024,Pending,181
12245,1042,11,28-05-2024,Shipped,484
12246,2645,7,18-05-2024,Pending,4687
12247,1241,2,12-05-2024,Shipped,1357
12248,3167,11,16-07-2024,Canceled,674
12249,978,11,01-06-2024,Delivered,3498
12250,1941,8,14-02-2024,Pending,2218
12251,3746,16,22-06-2024,Shipped,1144
12252,2356,6,14-02-2024,Pending,4905
12253,1813,10,02-02-2024,Delivered,2246
12254,3407,18,22-01-2024,Delivered,3166
12255,2509,6,13-06-2024,Shipped,2310
12256,4561,18,09-08-2024,Delivered,3657
12257,113,19,07-06-2024,Delivered,2017
12258,307,9,27-06-2024,Delivered,465
12259,2420,6,09-08-2024,Shipped,2031
12260,3479,16,31-05-2024,Pending,3911
12261,271,15,20-08-2024,Pending,1948
12262,2804,2,28-03-2024,Canceled,396
12263,565,16,27-08-2024,Canceled,2112
12264,4176,10,12-03-2024,Pending,1251
12265,3898,1,19-04-2024,Delivered,1547
12266,2498,8,15-08-2024,Shipped,2410
12267,3031,2,06-09-2024,Canceled,1279
12268,2783,5,06-06-2024,Pending,2833
12269,3841,15,29-02-2024,Pending,4691
12270,4153,8,29-03-2024,Pending,2051
12271,1414,6,30-04-2024,Shipped,3066
12272,1806,11,20-04-2024,Canceled,1915
12273,1651,12,19-03-2024,Pending,1146
12274,2536,15,13-06-2024,Delivered,4046
12275,111,17,21-08-2024,Shipped,3396
12276,4896,7,07-03-2024,Canceled,3886
12277,1732,16,14-07-2024,Shipped,2516
12278,2089,2,02-05-2024,Delivered,2150
12279,3277,16,02-02-2024,Delivered,1692
12280,2780,13,13-05-2024,Shipped,2846
12281,2267,12,10-06-2024,Canceled,4766
12282,2579,3,13-03-2024,Shipped,348
12283,625,1,03-10-2024,Pending,2579
12284,1027,8,23-07-2024,Shipped,351
12285,1962,9,21-03-2024,Shipped,442
12286,3521,9,11-07-2024,Delivered,1398
12287,85,19,20-08-2024,Canceled,4250
12288,3453,20,26-10-2024,Canceled,4847
12289,3057,18,20-04-2024,Canceled,1081
12290,1388,4,21-06-2024,Canceled,2905
12291,428,19,22-06-2024,Pending,1468
12292,3444,2,01-09-2024,Shipped,4802
12293,4718,18,22-04-2024,Pending,1428
12294,4965,10,27-01-2024,Delivered,1574
12295,1303,3,13-07-2024,Canceled,2529
12296,2244,18,13-10-2024,Canceled,1161
12297,53,5,24-03-2024,Shipped,390
12298,3438,1,27-03-2024,Canceled,2078
12299,1782,9,28-09-2024,Delivered,2129
12300,1074,1,06-04-2024,Shipped,104
12301,1562,9,10-06-2024,Canceled,3215
12302,1217,6,14-10-2024,Pending,4686
12303,4858,19,22-01-2024,Pending,3198
12304,1736,15,14-02-2024,Pending,2290
12305,3862,13,21-01-2024,Pending,2024
12306,1819,15,01-07-2024,Pending,1906
12307,1052,1,27-07-2024,Shipped,4147
12308,1514,16,14-06-2024,Pending,4148
12309,2685,17,04-07-2024,Canceled,193
12310,3000,11,28-05-2024,Shipped,3611
12311,1429,15,27-10-2024,Delivered,4532
12312,2643,15,22-09-2024,Pending,3157
12313,3613,12,18-01-2024,Pending,4744
12314,267,1,22-05-2024,Delivered,2277
12315,1943,18,24-03-2024,Canceled,4083
12316,4754,4,19-04-2024,Delivered,4663
12317,329,18,16-10-2024,Canceled,2286
12318,4738,5,10-05-2024,Canceled,4679
12319,124,9,15-01-2024,Canceled,2641
12320,4290,20,20-03-2024,Pending,2722
12321,2855,4,07-05-2024,Shipped,2797
12322,2620,20,31-07-2024,Pending,959
12323,4705,4,25-09-2024,Pending,2328
12324,1095,8,29-10-2024,Delivered,1636
12325,2538,5,08-02-2024,Shipped,3847
12326,926,5,15-06-2024,Pending,4657
12327,4905,4,18-09-2024,Shipped,3426
12328,1423,4,14-10-2024,Delivered,3978
12329,1533,16,14-09-2024,Canceled,792
12330,4221,12,14-09-2024,Shipped,3962
12331,833,7,20-05-2024,Delivered,4095
12332,4645,19,30-04-2024,Pending,1043
12333,3311,13,25-08-2024,Delivered,166
12334,1081,13,07-10-2024,Delivered,613
12335,3319,20,28-07-2024,Delivered,2142
12336,3708,10,31-08-2024,Canceled,4430
12337,3804,5,04-09-2024,Delivered,4976
12338,3905,15,22-01-2024,Canceled,3691
12339,4734,4,31-08-2024,Delivered,1006
12340,3670,7,20-09-2024,Canceled,4626
12341,2505,12,01-06-2024,Delivered,4843
12342,2745,3,12-02-2024,Canceled,1629
12343,2202,16,17-07-2024,Delivered,2882
12344,887,10,01-05-2024,Canceled,2931
12345,2599,4,28-05-2024,Delivered,1211
12346,1519,8,27-04-2024,Shipped,2273
12347,784,20,03-08-2024,Canceled,1764
12348,3588,3,02-11-2024,Shipped,2855
12349,1317,1,10-07-2024,Delivered,4010
12350,4036,9,26-05-2024,Pending,2996
12351,3086,19,03-01-2024,Shipped,950
12352,2704,9,22-07-2024,Shipped,4326
12353,99,14,16-09-2024,Canceled,4975
12354,382,15,24-05-2024,Canceled,1372
12355,529,16,24-06-2024,Canceled,1122
12356,2023,17,31-05-2024,Pending,699
12357,1903,15,28-04-2024,Canceled,2335
12358,4550,20,15-06-2024,Canceled,4456
12359,2256,15,06-11-2024,Delivered,1097
12360,4957,18,10-01-2024,Shipped,1465
12361,1333,20,20-03-2024,Canceled,3659
12362,1057,13,25-05-2024,Pending,1743
12363,1541,2,19-03-2024,Canceled,2308
12364,316,19,13-09-2024,Pending,3097
12365,3520,9,06-03-2024,Pending,2320
12366,1192,15,19-04-2024,Delivered,855
12367,273,13,20-02-2024,Shipped,3847
12368,2455,8,27-07-2024,Delivered,4937
12369,2431,2,29-10-2024,Pending,2968
12370,1568,14,16-06-2024,Shipped,90
12371,878,14,06-06-2024,Canceled,3428
12372,2628,5,10-03-2024,Canceled,2826
12373,2252,10,25-02-2024,Shipped,114
12374,4646,10,12-07-2024,Pending,1538
12375,3941,16,08-02-2024,Canceled,3486
12376,603,2,29-08-2024,Canceled,379
12377,4006,5,31-08-2024,Delivered,2691
12378,3518,11,25-02-2024,Shipped,831
12379,1927,1,03-02-2024,Delivered,1575
12380,3783,10,26-06-2024,Shipped,242
12381,2506,5,27-03-2024,Shipped,423
12382,3106,2,08-06-2024,Pending,405
12383,752,4,30-05-2024,Delivered,3277
12384,1480,11,17-10-2024,Shipped,37
12385,2154,11,10-05-2024,Shipped,4865
12386,3056,3,18-06-2024,Canceled,3315
12387,3473,6,11-06-2024,Canceled,4966
12388,2257,6,26-06-2024,Canceled,1178
12389,4223,10,30-03-2024,Shipped,964
12390,1826,6,23-08-2024,Delivered,2333
12391,2996,17,22-01-2024,Canceled,912
12392,4662,17,26-05-2024,Delivered,4127
12393,788,10,21-09-2024,Shipped,1210
12394,971,2,28-10-2024,Canceled,4162
12395,596,10,18-01-2024,Pending,1784
12396,4102,5,08-07-2024,Canceled,2095
12397,1726,2,02-03-2024,Delivered,875
12398,3702,19,12-07-2024,Delivered,2509
12399,3084,3,21-09-2024,Shipped,1410
12400,1733,15,11-07-2024,Pending,298
12401,2715,17,21-10-2024,Shipped,2586
12402,3089,1,04-03-2024,Shipped,22
12403,190,19,01-11-2024,Delivered,908
12404,243,10,15-09-2024,Canceled,1914
12405,1790,19,16-03-2024,Pending,3661
12406,4630,3,09-06-2024,Delivered,1516
12407,2197,18,25-05-2024,Shipped,1527
12408,1161,17,03-10-2024,Delivered,2833
12409,530,16,22-06-2024,Canceled,4328
12410,4366,13,09-06-2024,Delivered,4340
12411,4296,7,30-01-2024,Pending,4531
12412,2615,10,10-04-2024,Pending,3531
12413,4718,8,27-06-2024,Delivered,1258
12414,2188,11,28-09-2024,Canceled,4985
12415,343,11,16-06-2024,Canceled,3784
12416,812,10,08-06-2024,Pending,3418
12417,3891,9,16-05-2024,Canceled,1918
12418,110,1,26-09-2024,Pending,4744
12419,1689,16,07-11-2024,Pending,3432
12420,1879,11,15-10-2024,Shipped,2392
12421,3975,14,01-07-2024,Delivered,2606
12422,4508,17,01-09-2024,Shipped,2503
12423,690,7,15-02-2024,Pending,2227
12424,3150,8,10-06-2024,Delivered,978
12425,2173,9,09-04-2024,Canceled,2003
12426,3515,3,11-01-2024,Shipped,4158
12427,139,18,01-03-2024,Canceled,1334
12428,1404,6,02-03-2024,Shipped,4464
12429,2998,19,02-06-2024,Canceled,1013
12430,4794,8,12-02-2024,Canceled,1240
12431,4535,13,04-10-2024,Pending,4588
12432,4931,18,13-09-2024,Pending,321
12433,4694,4,14-10-2024,Pending,285
12434,2936,4,19-02-2024,Canceled,3706
12435,1,15,17-03-2024,Shipped,2291
12436,3191,12,09-04-2024,Pending,1607
12437,2466,8,14-08-2024,Canceled,4473
12438,2795,15,01-10-2024,Delivered,3328
12439,314,3,09-04-2024,Canceled,397
12440,2185,4,11-05-2024,Shipped,3495
12441,1766,17,09-10-2024,Shipped,3828
12442,4598,19,23-06-2024,Canceled,1848
12443,3133,14,08-03-2024,Canceled,2289
12444,2993,13,13-04-2024,Delivered,4628
12445,1656,6,24-09-2024,Pending,4871
12446,4653,19,11-04-2024,Canceled,4530
12447,1951,3,18-08-2024,Shipped,1509
12448,140,3,03-02-2024,Delivered,3577
12449,7,9,25-06-2024,Shipped,346
12450,2851,9,16-06-2024,Canceled,1205
12451,3642,1,15-04-2024,Shipped,2155
12452,2440,11,27-07-2024,Shipped,495
12453,3240,13,05-10-2024,Delivered,4242
12454,1462,17,12-03-2024,Shipped,830
12455,1804,8,13-06-2024,Pending,4734
12456,2912,14,07-02-2024,Delivered,4732
12457,2346,20,26-04-2024,Canceled,2584
12458,1282,16,06-11-2024,Shipped,1212
12459,2079,18,23-07-2024,Canceled,4573
12460,3275,13,04-09-2024,Shipped,3829
12461,1403,15,29-01-2024,Delivered,3462
12462,1935,12,11-01-2024,Canceled,4878
12463,81,16,12-08-2024,Delivered,4264
12464,3124,6,19-08-2024,Pending,3062
12465,2609,5,12-05-2024,Shipped,2762
12466,4703,14,07-09-2024,Pending,3187
12467,3852,6,04-07-2024,Shipped,3921
12468,482,13,18-07-2024,Delivered,3718
12469,482,18,28-01-2024,Delivered,305
12470,2460,12,06-08-2024,Canceled,3507
12471,3616,13,04-04-2024,Delivered,1481
12472,4848,13,20-03-2024,Pending,1331
12473,3738,12,20-07-2024,Pending,487
12474,4143,7,04-09-2024,Canceled,4265
12475,267,7,22-10-2024,Canceled,1018
12476,2098,3,07-01-2024,Delivered,4440
12477,1960,8,09-07-2024,Delivered,3078
12478,4783,15,05-01-2024,Shipped,4663
12479,957,18,26-03-2024,Canceled,3719
12480,3251,9,02-09-2024,Pending,491
12481,2135,6,02-04-2024,Delivered,2160
12482,2817,13,17-10-2024,Shipped,3766
12483,3316,11,14-02-2024,Delivered,2773
12484,3203,15,16-05-2024,Canceled,3854
12485,237,6,01-06-2024,Shipped,2644
12486,4173,12,23-10-2024,Delivered,3412
12487,185,1,11-06-2024,Pending,2364
12488,2929,14,06-07-2024,Pending,3872
12489,3442,14,04-01-2024,Canceled,3302
12490,3215,20,12-05-2024,Delivered,4400
12491,1992,8,16-03-2024,Canceled,1395
12492,3593,9,06-04-2024,Pending,3054
12493,3585,18,08-09-2024,Canceled,3838
12494,1320,11,17-09-2024,Pending,3369
12495,1599,6,16-01-2024,Pending,4278
12496,1872,6,25-07-2024,Shipped,1686
12497,1798,9,30-10-2024,Shipped,1232
12498,3032,4,07-05-2024,Delivered,2627
12499,1798,14,03-02-2024,Canceled,3415
12500,2063,4,20-08-2024,Pending,3187
12501,2566,3,26-07-2024,Pending,1915
12502,2021,8,18-03-2024,Delivered,1999
12503,1775,12,29-07-2024,Canceled,266
12504,573,17,19-09-2024,Shipped,2290
12505,356,14,29-05-2024,Delivered,1217
12506,4236,13,23-01-2024,Delivered,1573
12507,877,20,03-06-2024,Canceled,3356
12508,828,11,08-08-2024,Pending,1941
12509,3097,7,05-06-2024,Delivered,718
12510,3218,2,24-09-2024,Canceled,2054
12511,4845,18,11-03-2024,Pending,1125
12512,4155,16,29-04-2024,Pending,4833
12513,960,7,27-08-2024,Delivered,409
12514,3184,9,31-07-2024,Canceled,1068
12515,2576,19,22-08-2024,Delivered,2627
12516,4759,11,21-05-2024,Canceled,4020
12517,679,4,10-06-2024,Canceled,532
12518,927,10,14-10-2024,Pending,2992
12519,4192,12,10-08-2024,Delivered,3934
12520,3494,4,03-02-2024,Pending,1492
12521,3897,3,25-01-2024,Delivered,2973
12522,1894,15,17-01-2024,Shipped,2340
12523,1911,14,16-03-2024,Delivered,2617
12524,4109,4,06-01-2024,Pending,1886
12525,1597,17,29-07-2024,Shipped,2624
12526,162,10,16-08-2024,Canceled,3467
12527,4137,15,20-06-2024,Canceled,2618
12528,104,1,19-05-2024,Shipped,1819
12529,733,1,24-07-2024,Canceled,4224
12530,3427,1,29-05-2024,Shipped,950
12531,2315,6,23-03-2024,Canceled,4173
12532,4993,17,03-08-2024,Canceled,874
12533,1771,12,26-09-2024,Shipped,846
12534,3855,18,11-09-2024,Shipped,3606
12535,4352,1,23-10-2024,Delivered,3241
12536,2567,11,11-01-2024,Pending,4277
12537,3072,17,10-04-2024,Delivered,1052
12538,966,18,22-01-2024,Delivered,2733
12539,4953,12,25-04-2024,Shipped,4
12540,1185,5,25-10-2024,Shipped,2092
12541,2574,19,14-04-2024,Shipped,120
12542,4134,6,07-02-2024,Delivered,3778
12543,862,4,30-05-2024,Canceled,3089
12544,1844,14,29-01-2024,Pending,1545
12545,75,10,02-06-2024,Canceled,836
12546,4905,11,06-06-2024,Delivered,972
12547,3107,5,03-09-2024,Pending,1374
12548,4165,9,06-09-2024,Shipped,4380
12549,2912,3,19-09-2024,Shipped,3684
12550,4474,14,07-02-2024,Canceled,2426
12551,2892,3,19-03-2024,Shipped,2287
12552,4714,12,06-11-2024,Pending,3646
12553,4688,4,02-01-2024,Shipped,603
12554,4064,8,03-06-2024,Shipped,3676
12555,2595,20,19-03-2024,Delivered,2969
12556,1107,11,07-05-2024,Canceled,1517
12557,2107,18,20-04-2024,Pending,3289
12558,2509,17,23-07-2024,Shipped,2983
12559,3279,16,15-05-2024,Pending,1546
12560,2104,12,16-03-2024,Shipped,3734
12561,3054,1,10-08-2024,Canceled,4557
12562,1242,8,11-06-2024,Delivered,336
12563,2730,19,04-02-2024,Shipped,1036
12564,1606,17,01-09-2024,Canceled,2434
12565,832,6,19-10-2024,Shipped,7
12566,3111,16,30-10-2024,Pending,1386
12567,3968,5,06-01-2024,Pending,1324
12568,2148,12,22-04-2024,Shipped,2995
12569,1458,19,31-10-2024,Delivered,2903
12570,1295,8,18-07-2024,Delivered,392
12571,446,10,01-11-2024,Delivered,4480
12572,3262,8,08-01-2024,Delivered,3302
12573,818,2,19-07-2024,Delivered,4735
12574,1463,18,06-08-2024,Delivered,2416
12575,3410,19,03-01-2024,Delivered,1438
12576,3830,17,02-05-2024,Pending,1149
12577,566,1,10-09-2024,Canceled,3750
12578,76,1,04-07-2024,Pending,3495
12579,2611,17,11-04-2024,Pending,4523
12580,4095,16,21-09-2024,Delivered,3920
12581,2159,8,14-08-2024,Canceled,3926
12582,4605,17,22-07-2024,Shipped,1456
12583,4149,12,02-10-2024,Pending,4498
12584,4762,13,03-10-2024,Canceled,627
12585,1164,3,07-07-2024,Shipped,2989
12586,3991,1,19-05-2024,Canceled,4024
12587,2337,7,24-07-2024,Pending,1801
12588,3098,19,02-10-2024,Shipped,1749
12589,1027,11,08-04-2024,Canceled,3148
12590,1321,12,30-10-2024,Delivered,3840
12591,1931,12,06-10-2024,Canceled,779
12592,1048,2,21-01-2024,Canceled,4217
12593,3647,4,06-03-2024,Shipped,3652
12594,3768,14,26-04-2024,Shipped,2070
12595,2486,18,23-10-2024,Pending,3531
12596,2753,16,17-08-2024,Canceled,4868
12597,1048,5,04-04-2024,Canceled,1206
12598,1064,15,13-07-2024,Shipped,2140
12599,1872,7,27-06-2024,Shipped,134
12600,3373,4,26-01-2024,Delivered,2213
12601,790,1,24-03-2024,Shipped,2496
12602,104,1,28-07-2024,Delivered,185
12603,2028,17,21-08-2024,Pending,2810
12604,1300,12,20-08-2024,Pending,3121
12605,2512,8,21-10-2024,Canceled,132
12606,2174,8,25-02-2024,Delivered,2536
12607,1034,20,27-06-2024,Canceled,1120
12608,4420,17,08-08-2024,Canceled,2841
12609,3670,14,24-09-2024,Pending,3454
12610,869,17,30-03-2024,Delivered,264
12611,152,8,11-05-2024,Pending,2179
12612,4316,17,16-09-2024,Shipped,4290
12613,147,7,19-04-2024,Delivered,207
12614,3986,4,20-10-2024,Canceled,2992
12615,2537,20,12-04-2024,Shipped,2812
12616,1260,6,23-09-2024,Pending,1582
12617,4014,15,14-04-2024,Pending,1590
12618,17,3,10-05-2024,Pending,4664
12619,2643,9,01-11-2024,Delivered,3575
12620,4204,8,29-07-2024,Pending,3364
12621,3697,1,17-10-2024,Canceled,2277
12622,4423,13,29-10-2024,Delivered,713
12623,1875,8,27-08-2024,Shipped,215
12624,3777,14,10-01-2024,Canceled,2230
12625,3478,18,12-05-2024,Delivered,663
12626,2707,12,12-10-2024,Delivered,3227
12627,186,8,18-06-2024,Pending,3923
12628,190,12,19-03-2024,Delivered,3763
12629,4688,4,10-09-2024,Canceled,1087
12630,3520,15,25-01-2024,Delivered,4594
12631,3468,18,18-02-2024,Pending,3755
12632,706,18,17-08-2024,Shipped,2965
12633,4251,13,16-10-2024,Canceled,4087
12634,4881,3,21-08-2024,Shipped,787
12635,2283,8,05-05-2024,Shipped,4122
12636,3603,13,21-02-2024,Delivered,1639
12637,4220,9,02-06-2024,Pending,4485
12638,918,12,30-01-2024,Shipped,1121
12639,3998,13,24-10-2024,Delivered,713
12640,639,8,17-04-2024,Canceled,2536
12641,28,10,28-09-2024,Pending,3671
12642,365,17,16-05-2024,Pending,4926
12643,4304,6,04-11-2024,Canceled,3650
12644,3292,3,20-09-2024,Delivered,332
12645,4345,2,21-06-2024,Delivered,514
12646,4346,17,05-09-2024,Shipped,3628
12647,132,15,20-07-2024,Pending,1196
12648,1091,12,07-03-2024,Shipped,2126
12649,704,14,24-04-2024,Delivered,2018
12650,3633,6,22-05-2024,Shipped,982
12651,4318,12,11-10-2024,Canceled,656
12652,466,8,05-09-2024,Shipped,2536
12653,138,10,05-06-2024,Canceled,4712
12654,515,19,13-06-2024,Canceled,1419
12655,3007,7,29-03-2024,Delivered,1832
12656,1949,15,17-06-2024,Shipped,4383
12657,3979,3,24-03-2024,Pending,2948
12658,2197,11,19-01-2024,Canceled,2273
12659,1098,12,19-05-2024,Pending,2349
12660,1450,4,12-02-2024,Shipped,601
12661,4368,10,23-02-2024,Delivered,3658
12662,2234,1,19-07-2024,Shipped,4945
12663,688,2,02-02-2024,Delivered,3810
12664,1920,17,08-06-2024,Pending,2586
12665,1959,15,16-03-2024,Canceled,1185
12666,391,9,19-06-2024,Shipped,4922
12667,3691,6,27-08-2024,Shipped,262
12668,2140,15,15-08-2024,Delivered,1837
12669,4185,20,18-06-2024,Pending,3394
12670,3124,13,29-03-2024,Delivered,500
12671,1355,13,04-02-2024,Delivered,416
12672,1313,12,27-06-2024,Pending,2006
12673,568,15,04-04-2024,Pending,2502
12674,4814,3,17-03-2024,Canceled,1391
12675,83,1,19-10-2024,Canceled,3446
12676,497,16,18-03-2024,Delivered,1371
12677,1877,16,05-08-2024,Pending,1794
12678,3808,2,16-05-2024,Pending,220
12679,30,4,02-06-2024,Shipped,396
12680,3956,4,01-08-2024,Shipped,4285
12681,922,20,01-09-2024,Canceled,4988
12682,669,2,07-04-2024,Pending,2594
12683,3783,9,02-06-2024,Canceled,2909
12684,1519,7,09-08-2024,Pending,3117
12685,3469,9,23-10-2024,Shipped,78
12686,2428,9,03-09-2024,Pending,2759
12687,3963,9,09-05-2024,Pending,1386
12688,4468,8,22-06-2024,Delivered,2560
12689,1382,9,16-01-2024,Pending,3339
12690,2000,13,11-10-2024,Canceled,4686
12691,3586,13,10-10-2024,Shipped,2290
12692,1308,5,02-09-2024,Delivered,1862
12693,261,17,24-01-2024,Pending,2118
12694,2501,2,04-11-2024,Canceled,3551
12695,4341,16,14-02-2024,Delivered,795
12696,811,5,07-05-2024,Shipped,4961
12697,776,8,19-09-2024,Delivered,908
12698,3769,4,14-01-2024,Pending,3072
12699,3677,18,30-09-2024,Shipped,3233
12700,1723,1,04-04-2024,Canceled,2216
12701,736,13,15-04-2024,Delivered,4926
12702,834,1,20-03-2024,Delivered,4228
12703,497,20,16-02-2024,Shipped,2187
12704,4133,16,15-06-2024,Canceled,1390
12705,1152,13,29-02-2024,Delivered,366
12706,3234,4,24-08-2024,Pending,344
12707,413,16,09-03-2024,Shipped,355
12708,4998,20,19-03-2024,Delivered,1182
12709,3033,3,09-10-2024,Canceled,990
12710,1385,8,04-05-2024,Pending,4508
12711,3166,6,06-06-2024,Canceled,2018
12712,4316,2,12-03-2024,Pending,4192
12713,4311,18,18-02-2024,Canceled,4920
12714,1785,14,02-04-2024,Pending,4556
12715,958,18,11-04-2024,Pending,4711
12716,4242,7,16-03-2024,Delivered,2614
12717,1456,17,02-04-2024,Shipped,1864
12718,1565,11,23-05-2024,Canceled,3481
12719,2600,8,22-06-2024,Canceled,759
12720,2481,9,04-02-2024,Pending,571
12721,2657,19,27-10-2024,Shipped,3432
12722,3120,1,05-11-2024,Canceled,1731
12723,2225,3,08-03-2024,Delivered,3102
12724,433,18,07-01-2024,Canceled,841
12725,2867,19,05-05-2024,Canceled,3794
12726,836,12,08-07-2024,Canceled,887
12727,4932,3,30-04-2024,Pending,3305
12728,1356,1,27-08-2024,Delivered,1861
12729,2895,15,20-02-2024,Canceled,4604
12730,2784,19,27-01-2024,Pending,1170
12731,4315,13,26-03-2024,Pending,3202
12732,2351,16,05-09-2024,Shipped,328
12733,1021,13,26-07-2024,Canceled,2508
12734,3116,8,13-06-2024,Canceled,409
12735,4743,2,02-01-2024,Canceled,4657
12736,4042,13,27-05-2024,Canceled,3749
12737,1612,8,14-07-2024,Shipped,4615
12738,1596,11,13-03-2024,Canceled,1252
12739,351,6,25-07-2024,Delivered,1529
12740,4977,1,25-08-2024,Pending,606
12741,1650,1,24-06-2024,Canceled,389
12742,725,9,24-10-2024,Canceled,4582
12743,4987,17,21-02-2024,Delivered,4809
12744,4576,10,02-11-2024,Shipped,2242
12745,3510,2,16-09-2024,Canceled,4897
12746,3764,5,14-09-2024,Delivered,4580
12747,2426,10,17-07-2024,Delivered,1759
12748,3181,15,23-06-2024,Canceled,2156
12749,4761,6,13-01-2024,Shipped,1464
12750,3877,18,25-02-2024,Shipped,2757
12751,2409,18,07-04-2024,Delivered,2639
12752,1338,2,23-05-2024,Shipped,904
12753,3139,1,04-06-2024,Canceled,3895
12754,3546,1,30-04-2024,Canceled,2856
12755,3104,10,06-11-2024,Delivered,3829
12756,4475,1,24-09-2024,Pending,3807
12757,2888,8,07-05-2024,Delivered,825
12758,1743,20,23-10-2024,Pending,3741
12759,815,13,31-03-2024,Canceled,4478
12760,4184,2,16-02-2024,Shipped,4262
12761,527,6,19-09-2024,Canceled,3650
12762,769,1,20-01-2024,Delivered,1241
12763,4574,16,01-07-2024,Canceled,3491
12764,1666,4,03-06-2024,Canceled,466
12765,4016,17,05-09-2024,Canceled,292
12766,4220,1,15-08-2024,Canceled,4689
12767,587,8,29-09-2024,Shipped,1405
12768,851,11,22-01-2024,Delivered,3330
12769,3354,15,04-07-2024,Shipped,2814
12770,2103,10,12-01-2024,Delivered,1668
12771,1428,6,06-01-2024,Pending,1553
12772,3876,3,24-10-2024,Canceled,163
12773,4228,17,18-09-2024,Pending,2813
12774,4713,2,12-08-2024,Delivered,2277
12775,1694,19,29-05-2024,Canceled,4078
12776,4195,9,16-01-2024,Pending,982
12777,527,3,01-08-2024,Pending,729
12778,400,14,10-08-2024,Delivered,2592
12779,3795,11,18-06-2024,Shipped,1456
12780,2958,17,29-06-2024,Delivered,385
12781,1217,14,28-04-2024,Pending,391
12782,4948,10,12-04-2024,Pending,4769
12783,4051,11,29-03-2024,Delivered,1973
12784,3370,12,07-09-2024,Pending,796
12785,2337,6,05-05-2024,Pending,1598
12786,409,4,15-08-2024,Pending,4073
12787,2060,3,25-10-2024,Canceled,3453
12788,3249,3,28-03-2024,Shipped,4955
12789,4429,5,17-04-2024,Pending,3923
12790,4592,17,21-05-2024,Shipped,3542
12791,1666,12,11-09-2024,Canceled,4063
12792,3625,20,10-07-2024,Delivered,14
12793,1419,3,28-01-2024,Delivered,4241
12794,4930,17,06-06-2024,Canceled,1595
12795,228,8,29-09-2024,Pending,1546
12796,478,3,18-09-2024,Delivered,1138
12797,348,5,13-02-2024,Delivered,3145
12798,1229,20,20-05-2024,Pending,3748
12799,702,12,09-09-2024,Shipped,1354
12800,4994,10,06-09-2024,Delivered,3601
12801,3373,4,14-06-2024,Canceled,2082
12802,1550,7,21-03-2024,Delivered,2737
12803,2160,19,05-04-2024,Delivered,334
12804,2118,2,31-05-2024,Shipped,3450
12805,2931,18,08-01-2024,Canceled,3607
12806,4402,3,07-06-2024,Pending,1893
12807,453,7,20-09-2024,Shipped,3810
12808,1815,15,01-02-2024,Shipped,3275
12809,3749,4,07-01-2024,Delivered,4707
12810,3152,1,18-10-2024,Delivered,3398
12811,284,12,27-09-2024,Pending,659
12812,2075,18,18-09-2024,Pending,3365
12813,1730,13,31-01-2024,Pending,1355
12814,1800,13,04-04-2024,Pending,3366
12815,2898,20,23-09-2024,Delivered,1327
12816,3765,12,04-03-2024,Delivered,2429
12817,157,9,23-03-2024,Shipped,2858
12818,1768,3,28-01-2024,Pending,122
12819,1469,3,10-03-2024,Shipped,3576
12820,3122,15,14-03-2024,Shipped,656
12821,3600,19,09-01-2024,Canceled,3741
12822,3232,5,29-03-2024,Delivered,2325
12823,503,16,03-06-2024,Pending,2426
12824,874,18,12-07-2024,Shipped,1809
12825,384,20,02-03-2024,Canceled,1626
12826,4851,2,14-06-2024,Delivered,1738
12827,3668,4,14-07-2024,Pending,1065
12828,3291,2,19-04-2024,Delivered,419
12829,3175,2,20-06-2024,Shipped,4250
12830,1429,9,29-03-2024,Canceled,3218
12831,2779,19,16-01-2024,Shipped,481
12832,3712,14,29-07-2024,Canceled,4409
12833,474,1,03-02-2024,Canceled,1649
12834,330,12,08-06-2024,Delivered,1800
12835,2899,6,18-08-2024,Pending,3847
12836,301,18,17-01-2024,Pending,2116
12837,414,3,17-03-2024,Pending,3408
12838,4429,10,13-05-2024,Canceled,1205
12839,2906,19,12-01-2024,Canceled,987
12840,173,18,21-03-2024,Pending,33
12841,416,8,08-10-2024,Delivered,1599
12842,4781,7,16-10-2024,Canceled,1208
12843,2632,7,15-04-2024,Pending,2762
12844,133,16,19-02-2024,Delivered,4123
12845,465,4,18-01-2024,Pending,1853
12846,2849,9,04-06-2024,Canceled,3238
12847,466,13,26-02-2024,Pending,1441
12848,1140,2,16-07-2024,Canceled,2721
12849,4047,1,06-10-2024,Shipped,952
12850,2327,12,24-08-2024,Pending,1424
12851,4537,8,13-05-2024,Shipped,1895
12852,1478,16,10-10-2024,Canceled,1072
12853,2247,15,23-07-2024,Delivered,4412
12854,3551,10,16-10-2024,Shipped,139
12855,4681,14,04-01-2024,Shipped,1658
12856,266,16,16-04-2024,Delivered,2097
12857,4047,19,23-02-2024,Pending,603
12858,990,11,23-04-2024,Canceled,807
12859,3725,10,03-08-2024,Delivered,3146
12860,1179,13,08-05-2024,Pending,4235
12861,3528,6,08-02-2024,Shipped,3290
12862,2581,9,01-09-2024,Pending,2230
12863,4017,15,30-01-2024,Pending,1589
12864,1759,3,13-09-2024,Shipped,1624
12865,2853,20,16-06-2024,Delivered,566
12866,2150,12,23-07-2024,Shipped,1427
12867,4777,8,06-10-2024,Pending,1230
12868,3674,12,04-08-2024,Shipped,3513
12869,2614,15,12-10-2024,Pending,1366
12870,4809,3,27-03-2024,Shipped,3556
12871,3617,19,15-08-2024,Delivered,850
12872,2457,20,03-03-2024,Canceled,4395
12873,2921,13,29-01-2024,Delivered,4032
12874,1310,18,26-01-2024,Shipped,1287
12875,545,15,01-05-2024,Delivered,4830
12876,419,14,02-11-2024,Pending,2701
12877,50,2,05-04-2024,Delivered,4379
12878,1617,18,02-09-2024,Shipped,3430
12879,1871,14,26-05-2024,Canceled,2706
12880,2879,5,11-07-2024,Pending,701
12881,2484,11,01-08-2024,Delivered,3130
12882,3746,14,14-05-2024,Canceled,4650
12883,2540,10,24-07-2024,Pending,3505
12884,4754,11,24-06-2024,Shipped,4526
12885,938,4,31-03-2024,Shipped,927
12886,4727,14,16-03-2024,Canceled,2631
12887,1978,13,07-11-2024,Pending,2030
12888,1863,9,15-10-2024,Shipped,4490
12889,2132,9,21-09-2024,Canceled,4377
12890,672,12,12-04-2024,Shipped,3183
12891,1813,15,30-05-2024,Pending,2992
12892,2829,7,27-05-2024,Shipped,4934
12893,4146,8,06-07-2024,Pending,1942
12894,3193,7,15-06-2024,Delivered,2324
12895,2719,14,12-10-2024,Shipped,1848
12896,3612,11,04-06-2024,Pending,1400
12897,1496,16,25-07-2024,Delivered,3840
12898,4805,13,19-02-2024,Canceled,2921
12899,3360,14,27-08-2024,Canceled,3735
12900,2785,8,21-03-2024,Shipped,3927
12901,882,2,22-01-2024,Shipped,2471
12902,3532,10,11-01-2024,Canceled,2143
12903,2472,10,14-10-2024,Shipped,2359
12904,300,13,08-07-2024,Pending,3157
12905,4015,20,22-03-2024,Shipped,3850
12906,758,6,02-07-2024,Pending,3297
12907,1743,13,06-01-2024,Shipped,3307
12908,4281,3,03-04-2024,Canceled,485
12909,4806,6,15-07-2024,Shipped,3799
12910,1693,16,24-06-2024,Canceled,4553
12911,4377,4,04-11-2024,Pending,4090
12912,4884,3,10-07-2024,Canceled,2321
12913,2088,10,22-04-2024,Pending,1190
12914,4571,5,16-06-2024,Shipped,4411
12915,31,13,14-04-2024,Canceled,374
12916,3681,18,31-03-2024,Canceled,2238
12917,2459,18,16-07-2024,Delivered,852
12918,3653,4,14-09-2024,Pending,1509
12919,1192,2,12-05-2024,Pending,1340
12920,2663,6,07-01-2024,Shipped,736
12921,3121,14,22-07-2024,Pending,44
12922,2446,19,20-07-2024,Shipped,4549
12923,1805,1,05-03-2024,Canceled,4021
12924,115,10,24-05-2024,Canceled,2144
12925,2128,10,18-09-2024,Canceled,2688
12926,896,6,24-06-2024,Pending,2053
12927,2441,20,12-01-2024,Delivered,1269
12928,61,8,19-04-2024,Pending,4453
12929,1864,16,13-04-2024,Shipped,95
12930,3466,1,12-10-2024,Shipped,1352
12931,2686,14,20-10-2024,Delivered,418
12932,3780,8,10-05-2024,Pending,776
12933,2926,2,30-10-2024,Shipped,729
12934,2056,12,15-05-2024,Shipped,2263
12935,1466,1,08-04-2024,Canceled,1695
12936,4131,11,04-03-2024,Delivered,3545
12937,4599,17,04-08-2024,Delivered,3014
12938,718,9,05-04-2024,Canceled,169
12939,767,20,22-05-2024,Delivered,1615
12940,2228,2,03-09-2024,Pending,3335
12941,3963,17,17-07-2024,Delivered,1007
12942,1656,16,28-07-2024,Shipped,3295
12943,2551,2,05-07-2024,Canceled,4553
12944,2545,3,01-09-2024,Canceled,4678
12945,4634,12,08-04-2024,Pending,2917
12946,2041,10,07-03-2024,Shipped,1036
12947,3895,3,07-02-2024,Pending,1049
12948,2735,15,19-01-2024,Canceled,4875
12949,1431,11,13-08-2024,Delivered,4729
12950,678,6,13-04-2024,Shipped,4006
12951,4437,1,31-03-2024,Shipped,388
12952,4988,4,30-07-2024,Shipped,1087
12953,617,3,18-01-2024,Canceled,528
12954,2131,19,15-05-2024,Pending,3704
12955,3824,19,28-10-2024,Delivered,2533
12956,41,20,19-04-2024,Canceled,2085
12957,1756,4,23-09-2024,Delivered,2783
12958,2082,3,01-11-2024,Delivered,284
12959,666,13,25-06-2024,Shipped,2770
12960,628,3,07-11-2024,Canceled,83
12961,961,9,17-08-2024,Shipped,3586
12962,1082,5,08-09-2024,Canceled,986
12963,4535,9,09-10-2024,Delivered,1164
12964,2566,6,12-04-2024,Delivered,1398
12965,3580,1,16-10-2024,Pending,3095
12966,370,19,17-07-2024,Delivered,4350
12967,378,2,17-08-2024,Pending,572
12968,1986,2,17-07-2024,Pending,1133
12969,4000,18,31-03-2024,Canceled,135
12970,4567,11,03-01-2024,Shipped,850
12971,1881,19,16-02-2024,Canceled,488
12972,3752,7,21-07-2024,Canceled,1203
12973,1614,9,22-10-2024,Delivered,3695
12974,3062,15,14-06-2024,Canceled,4254
12975,4348,1,20-01-2024,Pending,3701
12976,3054,7,27-07-2024,Pending,3859
12977,3546,12,12-01-2024,Shipped,740
12978,1588,16,26-10-2024,Shipped,749
12979,369,5,04-10-2024,Delivered,4619
12980,273,20,01-07-2024,Pending,4134
12981,863,11,22-05-2024,Pending,4807
12982,3315,13,03-11-2024,Pending,1616
12983,2567,3,04-10-2024,Shipped,609
12984,225,17,26-03-2024,Delivered,856
12985,1058,19,10-08-2024,Shipped,4576
12986,2258,2,30-03-2024,Pending,2261
12987,2760,11,13-09-2024,Shipped,686
12988,1811,6,30-09-2024,Shipped,4454
12989,687,6,09-10-2024,Pending,299
12990,1566,10,17-08-2024,Shipped,3791
12991,2571,13,02-08-2024,Canceled,1874
12992,1037,2,20-05-2024,Shipped,1798
12993,3430,12,24-10-2024,Pending,354
12994,2090,2,25-05-2024,Shipped,1160
12995,3314,9,24-06-2024,Canceled,4482
12996,1006,9,23-10-2024,Shipped,200
12997,770,16,23-10-2024,Shipped,191
12998,2093,20,13-06-2024,Delivered,1907
12999,454,3,31-10-2024,Canceled,2732
13000,143,12,04-01-2024,Shipped,3064
13001,360,12,12-01-2024,Pending,1554
13002,3932,17,21-10-2024,Pending,4461
13003,991,20,30-09-2024,Delivered,250
13004,578,19,07-04-2024,Delivered,2215
13005,850,10,11-03-2024,Canceled,3487
13006,2427,17,05-07-2024,Canceled,3584
13007,3899,4,16-01-2024,Canceled,3450
13008,4049,11,17-08-2024,Delivered,3584
13009,1177,7,18-07-2024,Pending,2540
13010,306,15,03-04-2024,Shipped,2195
13011,4130,1,21-08-2024,Pending,2945
13012,4956,13,08-06-2024,Delivered,2792
13013,1211,19,18-10-2024,Delivered,2243
13014,3927,1,10-05-2024,Shipped,327
13015,2554,16,23-04-2024,Delivered,805
13016,3465,14,13-10-2024,Canceled,4960
13017,3167,8,23-07-2024,Canceled,813
13018,4739,16,01-09-2024,Shipped,4178
13019,3494,14,15-08-2024,Shipped,4840
13020,1262,7,26-04-2024,Pending,4233
13021,519,2,02-09-2024,Canceled,843
13022,3630,3,17-03-2024,Canceled,4682
13023,1365,9,21-09-2024,Delivered,649
13024,2547,18,18-10-2024,Canceled,2889
13025,4151,19,24-03-2024,Shipped,186
13026,1667,2,30-10-2024,Canceled,383
13027,4075,11,23-10-2024,Delivered,2804
13028,1124,17,18-07-2024,Shipped,484
13029,1187,8,07-09-2024,Canceled,1452
13030,112,7,04-01-2024,Shipped,3696
13031,1217,9,10-10-2024,Pending,1153
13032,1685,17,22-05-2024,Canceled,292
13033,2210,10,25-03-2024,Delivered,3793
13034,3464,20,08-06-2024,Pending,1681
13035,934,16,30-03-2024,Canceled,1364
13036,4341,20,07-04-2024,Shipped,2113
13037,2207,19,21-06-2024,Pending,71
13038,4668,11,02-11-2024,Delivered,2268
13039,630,14,01-09-2024,Canceled,4960
13040,2536,5,31-01-2024,Delivered,747
13041,4264,9,24-09-2024,Shipped,3448
13042,3913,14,30-05-2024,Canceled,4030
13043,3982,7,11-07-2024,Pending,486
13044,300,1,14-07-2024,Canceled,1858
13045,4334,14,16-01-2024,Delivered,2628
13046,578,3,10-04-2024,Canceled,2518
13047,4301,17,30-10-2024,Canceled,2559
13048,2418,17,28-10-2024,Delivered,1469
13049,3139,20,21-06-2024,Canceled,2332
13050,2730,3,10-09-2024,Pending,2556
13051,506,8,15-09-2024,Shipped,4706
13052,2998,14,08-11-2024,Pending,3519
13053,4342,16,03-08-2024,Canceled,1683
13054,1048,4,25-01-2024,Canceled,4184
13055,1665,20,13-05-2024,Shipped,984
13056,3383,10,01-09-2024,Shipped,2456
13057,4094,12,23-09-2024,Delivered,984
13058,288,20,07-11-2024,Delivered,1280
13059,1711,11,29-09-2024,Pending,1291
13060,786,17,30-04-2024,Canceled,1134
13061,3653,2,07-04-2024,Shipped,1051
13062,909,4,15-05-2024,Pending,4998
13063,4249,8,01-11-2024,Shipped,1399
13064,850,5,20-02-2024,Shipped,1606
13065,447,4,15-08-2024,Shipped,3293
13066,1707,13,07-03-2024,Canceled,4191
13067,774,20,23-05-2024,Pending,2171
13068,4123,13,18-07-2024,Shipped,390
13069,3828,11,13-03-2024,Canceled,1482
13070,770,17,11-04-2024,Delivered,3766
13071,3559,7,13-08-2024,Delivered,759
13072,2479,6,11-02-2024,Canceled,855
13073,1392,19,21-04-2024,Pending,1286
13074,3620,6,31-07-2024,Delivered,1390
13075,3825,19,03-01-2024,Pending,525
13076,2628,8,04-08-2024,Canceled,4519
13077,451,16,23-06-2024,Delivered,1373
13078,3253,19,10-04-2024,Canceled,3048
13079,4722,19,06-05-2024,Shipped,1360
13080,4250,7,10-08-2024,Delivered,1534
13081,1982,15,08-03-2024,Pending,2977
13082,288,6,07-02-2024,Pending,4013
13083,1200,9,09-09-2024,Delivered,4642
13084,4384,18,15-07-2024,Pending,3252
13085,1815,16,10-08-2024,Shipped,4526
13086,3095,4,19-03-2024,Delivered,1836
13087,4043,7,07-02-2024,Delivered,1642
13088,809,15,27-10-2024,Canceled,979
13089,4566,20,03-10-2024,Shipped,3541
13090,4554,8,16-01-2024,Canceled,3960
13091,1184,16,14-05-2024,Delivered,542
13092,2361,2,21-07-2024,Shipped,2372
13093,2835,3,05-07-2024,Delivered,1857
13094,3,12,31-05-2024,Shipped,4158
13095,17,7,24-10-2024,Pending,3724
13096,4791,17,21-07-2024,Canceled,4952
13097,3336,14,04-06-2024,Shipped,2882
13098,2431,13,21-08-2024,Delivered,352
13099,2826,16,10-10-2024,Shipped,3640
13100,2633,9,09-04-2024,Delivered,2733
13101,2019,13,07-11-2024,Shipped,1832
13102,1076,18,27-05-2024,Canceled,3324
13103,1416,8,26-01-2024,Pending,482
13104,1938,7,01-08-2024,Pending,726
13105,2759,15,18-04-2024,Canceled,4678
13106,2669,2,02-02-2024,Delivered,92
13107,4506,5,29-05-2024,Pending,4529
13108,4130,3,05-05-2024,Shipped,4848
13109,4710,9,11-10-2024,Canceled,3229
13110,3012,18,12-07-2024,Shipped,4650
13111,4340,7,25-01-2024,Delivered,3093
13112,1285,16,11-04-2024,Canceled,1645
13113,1716,20,10-02-2024,Delivered,4998
13114,3098,6,14-09-2024,Shipped,3052
13115,4880,14,12-07-2024,Pending,1333
13116,3711,11,02-08-2024,Delivered,2107
13117,524,20,19-09-2024,Canceled,2902
13118,4021,4,24-06-2024,Canceled,1215
13119,1477,18,23-10-2024,Pending,1111
13120,3427,5,01-05-2024,Shipped,1688
13121,3546,13,26-10-2024,Pending,3797
13122,3565,6,17-09-2024,Canceled,3008
13123,2508,11,05-10-2024,Shipped,1596
13124,1998,12,15-02-2024,Canceled,3286
13125,333,7,12-01-2024,Shipped,4999
13126,2391,17,06-05-2024,Shipped,2158
13127,2489,15,04-06-2024,Canceled,1670
13128,1141,7,08-06-2024,Canceled,1487
13129,4284,12,16-03-2024,Pending,2366
13130,4107,10,20-02-2024,Shipped,4895
13131,4163,9,08-06-2024,Pending,3867
13132,1739,17,10-03-2024,Canceled,3307
13133,3012,18,17-04-2024,Canceled,2610
13134,1708,12,13-06-2024,Pending,4226
13135,698,8,25-03-2024,Delivered,1804
13136,422,10,13-01-2024,Canceled,4938
13137,2220,2,10-03-2024,Canceled,4871
13138,1564,2,25-10-2024,Delivered,4250
13139,549,18,12-05-2024,Pending,492
13140,1299,1,19-10-2024,Canceled,2914
13141,3772,16,12-10-2024,Delivered,3824
13142,986,1,22-09-2024,Canceled,3670
13143,4512,16,04-09-2024,Shipped,3718
13144,1005,3,10-07-2024,Shipped,3444
13145,1035,20,29-07-2024,Delivered,4508
13146,4354,5,13-10-2024,Delivered,2863
13147,4379,7,09-06-2024,Shipped,1871
13148,2704,20,10-05-2024,Shipped,1574
13149,2228,20,31-03-2024,Shipped,1638
13150,1763,17,10-05-2024,Shipped,2204
13151,3164,2,05-07-2024,Canceled,3831
13152,3172,12,02-08-2024,Shipped,236
13153,2586,16,28-05-2024,Canceled,697
13154,2367,8,11-06-2024,Shipped,1092
13155,1966,5,31-05-2024,Shipped,3610
13156,3561,5,27-06-2024,Pending,4992
13157,554,9,23-03-2024,Delivered,1301
13158,1444,1,14-06-2024,Canceled,774
13159,4897,1,29-10-2024,Canceled,3501
13160,4262,10,11-01-2024,Pending,1655
13161,1820,14,26-03-2024,Delivered,1191
13162,1426,11,26-02-2024,Canceled,457
13163,4123,14,07-02-2024,Pending,3549
13164,2603,10,13-02-2024,Canceled,1966
13165,2987,8,04-09-2024,Delivered,986
13166,4313,2,19-09-2024,Pending,640
13167,1708,8,05-10-2024,Delivered,3450
13168,2999,2,05-03-2024,Delivered,4196
13169,4330,4,17-04-2024,Canceled,835
13170,1483,7,04-05-2024,Delivered,3739
13171,2515,15,06-08-2024,Pending,2316
13172,4332,19,15-06-2024,Shipped,1580
13173,639,4,01-02-2024,Shipped,2159
13174,1157,17,19-05-2024,Pending,1149
13175,4913,9,16-04-2024,Shipped,4509
13176,4689,18,06-07-2024,Shipped,3805
13177,520,12,25-08-2024,Delivered,4889
13178,1227,1,12-08-2024,Canceled,1377
13179,1672,1,15-07-2024,Shipped,4885
13180,1457,2,25-04-2024,Shipped,3001
13181,3000,20,13-04-2024,Canceled,283
13182,1891,7,24-09-2024,Delivered,1445
13183,4031,16,02-10-2024,Delivered,3471
13184,3205,14,09-02-2024,Canceled,4408
13185,4652,17,30-07-2024,Delivered,268
13186,1831,12,20-09-2024,Pending,1937
13187,2562,4,15-05-2024,Shipped,2150
13188,4477,5,26-01-2024,Canceled,339
13189,1592,10,20-08-2024,Pending,450
13190,1517,17,18-08-2024,Pending,2918
13191,686,18,08-06-2024,Pending,1134
13192,4298,13,18-07-2024,Shipped,3775
13193,256,5,20-03-2024,Delivered,1822
13194,787,18,25-09-2024,Canceled,3809
13195,1969,17,02-03-2024,Shipped,2541
13196,2832,11,05-07-2024,Canceled,4546
13197,992,9,15-10-2024,Pending,4979
13198,4839,11,11-06-2024,Canceled,4022
13199,2518,17,24-02-2024,Canceled,2951
13200,2176,18,02-11-2024,Pending,782
13201,2975,10,26-07-2024,Shipped,3144
13202,2272,15,16-08-2024,Pending,1680
13203,902,5,02-09-2024,Delivered,1073
13204,1439,18,23-01-2024,Canceled,2911
13205,3032,1,17-07-2024,Shipped,141
13206,850,10,25-02-2024,Pending,558
13207,1385,1,26-03-2024,Pending,4998
13208,595,14,07-07-2024,Shipped,1030
13209,112,17,12-02-2024,Pending,2704
13210,4620,8,11-01-2024,Shipped,3998
13211,283,20,25-05-2024,Canceled,4988
13212,4972,5,17-08-2024,Pending,3261
13213,3168,12,11-06-2024,Canceled,4272
13214,3208,3,05-01-2024,Canceled,2366
13215,4267,14,04-03-2024,Canceled,4222
13216,3541,8,17-03-2024,Canceled,2923
13217,2513,7,28-03-2024,Delivered,656
13218,3211,18,25-09-2024,Pending,3105
13219,636,19,23-08-2024,Shipped,1397
13220,2671,7,16-07-2024,Shipped,3289
13221,1241,14,08-01-2024,Canceled,3305
13222,1553,13,17-04-2024,Pending,3351
13223,4771,7,22-06-2024,Canceled,1316
13224,706,11,02-10-2024,Delivered,424
13225,1374,16,05-04-2024,Pending,3674
13226,2025,16,29-02-2024,Canceled,1077
13227,2850,16,09-07-2024,Pending,567
13228,322,7,01-11-2024,Pending,2322
13229,4602,18,12-03-2024,Shipped,612
13230,1625,12,20-02-2024,Delivered,3101
13231,1219,5,15-04-2024,Canceled,4251
13232,4850,16,14-03-2024,Delivered,4755
13233,4914,6,28-09-2024,Shipped,2532
13234,2280,3,20-10-2024,Delivered,2204
13235,258,12,09-07-2024,Canceled,3980
13236,524,17,02-05-2024,Shipped,4619
13237,811,19,28-07-2024,Canceled,4684
13238,4142,3,15-10-2024,Delivered,423
13239,1693,5,04-10-2024,Shipped,3110
13240,513,7,05-10-2024,Delivered,350
13241,354,12,08-02-2024,Canceled,4848
13242,1455,5,09-02-2024,Shipped,1123
13243,4258,9,14-06-2024,Delivered,793
13244,4634,8,22-02-2024,Delivered,4199
13245,203,15,13-05-2024,Canceled,873
13246,2841,18,10-08-2024,Shipped,4691
13247,2029,5,31-05-2024,Delivered,72
13248,3596,3,16-10-2024,Pending,853
13249,774,10,26-08-2024,Shipped,2712
13250,92,6,16-10-2024,Canceled,3286
13251,3055,10,22-06-2024,Canceled,4059
13252,1906,7,26-01-2024,Shipped,1557
13253,1249,4,14-07-2024,Pending,4751
13254,2694,10,23-05-2024,Delivered,2845
13255,3455,10,28-01-2024,Delivered,2105
13256,187,3,16-02-2024,Delivered,3557
13257,4555,20,14-04-2024,Shipped,4981
13258,1705,3,17-09-2024,Shipped,1415
13259,153,20,20-06-2024,Shipped,3582
13260,3869,20,20-06-2024,Shipped,4354
13261,2728,19,29-06-2024,Delivered,3483
13262,1598,13,16-02-2024,Shipped,793
13263,1274,8,29-05-2024,Shipped,242
13264,2689,5,19-03-2024,Pending,2570
13265,3408,13,15-02-2024,Canceled,1099
13266,963,14,24-09-2024,Shipped,3907
13267,1263,19,02-05-2024,Delivered,2638
13268,4398,9,27-08-2024,Canceled,1872
13269,1131,7,18-03-2024,Shipped,232
13270,2599,13,22-07-2024,Shipped,1347
13271,4527,17,20-01-2024,Canceled,1672
13272,2535,6,18-08-2024,Delivered,3563
13273,2169,19,04-11-2024,Delivered,4433
13274,2044,13,04-06-2024,Delivered,265
13275,4020,8,25-02-2024,Shipped,4986
13276,3387,7,09-09-2024,Shipped,4394
13277,4283,2,12-10-2024,Pending,3841
13278,4540,5,29-06-2024,Pending,3303
13279,856,13,17-07-2024,Canceled,3968
13280,464,15,18-10-2024,Shipped,4622
13281,3845,15,02-06-2024,Pending,2432
13282,494,18,30-10-2024,Shipped,4710
13283,2823,2,13-02-2024,Shipped,3183
13284,1951,10,06-02-2024,Canceled,3244
13285,4992,14,20-07-2024,Shipped,1974
13286,3955,1,17-10-2024,Delivered,954
13287,3001,17,10-08-2024,Delivered,522
13288,3483,17,26-01-2024,Delivered,1528
13289,1436,5,07-08-2024,Canceled,3621
13290,1674,19,04-03-2024,Shipped,2075
13291,4906,2,04-08-2024,Shipped,3159
13292,1588,10,30-03-2024,Shipped,1039
13293,1820,11,23-09-2024,Delivered,2314
13294,2433,6,04-10-2024,Pending,318
13295,3099,4,18-04-2024,Pending,3640
13296,1069,3,27-10-2024,Shipped,4121
13297,3698,19,26-10-2024,Shipped,4888
13298,1617,3,03-10-2024,Delivered,2844
13299,80,11,22-09-2024,Pending,123
13300,3941,12,14-04-2024,Pending,3894
13301,4665,19,15-01-2024,Pending,2204
13302,22,17,20-02-2024,Pending,2004
13303,3057,5,17-06-2024,Shipped,1242
13304,2401,14,05-09-2024,Shipped,2558
13305,1368,14,04-10-2024,Shipped,3764
13306,297,10,18-01-2024,Canceled,3572
13307,1242,5,16-09-2024,Pending,2324
13308,1568,9,18-07-2024,Delivered,4949
13309,3988,11,28-03-2024,Pending,2308
13310,2229,2,09-05-2024,Delivered,2944
13311,1371,7,13-09-2024,Shipped,783
13312,1793,14,03-08-2024,Shipped,2028
13313,4364,13,11-10-2024,Pending,3178
13314,2075,5,29-07-2024,Shipped,2603
13315,468,17,16-10-2024,Shipped,4341
13316,3005,3,08-08-2024,Canceled,4554
13317,2016,13,29-06-2024,Pending,3279
13318,1485,9,19-04-2024,Pending,3988
13319,3251,13,03-09-2024,Delivered,1696
13320,1786,13,05-09-2024,Pending,1305
13321,1857,10,23-03-2024,Pending,319
13322,4186,9,25-05-2024,Shipped,1542
13323,3706,17,07-09-2024,Delivered,4886
13324,1879,5,28-04-2024,Canceled,4006
13325,4860,17,24-01-2024,Shipped,940
13326,1412,18,27-10-2024,Canceled,1261
13327,4014,3,16-07-2024,Pending,3208
13328,583,3,04-11-2024,Canceled,646
13329,1872,8,02-05-2024,Delivered,268
13330,3819,2,27-10-2024,Delivered,3247
13331,3994,14,01-08-2024,Delivered,244
13332,3301,12,22-04-2024,Shipped,614
13333,938,2,02-03-2024,Pending,4342
13334,4731,10,01-01-2024,Delivered,3069
13335,4568,8,26-04-2024,Canceled,24
13336,567,3,25-08-2024,Delivered,4616
13337,56,17,22-10-2024,Canceled,694
13338,2946,7,20-05-2024,Shipped,779
13339,1587,1,01-09-2024,Pending,4510
13340,4372,18,07-04-2024,Pending,637
13341,4946,10,27-08-2024,Canceled,1552
13342,2610,8,10-03-2024,Canceled,3104
13343,3010,20,14-07-2024,Canceled,26
13344,2648,5,11-07-2024,Shipped,4840
13345,1576,11,30-05-2024,Canceled,917
13346,1779,4,30-06-2024,Pending,887
13347,1398,16,17-09-2024,Shipped,1760
13348,545,18,11-05-2024,Pending,4263
13349,1870,11,17-06-2024,Delivered,4131
13350,3627,17,24-06-2024,Pending,21
13351,4037,17,02-05-2024,Canceled,3744
13352,2195,10,29-03-2024,Canceled,1169
13353,524,8,18-10-2024,Canceled,2061
13354,120,20,21-07-2024,Delivered,12
13355,3552,3,07-06-2024,Canceled,1648
13356,4961,18,07-06-2024,Delivered,554
13357,1025,11,05-08-2024,Canceled,987
13358,3521,8,19-07-2024,Delivered,4360
13359,2841,1,30-01-2024,Delivered,461
13360,1638,13,01-05-2024,Delivered,3970
13361,4992,1,13-05-2024,Shipped,3884
13362,4162,14,07-09-2024,Shipped,2355
13363,396,17,23-03-2024,Delivered,2084
13364,4536,11,20-10-2024,Canceled,3682
13365,4399,4,17-08-2024,Canceled,1226
13366,300,14,20-02-2024,Delivered,1094
13367,3255,11,18-09-2024,Shipped,3673
13368,1143,16,29-04-2024,Delivered,2581
13369,1517,7,03-02-2024,Delivered,1778
13370,971,3,05-11-2024,Pending,4067
13371,4874,2,18-03-2024,Pending,526
13372,3558,7,15-10-2024,Canceled,3802
13373,3328,13,19-03-2024,Shipped,4757
13374,4791,1,08-07-2024,Shipped,2252
13375,2561,3,20-03-2024,Shipped,4218
13376,3276,19,14-03-2024,Shipped,2697
13377,3517,19,07-11-2024,Canceled,4020
13378,4628,19,08-03-2024,Pending,3639
13379,2212,6,02-06-2024,Pending,1644
13380,4307,20,12-09-2024,Shipped,3489
13381,4637,12,27-04-2024,Shipped,3894
13382,3612,2,21-01-2024,Delivered,1718
13383,3927,17,21-07-2024,Canceled,1475
13384,4119,17,07-02-2024,Shipped,489
13385,1953,2,21-08-2024,Shipped,1383
13386,3710,4,03-09-2024,Canceled,2821
13387,2217,4,26-04-2024,Pending,3675
13388,2119,19,30-04-2024,Shipped,2805
13389,2571,14,21-04-2024,Pending,2138
13390,166,5,06-08-2024,Shipped,3931
13391,2725,11,09-08-2024,Canceled,2427
13392,3570,20,24-01-2024,Delivered,1485
13393,2660,2,25-10-2024,Delivered,312
13394,4463,3,26-02-2024,Shipped,3475
13395,598,14,10-01-2024,Pending,1586
13396,4463,6,21-07-2024,Shipped,1333
13397,2705,8,25-04-2024,Delivered,444
13398,2237,15,24-02-2024,Canceled,3766
13399,2258,20,05-11-2024,Pending,4992
13400,874,17,30-06-2024,Delivered,1759
13401,1494,16,31-03-2024,Pending,257
13402,1759,6,18-05-2024,Canceled,188
13403,4204,9,24-08-2024,Canceled,3419
13404,2151,10,13-08-2024,Pending,4741
13405,4488,19,12-02-2024,Shipped,3764
13406,1278,11,10-08-2024,Delivered,2276
13407,1117,1,19-02-2024,Canceled,2562
13408,1561,1,06-02-2024,Delivered,2983
13409,3467,12,02-05-2024,Delivered,2624
13410,1445,19,04-07-2024,Shipped,3753
13411,2750,10,16-09-2024,Pending,3390
13412,1025,6,15-07-2024,Shipped,4312
13413,2449,16,15-06-2024,Pending,2404
13414,2422,17,09-04-2024,Canceled,483
13415,564,13,30-09-2024,Shipped,437
13416,2554,10,17-04-2024,Shipped,2187
13417,1816,13,03-10-2024,Shipped,1547
13418,1324,15,25-07-2024,Delivered,3385
13419,658,19,18-10-2024,Delivered,2493
13420,475,9,04-03-2024,Canceled,3667
13421,2523,6,06-08-2024,Delivered,2785
13422,3569,14,17-06-2024,Pending,331
13423,2903,1,31-01-2024,Shipped,2439
13424,505,14,08-11-2024,Shipped,1878
13425,4621,13,06-03-2024,Canceled,869
13426,167,19,05-01-2024,Shipped,3526
13427,4890,2,02-11-2024,Pending,3071
13428,677,19,01-05-2024,Canceled,4409
13429,4953,8,27-02-2024,Canceled,4500
13430,825,9,19-09-2024,Shipped,1325
13431,233,18,17-07-2024,Shipped,433
13432,2749,4,22-06-2024,Shipped,3277
13433,1566,16,11-01-2024,Delivered,3326
13434,559,17,14-01-2024,Pending,2509
13435,498,4,16-02-2024,Delivered,3954
13436,2174,17,11-08-2024,Canceled,3014
13437,4582,12,19-01-2024,Delivered,697
13438,4596,20,26-05-2024,Delivered,1744
13439,536,17,02-03-2024,Pending,2840
13440,2488,19,21-04-2024,Delivered,2874
13441,4647,11,14-06-2024,Delivered,955
13442,2506,4,19-10-2024,Delivered,4398
13443,1675,6,24-05-2024,Delivered,1093
13444,1304,19,29-02-2024,Pending,3548
13445,351,16,26-01-2024,Shipped,1487
13446,4337,7,01-09-2024,Pending,4964
13447,506,19,14-09-2024,Delivered,2835
13448,389,14,01-11-2024,Pending,4936
13449,1273,18,18-02-2024,Canceled,1711
13450,960,13,28-02-2024,Delivered,697
13451,1694,4,16-05-2024,Canceled,1689
13452,1045,18,06-06-2024,Delivered,2370
13453,639,20,29-02-2024,Canceled,1819
13454,4194,3,08-04-2024,Delivered,4822
13455,3082,16,22-04-2024,Shipped,3142
13456,468,11,26-03-2024,Pending,117
13457,1678,7,28-06-2024,Canceled,707
13458,4068,2,10-06-2024,Pending,2463
13459,1824,3,06-11-2024,Pending,3046
13460,1871,16,29-02-2024,Pending,1338
13461,3082,1,24-08-2024,Shipped,363
13462,1321,16,01-03-2024,Pending,2553
13463,415,4,07-10-2024,Canceled,4652
13464,73,10,15-01-2024,Canceled,4623
13465,510,19,13-06-2024,Delivered,3275
13466,2893,1,11-06-2024,Shipped,2676
13467,2091,2,16-05-2024,Pending,4699
13468,1258,10,11-04-2024,Pending,1198
13469,2723,12,22-05-2024,Delivered,1838
13470,1136,18,09-06-2024,Shipped,4325
13471,4960,9,06-09-2024,Delivered,2291
13472,3653,1,04-09-2024,Canceled,3531
13473,2782,10,12-06-2024,Shipped,3467
13474,1042,20,30-10-2024,Canceled,1279
13475,4547,12,11-07-2024,Shipped,2285
13476,3121,10,21-01-2024,Pending,4803
13477,3391,2,14-03-2024,Shipped,3248
13478,3784,4,20-06-2024,Canceled,4397
13479,3261,15,19-01-2024,Pending,1524
13480,2197,1,19-06-2024,Shipped,1353
13481,3053,5,19-01-2024,Shipped,2098
13482,4745,7,27-01-2024,Canceled,821
13483,4566,5,20-01-2024,Delivered,3123
13484,4837,5,07-08-2024,Shipped,4471
13485,2510,16,25-05-2024,Shipped,2475
13486,1142,7,05-10-2024,Canceled,4153
13487,1310,5,21-05-2024,Delivered,3758
13488,3316,1,06-07-2024,Canceled,4655
13489,47,10,28-10-2024,Shipped,4565
13490,1292,15,17-05-2024,Shipped,3188
13491,1160,7,31-03-2024,Pending,166
13492,1617,1,16-07-2024,Pending,2768
13493,2970,5,24-07-2024,Delivered,1544
13494,1886,7,09-10-2024,Pending,3815
13495,4805,8,20-02-2024,Canceled,3419
13496,4810,7,13-05-2024,Shipped,3181
13497,4242,1,28-10-2024,Shipped,2483
13498,3040,16,29-09-2024,Pending,1570
13499,2127,17,24-06-2024,Canceled,812
13500,2314,4,03-08-2024,Delivered,966
13501,129,5,08-04-2024,Delivered,1080
13502,2974,8,24-09-2024,Delivered,938
13503,1022,7,20-03-2024,Pending,4972
13504,1990,6,27-06-2024,Canceled,4944
13505,194,4,06-02-2024,Delivered,1397
13506,1473,6,09-02-2024,Shipped,4905
13507,62,1,03-07-2024,Shipped,1350
13508,2609,7,08-09-2024,Delivered,2427
13509,949,16,26-10-2024,Delivered,62
13510,384,5,28-01-2024,Shipped,3460
13511,2193,9,19-09-2024,Pending,2887
13512,1237,4,24-09-2024,Shipped,1082
13513,983,2,04-08-2024,Shipped,105
13514,1682,12,16-05-2024,Shipped,2727
13515,4138,2,27-09-2024,Pending,4170
13516,2600,6,06-09-2024,Canceled,4478
13517,594,9,05-06-2024,Canceled,4702
13518,260,19,27-08-2024,Canceled,210
13519,3517,15,11-02-2024,Canceled,194
13520,346,5,24-09-2024,Shipped,503
13521,1186,12,25-01-2024,Pending,1258
13522,2348,7,05-10-2024,Canceled,1127
13523,284,19,06-10-2024,Pending,3720
13524,2648,9,02-07-2024,Canceled,181
13525,4613,1,31-07-2024,Canceled,3436
13526,2817,7,01-02-2024,Canceled,1700
13527,1128,11,13-07-2024,Canceled,4351
13528,1373,6,05-08-2024,Pending,905
13529,2426,18,08-07-2024,Shipped,2736
13530,1701,16,07-11-2024,Pending,4130
13531,1980,6,07-05-2024,Shipped,2865
13532,2718,17,05-11-2024,Shipped,2277
13533,2286,7,15-07-2024,Canceled,4288
13534,3053,2,22-10-2024,Shipped,3110
13535,2993,7,04-02-2024,Pending,2717
13536,2064,19,19-05-2024,Pending,4471
13537,390,7,01-08-2024,Shipped,1346
13538,3724,18,16-08-2024,Canceled,3533
13539,7,13,02-11-2024,Pending,986
13540,3190,20,16-02-2024,Shipped,65
13541,973,15,24-07-2024,Shipped,2624
13542,165,8,01-09-2024,Shipped,1773
13543,624,2,15-06-2024,Shipped,4878
13544,2836,11,23-02-2024,Canceled,700
13545,3640,9,01-04-2024,Shipped,1119
13546,3695,5,21-08-2024,Canceled,3138
13547,1166,1,20-03-2024,Canceled,1966
13548,4014,10,30-06-2024,Delivered,2191
13549,3436,10,20-07-2024,Shipped,3988
13550,2579,13,13-04-2024,Canceled,3698
13551,4882,17,23-01-2024,Canceled,4167
13552,4540,11,14-07-2024,Pending,816
13553,3455,6,08-09-2024,Canceled,4633
13554,3172,3,28-06-2024,Delivered,1225
13555,1331,7,27-01-2024,Delivered,3893
13556,1511,9,11-08-2024,Canceled,1781
13557,550,10,21-05-2024,Shipped,2232
13558,1734,14,04-07-2024,Canceled,4647
13559,4961,11,31-01-2024,Pending,718
13560,2458,12,13-05-2024,Delivered,4691
13561,2032,11,05-06-2024,Pending,162
13562,3607,15,09-03-2024,Pending,3644
13563,4916,12,22-10-2024,Pending,3150
13564,2832,14,11-02-2024,Canceled,2856
13565,3653,3,04-01-2024,Pending,4600
13566,3247,7,19-01-2024,Delivered,1844
13567,404,7,08-01-2024,Canceled,2211
13568,4335,19,10-04-2024,Pending,2962
13569,4748,16,08-07-2024,Canceled,3107
13570,3236,11,01-10-2024,Canceled,3022
13571,2357,4,31-10-2024,Pending,2176
13572,747,20,28-01-2024,Shipped,2373
13573,2261,6,02-11-2024,Pending,4945
13574,3798,18,09-08-2024,Delivered,4758
13575,3438,1,20-10-2024,Canceled,3044
13576,4883,17,23-04-2024,Pending,2066
13577,4350,14,18-01-2024,Shipped,1161
13578,2167,3,17-06-2024,Shipped,4709
13579,581,20,11-09-2024,Delivered,793
13580,443,7,07-05-2024,Shipped,2055
13581,4124,14,17-06-2024,Shipped,1713
13582,2098,17,19-07-2024,Shipped,2800
13583,2119,7,11-05-2024,Delivered,762
13584,592,17,08-11-2024,Delivered,4793
13585,2637,11,17-08-2024,Pending,3239
13586,879,1,15-01-2024,Pending,4036
13587,4638,5,22-01-2024,Delivered,2730
13588,3611,6,16-03-2024,Delivered,4401
13589,1698,15,21-06-2024,Shipped,3467
13590,2695,4,02-01-2024,Delivered,1992
13591,2831,1,29-07-2024,Shipped,3811
13592,522,17,10-06-2024,Pending,3157
13593,3532,6,25-01-2024,Delivered,4617
13594,3188,14,27-04-2024,Delivered,2057
13595,2699,7,13-06-2024,Shipped,2190
13596,3674,1,20-03-2024,Canceled,1211
13597,1277,14,16-08-2024,Canceled,1675
13598,1335,7,01-02-2024,Delivered,287
13599,3938,7,22-01-2024,Delivered,1152
13600,471,15,25-02-2024,Delivered,1808
13601,790,7,02-11-2024,Canceled,4105
13602,4433,17,27-06-2024,Canceled,4319
13603,1565,12,02-09-2024,Shipped,2259
13604,95,11,23-04-2024,Shipped,3895
13605,302,2,08-03-2024,Delivered,4955
13606,3383,4,25-03-2024,Pending,4989
13607,556,12,01-07-2024,Delivered,1034
13608,252,1,05-11-2024,Shipped,979
13609,481,20,15-07-2024,Canceled,1684
13610,595,1,16-03-2024,Pending,3000
13611,4190,10,22-06-2024,Delivered,58
13612,4094,20,08-09-2024,Pending,1144
13613,2212,15,13-06-2024,Delivered,4721
13614,3987,14,23-02-2024,Delivered,63
13615,3726,8,02-04-2024,Canceled,2032
13616,1622,9,12-02-2024,Shipped,3636
13617,1874,15,08-10-2024,Shipped,1803
13618,4703,14,16-04-2024,Shipped,3167
13619,2550,8,02-07-2024,Pending,4361
13620,4637,2,02-01-2024,Delivered,1777
13621,3557,12,06-02-2024,Pending,3106
13622,276,13,26-02-2024,Delivered,1427
13623,4267,8,01-06-2024,Canceled,2718
13624,976,18,23-09-2024,Canceled,1839
13625,2619,2,07-01-2024,Shipped,4118
13626,3908,6,17-10-2024,Delivered,2033
13627,789,17,23-05-2024,Pending,1027
13628,3033,3,07-06-2024,Delivered,1271
13629,789,11,30-09-2024,Canceled,3020
13630,1979,18,29-09-2024,Delivered,4910
13631,2952,11,01-03-2024,Pending,1584
13632,3042,2,30-08-2024,Canceled,536
13633,4175,13,20-02-2024,Canceled,245
13634,2928,19,05-06-2024,Pending,3267
13635,4521,6,30-05-2024,Shipped,4726
13636,409,9,16-08-2024,Pending,1088
13637,4485,1,04-03-2024,Shipped,885
13638,4671,6,31-03-2024,Shipped,942
13639,3621,15,30-05-2024,Canceled,3260
13640,1733,11,22-02-2024,Delivered,3380
13641,1401,13,21-01-2024,Canceled,4527
13642,1765,5,06-02-2024,Pending,4017
13643,2787,16,31-03-2024,Delivered,2783
13644,1937,13,22-04-2024,Pending,4448
13645,3571,18,24-02-2024,Shipped,3375
13646,2903,4,09-02-2024,Canceled,2096
13647,1944,2,07-04-2024,Shipped,85
13648,924,17,04-10-2024,Canceled,2804
13649,3493,14,16-07-2024,Canceled,4106
13650,4643,19,12-07-2024,Delivered,1219
13651,2949,3,18-06-2024,Shipped,2799
13652,3879,17,30-03-2024,Pending,4140
13653,2150,3,13-01-2024,Delivered,3534
13654,1944,12,27-02-2024,Pending,4947
13655,1054,8,30-09-2024,Delivered,4584
13656,3290,7,17-08-2024,Delivered,142
13657,3178,19,13-07-2024,Delivered,2406
13658,1841,17,02-06-2024,Pending,4737
13659,3394,4,20-02-2024,Delivered,1149
13660,3006,4,14-07-2024,Shipped,2171
13661,4052,12,12-02-2024,Delivered,3310
13662,3612,13,01-02-2024,Canceled,1202
13663,2927,2,01-08-2024,Canceled,4759
13664,4550,16,07-01-2024,Canceled,4625
13665,3601,8,19-03-2024,Shipped,2084
13666,2538,5,16-02-2024,Shipped,186
13667,76,14,16-08-2024,Shipped,1738
13668,804,13,31-05-2024,Delivered,3420
13669,2653,16,24-09-2024,Shipped,16
13670,4447,7,21-07-2024,Canceled,2315
13671,3766,10,29-07-2024,Delivered,886
13672,4713,18,08-05-2024,Canceled,2555
13673,4043,19,15-03-2024,Canceled,465
13674,4609,8,21-05-2024,Delivered,4298
13675,2729,13,17-08-2024,Pending,916
13676,925,9,27-01-2024,Canceled,2644
13677,702,1,15-03-2024,Canceled,1355
13678,4932,5,14-10-2024,Pending,1470
13679,709,20,15-05-2024,Canceled,4399
13680,2024,2,14-07-2024,Pending,4462
13681,1645,18,13-03-2024,Delivered,2650
13682,4711,18,18-09-2024,Delivered,4942
13683,1975,2,15-06-2024,Pending,1778
13684,2789,16,06-04-2024,Canceled,2382
13685,4518,15,12-07-2024,Pending,4348
13686,4497,14,11-10-2024,Pending,2155
13687,765,13,19-04-2024,Pending,1947
13688,2582,8,22-06-2024,Canceled,1528
13689,1639,7,22-07-2024,Shipped,3703
13690,3580,5,22-07-2024,Delivered,1881
13691,858,4,28-09-2024,Shipped,929
13692,1148,8,24-07-2024,Canceled,3528
13693,3472,4,24-02-2024,Shipped,1007
13694,3829,1,25-04-2024,Pending,2446
13695,2230,5,08-05-2024,Canceled,3777
13696,788,3,23-09-2024,Delivered,1784
13697,2701,9,28-08-2024,Canceled,1904
13698,1148,14,18-02-2024,Delivered,1619
13699,4159,18,24-08-2024,Delivered,286
13700,1358,5,21-07-2024,Delivered,4056
13701,1254,15,12-07-2024,Shipped,3574
13702,1603,14,26-07-2024,Delivered,665
13703,159,15,13-02-2024,Pending,4461
13704,4064,7,08-10-2024,Shipped,4629
13705,3324,14,25-03-2024,Canceled,3544
13706,4270,6,23-03-2024,Canceled,3382
13707,4345,20,08-08-2024,Delivered,89
13708,2694,6,16-02-2024,Delivered,1150
13709,1243,15,02-11-2024,Delivered,2870
13710,3568,3,09-07-2024,Pending,1287
13711,4508,10,27-02-2024,Pending,3681
13712,4770,6,17-03-2024,Shipped,3160
13713,4059,18,22-10-2024,Shipped,733
13714,820,18,20-02-2024,Canceled,2969
13715,82,8,03-08-2024,Shipped,4569
13716,256,8,20-07-2024,Delivered,736
13717,2755,16,02-03-2024,Delivered,2652
13718,3494,1,06-09-2024,Delivered,1145
13719,3995,2,23-10-2024,Pending,3892
13720,957,3,28-03-2024,Shipped,495
13721,4478,17,28-08-2024,Pending,3042
13722,1887,3,12-03-2024,Pending,1582
13723,1768,8,30-09-2024,Canceled,3356
13724,4,1,28-09-2024,Pending,628
13725,1505,2,26-06-2024,Pending,3770
13726,229,20,04-05-2024,Pending,4585
13727,3287,5,28-04-2024,Shipped,2180
13728,4211,2,05-02-2024,Canceled,887
13729,1856,8,28-10-2024,Canceled,3080
13730,77,16,20-03-2024,Pending,4391
13731,207,15,24-07-2024,Canceled,483
13732,4700,6,02-07-2024,Pending,1263
13733,1227,1,20-01-2024,Pending,3661
13734,2039,10,24-05-2024,Canceled,769
13735,3230,8,03-05-2024,Shipped,3973
13736,728,19,20-04-2024,Shipped,1847
13737,3105,20,08-11-2024,Shipped,4218
13738,3917,10,19-04-2024,Pending,899
13739,2705,4,11-01-2024,Pending,4821
13740,2238,15,05-11-2024,Delivered,3631
13741,1900,4,10-05-2024,Shipped,937
13742,3528,7,24-09-2024,Pending,2347
13743,3673,12,25-04-2024,Delivered,1778
13744,4791,7,07-07-2024,Pending,2409
13745,2244,11,05-05-2024,Shipped,4838
13746,661,5,16-05-2024,Canceled,4813
13747,1828,10,15-03-2024,Pending,2813
13748,4976,15,12-03-2024,Delivered,2355
13749,2394,16,24-04-2024,Pending,140
13750,4845,16,13-02-2024,Shipped,4602
13751,3283,9,19-03-2024,Pending,3174
13752,382,11,12-06-2024,Shipped,1510
13753,4739,11,28-08-2024,Shipped,1884
13754,1280,3,16-01-2024,Pending,991
13755,4566,13,04-07-2024,Shipped,1044
13756,4212,17,14-01-2024,Canceled,262
13757,902,5,05-11-2024,Canceled,4513
13758,2001,13,02-03-2024,Canceled,4245
13759,4200,9,08-10-2024,Canceled,3411
13760,4836,15,05-09-2024,Pending,3692
13761,2547,6,26-04-2024,Pending,1099
13762,3011,13,14-08-2024,Delivered,4921
13763,4008,19,26-08-2024,Pending,4007
13764,3937,8,15-02-2024,Delivered,2889
13765,789,14,17-04-2024,Pending,908
13766,3439,15,18-09-2024,Canceled,1680
13767,4850,13,10-02-2024,Canceled,3474
13768,1289,8,05-01-2024,Canceled,3173
13769,2617,12,24-09-2024,Delivered,2208
13770,3396,3,01-07-2024,Pending,824
13771,2442,20,08-02-2024,Shipped,134
13772,4250,16,02-07-2024,Canceled,4282
13773,1925,16,01-08-2024,Delivered,2440
13774,819,9,27-06-2024,Shipped,2992
13775,3721,4,18-07-2024,Shipped,1842
13776,208,7,07-08-2024,Delivered,2531
13777,3201,2,12-06-2024,Pending,1241
13778,4076,15,11-07-2024,Canceled,2515
13779,3340,8,18-10-2024,Shipped,4712
13780,1401,12,18-05-2024,Shipped,3166
13781,156,13,14-10-2024,Delivered,1726
13782,4554,1,20-03-2024,Shipped,1055
13783,2503,5,24-09-2024,Canceled,172
13784,3067,11,28-05-2024,Pending,1319
13785,1086,18,05-01-2024,Delivered,545
13786,3569,20,01-01-2024,Delivered,590
13787,3916,18,17-04-2024,Delivered,4307
13788,4176,1,28-10-2024,Delivered,4972
13789,2234,18,01-05-2024,Pending,4274
13790,4280,1,18-10-2024,Pending,4905
13791,4948,11,27-04-2024,Delivered,4223
13792,4086,3,12-05-2024,Delivered,4974
13793,1237,20,12-07-2024,Shipped,2421
13794,2932,13,23-08-2024,Pending,2737
13795,744,15,19-04-2024,Canceled,692
13796,102,10,24-02-2024,Canceled,2502
13797,127,8,11-07-2024,Delivered,2938
13798,586,19,23-05-2024,Delivered,4324
13799,3149,4,30-03-2024,Shipped,3893
13800,4059,17,29-06-2024,Pending,3942
13801,133,8,24-03-2024,Shipped,4462
13802,2112,8,25-06-2024,Canceled,4683
13803,1151,12,21-03-2024,Pending,4749
13804,3804,2,05-03-2024,Delivered,3914
13805,4929,7,02-06-2024,Canceled,3031
13806,4149,11,24-09-2024,Delivered,4624
13807,1485,4,11-08-2024,Delivered,402
13808,1989,11,14-05-2024,Canceled,4808
13809,2712,1,19-03-2024,Shipped,131
13810,4850,20,24-06-2024,Shipped,4201
13811,4923,17,27-02-2024,Canceled,1679
13812,1720,11,09-04-2024,Shipped,1177
13813,4426,6,01-05-2024,Delivered,2706
13814,443,7,16-04-2024,Shipped,4293
13815,1807,5,09-08-2024,Canceled,3280
13816,1984,2,03-07-2024,Canceled,1792
13817,4625,18,08-10-2024,Shipped,3530
13818,1947,16,16-02-2024,Shipped,1520
13819,4164,8,04-03-2024,Shipped,4597
13820,3377,9,02-03-2024,Canceled,2849
13821,3181,14,26-05-2024,Canceled,3577
13822,755,16,17-08-2024,Shipped,3404
13823,127,15,02-05-2024,Pending,488
13824,1923,4,29-01-2024,Shipped,3220
13825,3221,8,22-04-2024,Shipped,2650
13826,4706,19,09-09-2024,Canceled,3086
13827,2767,18,04-09-2024,Canceled,4660
13828,4951,17,04-04-2024,Pending,700
13829,3721,1,10-06-2024,Canceled,4667
13830,398,18,20-08-2024,Delivered,2552
13831,4528,7,03-03-2024,Shipped,4696
13832,1744,1,19-01-2024,Canceled,667
13833,3607,1,24-01-2024,Canceled,3633
13834,3488,6,13-08-2024,Canceled,1823
13835,2255,11,07-02-2024,Delivered,1746
13836,4867,7,28-10-2024,Delivered,2368
13837,1820,18,25-02-2024,Shipped,3401
13838,3261,17,14-05-2024,Delivered,4373
13839,1437,11,06-10-2024,Shipped,820
13840,3640,1,17-07-2024,Canceled,3795
13841,51,9,25-05-2024,Delivered,638
13842,4966,2,01-04-2024,Canceled,2572
13843,2650,10,01-05-2024,Shipped,4535
13844,102,12,16-10-2024,Delivered,4727
13845,30,10,20-01-2024,Shipped,2312
13846,3003,20,22-02-2024,Shipped,3827
13847,2104,17,21-08-2024,Pending,3389
13848,2022,2,07-07-2024,Pending,3682
13849,4075,15,07-01-2024,Pending,256
13850,1666,13,16-07-2024,Delivered,618
13851,4079,16,11-08-2024,Pending,494
13852,3538,4,17-05-2024,Shipped,3527
13853,2511,2,01-04-2024,Canceled,4057
13854,3375,18,16-07-2024,Shipped,2455
13855,2260,19,31-10-2024,Pending,3156
13856,2307,4,01-10-2024,Pending,615
13857,1546,18,24-08-2024,Shipped,2195
13858,2543,3,02-07-2024,Shipped,3160
13859,3302,4,09-01-2024,Shipped,4620
13860,676,15,18-06-2024,Canceled,2752
13861,972,15,14-09-2024,Delivered,128
13862,3725,14,10-04-2024,Pending,1749
13863,2707,16,14-01-2024,Canceled,2874
13864,1922,19,30-01-2024,Shipped,3902
13865,986,8,20-03-2024,Delivered,1774
13866,2728,16,10-07-2024,Pending,410
13867,2284,13,14-04-2024,Pending,4084
13868,3456,14,03-08-2024,Canceled,1290
13869,4185,2,11-08-2024,Pending,4314
13870,4646,10,01-06-2024,Shipped,677
13871,2682,1,13-07-2024,Pending,1150
13872,4580,11,04-08-2024,Shipped,1126
13873,2791,6,20-02-2024,Shipped,4085
13874,4488,7,15-06-2024,Delivered,3210
13875,2247,4,27-03-2024,Canceled,497
13876,3376,16,09-07-2024,Pending,4469
13877,3532,1,27-05-2024,Delivered,3160
13878,867,3,24-08-2024,Pending,1451
13879,2789,6,19-02-2024,Delivered,3154
13880,2865,11,12-04-2024,Canceled,3736
13881,4830,2,03-06-2024,Delivered,670
13882,3800,8,27-01-2024,Pending,1285
13883,3115,8,03-01-2024,Pending,1131
13884,1451,8,08-05-2024,Delivered,912
13885,2587,6,06-10-2024,Shipped,829
13886,4058,5,09-08-2024,Pending,2182
13887,3057,14,01-09-2024,Delivered,67
13888,4566,1,20-08-2024,Shipped,3506
13889,3783,8,08-09-2024,Delivered,963
13890,4602,17,04-04-2024,Pending,2784
13891,298,10,13-02-2024,Delivered,1206
13892,867,14,30-07-2024,Delivered,4615
13893,2619,2,09-01-2024,Shipped,4048
13894,1382,9,24-04-2024,Pending,4630
13895,3774,9,16-09-2024,Pending,1362
13896,2752,17,26-04-2024,Canceled,1956
13897,3619,16,28-10-2024,Canceled,2019
13898,3665,6,07-07-2024,Delivered,3307
13899,3845,18,24-08-2024,Delivered,878
13900,673,17,20-04-2024,Canceled,1977
13901,4594,5,10-01-2024,Pending,2267
13902,4269,2,07-05-2024,Canceled,4880
13903,4999,2,15-01-2024,Pending,811
13904,942,12,05-11-2024,Delivered,425
13905,2996,14,14-10-2024,Canceled,131
13906,3456,20,24-09-2024,Shipped,1194
13907,4389,8,07-05-2024,Pending,2046
13908,289,16,31-10-2024,Delivered,554
13909,4731,9,10-02-2024,Shipped,3486
13910,300,1,09-05-2024,Delivered,3459
13911,3603,13,15-08-2024,Canceled,3707
13912,4563,11,16-04-2024,Pending,2747
13913,4793,20,22-08-2024,Pending,701
13914,4363,16,05-01-2024,Shipped,4054
13915,2679,19,07-06-2024,Shipped,1904
13916,4938,1,22-10-2024,Delivered,2878
13917,2562,9,24-01-2024,Shipped,4119
13918,4812,8,04-04-2024,Delivered,1874
13919,1875,4,08-05-2024,Shipped,1841
13920,2532,11,12-06-2024,Pending,1937
13921,3190,8,03-09-2024,Pending,2621
13922,4268,15,31-10-2024,Delivered,633
13923,3982,1,03-03-2024,Shipped,2982
13924,2554,12,28-06-2024,Canceled,2422
13925,1265,17,05-01-2024,Delivered,238
13926,584,5,29-05-2024,Canceled,619
13927,1247,8,30-01-2024,Shipped,3427
13928,4013,16,07-01-2024,Shipped,4228
13929,486,14,12-09-2024,Delivered,3182
13930,2153,19,20-05-2024,Shipped,1764
13931,276,3,16-01-2024,Pending,1681
13932,26,1,23-01-2024,Delivered,3078
13933,726,4,26-10-2024,Shipped,1477
13934,1537,19,20-08-2024,Delivered,3187
13935,107,4,08-02-2024,Shipped,1271
13936,1591,17,07-07-2024,Canceled,2971
13937,2097,7,10-02-2024,Delivered,541
13938,1329,16,28-08-2024,Delivered,2574
13939,573,19,01-09-2024,Delivered,1528
13940,4930,6,21-05-2024,Shipped,4165
13941,431,6,05-04-2024,Delivered,2322
13942,3618,13,20-06-2024,Delivered,416
13943,2185,14,27-02-2024,Shipped,2441
13944,4763,14,03-08-2024,Shipped,1484
13945,3022,16,07-02-2024,Pending,3181
13946,1149,8,28-06-2024,Pending,3667
13947,4914,13,06-07-2024,Canceled,918
13948,759,17,16-10-2024,Shipped,2390
13949,4194,12,11-04-2024,Canceled,986
13950,725,7,03-01-2024,Canceled,2771
13951,1725,6,04-08-2024,Shipped,283
13952,2861,12,26-08-2024,Pending,2503
13953,4017,3,04-08-2024,Delivered,310
13954,2480,16,22-07-2024,Canceled,1421
13955,3067,11,30-04-2024,Delivered,2912
13956,4239,14,02-07-2024,Canceled,1280
13957,3844,3,12-08-2024,Canceled,2174
13958,2019,2,20-06-2024,Shipped,3208
13959,3748,15,21-05-2024,Delivered,527
13960,383,11,12-09-2024,Pending,3595
13961,4850,4,23-03-2024,Pending,3177
13962,2536,13,30-01-2024,Delivered,4066
13963,1744,6,31-10-2024,Canceled,194
13964,4802,9,21-09-2024,Pending,1103
13965,3910,2,06-10-2024,Delivered,2905
13966,2292,2,15-02-2024,Shipped,1026
13967,3218,4,20-05-2024,Shipped,451
13968,651,1,13-10-2024,Delivered,4929
13969,1747,5,22-04-2024,Canceled,1764
13970,850,13,05-05-2024,Delivered,4463
13971,686,17,17-10-2024,Pending,2352
13972,4458,9,25-01-2024,Delivered,650
13973,3503,1,12-06-2024,Canceled,4229
13974,3668,11,26-04-2024,Delivered,1301
13975,3692,19,24-03-2024,Pending,3329
13976,557,7,16-10-2024,Pending,139
13977,4335,18,04-04-2024,Shipped,3605
13978,4884,6,24-09-2024,Delivered,3293
13979,4113,9,05-09-2024,Pending,4663
13980,271,13,16-08-2024,Pending,1187
13981,795,17,24-07-2024,Canceled,4746
13982,4911,19,20-02-2024,Delivered,1646
13983,3967,15,20-07-2024,Pending,3085
13984,4324,14,26-07-2024,Shipped,1074
13985,3340,20,01-04-2024,Shipped,2392
13986,3837,12,29-05-2024,Shipped,3001
13987,481,3,02-11-2024,Delivered,909
13988,4422,7,28-06-2024,Pending,4484
13989,3659,8,01-01-2024,Delivered,3153
13990,1425,1,16-01-2024,Canceled,3701
13991,655,2,18-08-2024,Canceled,4992
13992,4640,8,25-06-2024,Canceled,2283
13993,136,18,07-04-2024,Delivered,1676
13994,4705,13,10-02-2024,Canceled,1551
13995,4108,2,02-08-2024,Delivered,2013
13996,811,9,31-07-2024,Delivered,4680
13997,1333,14,10-06-2024,Shipped,4093
13998,3865,19,02-08-2024,Shipped,4821
13999,2009,3,31-10-2024,Delivered,112
14000,2020,19,23-02-2024,Canceled,1059
14001,3660,11,25-10-2024,Pending,1250
14002,2373,20,02-08-2024,Canceled,3518
14003,426,9,23-09-2024,Canceled,443
14004,1972,2,02-10-2024,Pending,1585
14005,4317,17,09-07-2024,Pending,2113
14006,1077,9,10-10-2024,Delivered,2981
14007,4347,10,16-05-2024,Canceled,1944
14008,252,2,09-07-2024,Canceled,408
14009,4069,15,07-02-2024,Shipped,4032
14010,2961,7,16-08-2024,Delivered,2494
14011,2989,16,18-09-2024,Pending,3714
14012,2514,3,29-07-2024,Pending,193
14013,2016,8,31-07-2024,Delivered,4812
14014,1695,3,27-06-2024,Canceled,1351
14015,4586,13,13-03-2024,Canceled,4514
14016,1276,20,03-09-2024,Shipped,2323
14017,3589,20,27-10-2024,Delivered,3493
14018,2264,14,23-09-2024,Delivered,3466
14019,2342,8,16-03-2024,Shipped,3738
14020,3433,7,21-01-2024,Delivered,3316
14021,3968,9,23-09-2024,Delivered,3581
14022,1845,9,19-06-2024,Pending,4212
14023,1147,3,12-05-2024,Pending,1409
14024,795,4,26-09-2024,Canceled,3268
14025,2606,14,14-05-2024,Delivered,2184
14026,4580,18,02-07-2024,Pending,1522
14027,3596,10,01-08-2024,Canceled,4149
14028,4153,20,07-06-2024,Shipped,1711
14029,985,20,09-09-2024,Canceled,3004
14030,1885,9,06-02-2024,Pending,3740
14031,417,17,27-05-2024,Shipped,20
14032,906,17,02-05-2024,Canceled,4331
14033,3224,11,03-08-2024,Delivered,3302
14034,1525,13,07-04-2024,Shipped,428
14035,3111,14,08-02-2024,Shipped,1711
14036,3852,11,15-10-2024,Pending,978
14037,1982,3,06-11-2024,Canceled,4100
14038,520,6,17-03-2024,Delivered,3388
14039,1135,16,03-01-2024,Delivered,3845
14040,4838,1,15-01-2024,Shipped,3621
14041,672,17,11-10-2024,Delivered,1520
14042,1453,9,28-08-2024,Shipped,1093
14043,4662,4,20-03-2024,Canceled,4380
14044,663,3,03-03-2024,Pending,4906
14045,1724,9,04-03-2024,Delivered,2934
14046,3985,1,09-01-2024,Shipped,697
14047,1842,17,07-06-2024,Shipped,1308
14048,3270,10,23-04-2024,Canceled,1248
14049,4122,12,05-06-2024,Canceled,2884
14050,4328,5,10-03-2024,Delivered,2581
14051,4539,8,09-01-2024,Pending,1935
14052,4224,19,12-06-2024,Canceled,4401
14053,3577,7,09-09-2024,Shipped,4325
14054,3937,18,15-06-2024,Delivered,3406
14055,4865,12,08-07-2024,Pending,4397
14056,619,19,07-03-2024,Canceled,1168
14057,1529,19,27-08-2024,Canceled,2910
14058,273,7,13-07-2024,Delivered,4024
14059,525,4,03-04-2024,Canceled,480
14060,609,11,10-06-2024,Shipped,2921
14061,475,1,30-10-2024,Pending,2045
14062,614,11,02-02-2024,Shipped,3051
14063,3067,14,17-08-2024,Delivered,2251
14064,1387,2,31-08-2024,Canceled,1245
14065,1324,16,28-04-2024,Canceled,3102
14066,3760,8,04-10-2024,Pending,4667
14067,4116,1,01-02-2024,Delivered,498
14068,4546,5,08-10-2024,Pending,4737
14069,4849,18,12-01-2024,Pending,466
14070,1742,11,11-03-2024,Canceled,1079
14071,1902,12,14-07-2024,Shipped,3326
14072,1318,5,29-09-2024,Pending,1792
14073,1846,20,16-09-2024,Canceled,604
14074,1388,13,28-09-2024,Canceled,2586
14075,1218,17,09-03-2024,Canceled,1551
14076,393,2,19-08-2024,Shipped,2899
14077,4730,6,05-06-2024,Pending,796
14078,2193,4,19-03-2024,Canceled,2366
14079,1147,3,07-10-2024,Shipped,2699
14080,932,5,18-10-2024,Delivered,1947
14081,4481,14,17-07-2024,Delivered,1000
14082,4136,18,23-09-2024,Canceled,514
14083,437,10,02-01-2024,Shipped,602
14084,4200,20,09-03-2024,Canceled,1178
14085,1742,19,18-06-2024,Delivered,1574
14086,3573,8,01-05-2024,Pending,4927
14087,1618,8,21-10-2024,Pending,3864
14088,569,12,19-08-2024,Pending,1235
14089,2352,8,11-09-2024,Pending,4317
14090,4723,7,13-10-2024,Canceled,2064
14091,3603,13,29-02-2024,Canceled,3941
14092,4403,5,24-10-2024,Delivered,4151
14093,1998,6,05-08-2024,Delivered,2471
14094,1121,17,22-01-2024,Delivered,893
14095,3101,7,30-03-2024,Pending,2691
14096,4185,10,29-01-2024,Delivered,1132
14097,1027,17,14-05-2024,Delivered,4253
14098,833,14,11-02-2024,Delivered,2798
14099,3349,8,31-08-2024,Canceled,3564
14100,3541,14,03-03-2024,Canceled,1966
14101,2400,6,06-03-2024,Canceled,1101
14102,1151,10,15-10-2024,Shipped,2037
14103,3168,6,16-06-2024,Pending,4884
14104,932,15,02-05-2024,Canceled,2173
14105,509,11,06-09-2024,Delivered,4807
14106,4800,12,31-10-2024,Shipped,2686
14107,4806,20,23-07-2024,Delivered,3390
14108,2237,2,03-02-2024,Canceled,2498
14109,1464,20,28-09-2024,Pending,2564
14110,2998,5,31-10-2024,Canceled,2997
14111,3270,3,20-06-2024,Shipped,1327
14112,3904,3,28-06-2024,Canceled,1224
14113,4415,3,08-03-2024,Canceled,4238
14114,2934,20,13-08-2024,Canceled,1397
14115,4773,16,07-09-2024,Delivered,4193
14116,2255,11,07-09-2024,Delivered,1103
14117,497,4,12-03-2024,Delivered,1225
14118,2858,2,13-05-2024,Pending,4748
14119,1282,15,30-06-2024,Canceled,1049
14120,3951,11,25-07-2024,Delivered,317
14121,3825,1,17-03-2024,Canceled,4625
14122,3208,14,13-06-2024,Canceled,1599
14123,1689,12,31-03-2024,Pending,3291
14124,3887,16,10-06-2024,Canceled,4961
14125,2164,13,25-07-2024,Canceled,122
14126,926,14,11-02-2024,Shipped,2624
14127,1674,20,19-02-2024,Shipped,3184
14128,4605,14,27-03-2024,Shipped,3861
14129,2370,8,07-01-2024,Pending,1758
14130,2507,4,06-05-2024,Canceled,1517
14131,1251,15,25-09-2024,Pending,3118
14132,4597,7,26-03-2024,Pending,2588
14133,731,18,27-02-2024,Pending,1262
14134,241,1,07-05-2024,Delivered,899
14135,201,3,23-02-2024,Canceled,3990
14136,1814,8,14-06-2024,Delivered,3950
14137,2798,9,19-01-2024,Pending,3504
14138,553,19,16-01-2024,Shipped,2807
14139,2847,8,27-01-2024,Canceled,1562
14140,3015,5,03-09-2024,Pending,1632
14141,4303,10,04-02-2024,Canceled,1390
14142,4992,5,28-07-2024,Canceled,3132
14143,1048,20,05-09-2024,Shipped,2090
14144,1749,6,11-02-2024,Delivered,3322
14145,2414,9,12-03-2024,Pending,2419
14146,4849,3,04-04-2024,Canceled,3348
14147,2388,1,07-01-2024,Canceled,4188
14148,488,7,05-07-2024,Pending,3348
14149,1192,19,23-03-2024,Canceled,3968
14150,2835,10,22-07-2024,Shipped,3354
14151,3250,11,23-07-2024,Shipped,3180
14152,4882,13,06-08-2024,Delivered,3651
14153,3047,1,12-09-2024,Canceled,4436
14154,2744,8,24-01-2024,Canceled,2834
14155,2894,16,30-01-2024,Pending,1268
14156,518,9,01-09-2024,Delivered,1508
14157,4723,1,25-02-2024,Canceled,1358
14158,113,15,05-03-2024,Canceled,484
14159,83,11,03-02-2024,Delivered,3695
14160,559,10,22-02-2024,Canceled,3661
14161,1703,17,12-04-2024,Canceled,3958
14162,3724,16,30-08-2024,Canceled,412
14163,3318,2,18-03-2024,Shipped,1190
14164,3455,20,16-10-2024,Shipped,1090
14165,4497,5,27-10-2024,Pending,4150
14166,199,2,21-10-2024,Shipped,1698
14167,1302,11,21-09-2024,Canceled,3882
14168,3272,15,03-11-2024,Delivered,3928
14169,1612,20,10-06-2024,Canceled,3455
14170,4144,1,15-05-2024,Delivered,3131
14171,1293,9,19-02-2024,Canceled,2589
14172,4397,20,06-02-2024,Pending,4541
14173,1809,17,24-01-2024,Delivered,444
14174,1845,19,31-01-2024,Delivered,3831
14175,3152,4,13-01-2024,Canceled,4857
14176,1402,10,21-06-2024,Pending,1476
14177,2067,17,07-11-2024,Shipped,3385
14178,2694,13,05-09-2024,Shipped,2695
14179,515,5,15-04-2024,Canceled,2825
14180,568,13,09-05-2024,Pending,1555
14181,2346,4,10-03-2024,Pending,684
14182,4187,5,19-01-2024,Canceled,1747
14183,237,19,08-10-2024,Canceled,4750
14184,1696,2,15-05-2024,Pending,2945
14185,1131,8,30-09-2024,Pending,4073
14186,4128,1,20-01-2024,Shipped,235
14187,3738,11,14-01-2024,Delivered,4511
14188,48,3,16-08-2024,Delivered,1563
14189,3147,16,11-08-2024,Pending,208
14190,4882,4,01-02-2024,Delivered,3556
14191,4466,12,26-01-2024,Canceled,2759
14192,1937,20,24-08-2024,Delivered,3070
14193,1733,17,01-09-2024,Pending,2415
14194,568,10,08-10-2024,Pending,2015
14195,4777,3,28-06-2024,Pending,3198
14196,2224,12,15-02-2024,Canceled,1678
14197,722,1,04-05-2024,Delivered,4095
14198,4727,1,14-07-2024,Delivered,1169
14199,935,20,11-01-2024,Canceled,623
14200,4558,10,17-07-2024,Shipped,1521
14201,1815,6,08-11-2024,Shipped,4687
14202,2209,20,24-05-2024,Delivered,4824
14203,4118,3,31-08-2024,Canceled,822
14204,1482,6,17-02-2024,Delivered,3128
14205,4005,10,02-02-2024,Delivered,2517
14206,44,11,26-09-2024,Delivered,1248
14207,563,12,25-01-2024,Shipped,1230
14208,3567,2,05-05-2024,Delivered,2512
14209,3994,18,10-01-2024,Pending,3548
14210,3793,11,14-09-2024,Canceled,3557
14211,4654,6,28-09-2024,Delivered,3201
14212,367,20,27-04-2024,Delivered,1899
14213,799,12,11-02-2024,Shipped,135
14214,3576,12,05-03-2024,Shipped,1172
14215,3595,18,03-03-2024,Delivered,3108
14216,4529,10,08-10-2024,Canceled,3598
14217,4270,7,13-05-2024,Canceled,4037
14218,144,7,24-01-2024,Canceled,31
14219,4302,17,30-01-2024,Shipped,2252
14220,2607,6,14-02-2024,Canceled,1028
14221,1049,10,05-03-2024,Shipped,3604
14222,4530,14,14-07-2024,Canceled,4681
14223,3899,12,25-06-2024,Shipped,3213
14224,3775,13,28-10-2024,Canceled,3987
14225,538,13,24-10-2024,Shipped,2337
14226,2426,7,08-05-2024,Canceled,2475
14227,4459,17,24-01-2024,Shipped,2037
14228,674,20,21-07-2024,Pending,2424
14229,3396,3,11-03-2024,Delivered,1081
14230,488,5,02-06-2024,Canceled,415
14231,343,18,30-06-2024,Shipped,3028
14232,2351,8,07-11-2024,Shipped,2135
14233,2449,9,17-01-2024,Delivered,809
14234,2288,17,16-03-2024,Canceled,3873
14235,588,1,07-08-2024,Delivered,913
14236,2502,14,22-01-2024,Pending,283
14237,2635,4,16-08-2024,Canceled,2327
14238,25,17,07-07-2024,Shipped,3333
14239,1105,1,05-04-2024,Shipped,2746
14240,4977,3,04-08-2024,Delivered,2704
14241,4693,18,04-01-2024,Delivered,3181
14242,3887,2,19-06-2024,Delivered,3203
14243,2172,5,27-08-2024,Delivered,4877
14244,4645,2,16-08-2024,Delivered,4931
14245,2363,2,06-02-2024,Pending,1402
14246,4214,4,20-04-2024,Delivered,1924
14247,161,15,23-08-2024,Delivered,3360
14248,4311,16,03-04-2024,Shipped,2751
14249,2690,14,10-07-2024,Pending,975
14250,4898,11,11-02-2024,Shipped,1627
14251,172,19,21-08-2024,Pending,459
14252,4328,16,06-02-2024,Canceled,4865
14253,1147,5,13-01-2024,Shipped,199
14254,418,15,17-04-2024,Canceled,669
14255,4839,20,23-05-2024,Pending,4325
14256,4880,4,13-02-2024,Delivered,3389
14257,1497,2,27-04-2024,Canceled,3192
14258,1769,3,17-02-2024,Canceled,600
14259,576,20,09-04-2024,Canceled,2276
14260,962,13,28-05-2024,Pending,2726
14261,3740,7,30-09-2024,Canceled,3944
14262,187,14,27-07-2024,Shipped,1245
14263,1914,13,13-07-2024,Pending,4710
14264,1205,11,04-11-2024,Pending,593
14265,3082,6,16-02-2024,Pending,154
14266,4554,20,01-11-2024,Delivered,3327
14267,1499,19,11-07-2024,Canceled,4860
14268,3444,6,03-05-2024,Delivered,1131
14269,3121,20,18-10-2024,Shipped,1456
14270,4303,9,08-06-2024,Delivered,1088
14271,3422,16,25-01-2024,Pending,4013
14272,1360,6,17-01-2024,Pending,4608
14273,1784,2,07-08-2024,Delivered,719
14274,2062,2,15-05-2024,Delivered,1351
14275,1913,15,03-08-2024,Canceled,3711
14276,1144,11,29-03-2024,Delivered,718
14277,2690,7,04-11-2024,Delivered,1367
14278,419,16,24-04-2024,Shipped,3659
14279,4139,10,28-07-2024,Canceled,567
14280,4902,14,07-10-2024,Shipped,4671
14281,2455,16,02-04-2024,Delivered,1044
14282,4975,4,11-05-2024,Delivered,2477
14283,2272,15,19-08-2024,Pending,3091
14284,3167,6,26-01-2024,Canceled,3470
14285,3559,9,02-03-2024,Canceled,4710
14286,3843,6,30-06-2024,Delivered,2377
14287,3984,10,10-05-2024,Delivered,3442
14288,4598,15,29-03-2024,Delivered,4414
14289,3575,16,10-06-2024,Pending,2751
14290,4611,3,16-10-2024,Delivered,4088
14291,1405,12,12-03-2024,Pending,4710
14292,3090,6,26-04-2024,Canceled,3168
14293,2409,20,02-07-2024,Canceled,4465
14294,4219,8,26-08-2024,Delivered,1367
14295,1255,16,27-08-2024,Shipped,2151
14296,4523,1,15-10-2024,Delivered,1745
14297,3374,9,22-01-2024,Pending,3569
14298,4880,18,17-05-2024,Pending,1060
14299,3904,11,12-03-2024,Shipped,4563
14300,656,13,24-10-2024,Canceled,4255
14301,2231,11,30-03-2024,Delivered,3119
14302,4423,14,22-09-2024,Pending,2869
14303,2124,12,15-03-2024,Shipped,639
14304,1147,20,11-10-2024,Shipped,1803
14305,3892,17,13-09-2024,Canceled,1732
14306,2892,14,07-10-2024,Pending,1811
14307,2884,8,29-04-2024,Pending,2689
14308,898,13,04-07-2024,Pending,1549
14309,1517,2,11-05-2024,Delivered,177
14310,1581,5,06-01-2024,Canceled,1455
14311,3679,20,08-11-2024,Canceled,2068
14312,2956,2,27-10-2024,Pending,2613
14313,3542,6,21-10-2024,Canceled,2265
14314,4062,10,12-08-2024,Shipped,3199
14315,3621,4,28-01-2024,Delivered,4044
14316,4475,12,06-07-2024,Shipped,1451
14317,2424,9,01-08-2024,Shipped,1848
14318,4990,19,16-03-2024,Delivered,1920
14319,1087,9,18-05-2024,Canceled,3458
14320,3382,13,10-10-2024,Canceled,3966
14321,3590,18,12-06-2024,Pending,1739
14322,2646,3,15-03-2024,Delivered,1947
14323,3953,14,08-09-2024,Shipped,4288
14324,4970,5,26-05-2024,Delivered,4779
14325,4201,3,14-04-2024,Shipped,4220
14326,3169,13,14-01-2024,Pending,3679
14327,4958,18,01-09-2024,Canceled,4446
14328,4042,15,02-09-2024,Canceled,4868
14329,1907,4,16-09-2024,Shipped,1000
14330,4976,8,23-05-2024,Delivered,3471
14331,4159,14,23-07-2024,Pending,1791
14332,109,7,08-05-2024,Canceled,3673
14333,3008,10,15-07-2024,Canceled,551
14334,3821,8,02-08-2024,Canceled,2887
14335,4101,2,29-01-2024,Canceled,3276
14336,3855,17,08-02-2024,Pending,2448
14337,2753,12,30-07-2024,Canceled,4620
14338,1156,15,24-05-2024,Pending,3857
14339,3540,9,16-05-2024,Shipped,1066
14340,2795,15,23-06-2024,Canceled,228
14341,336,17,03-07-2024,Delivered,3565
14342,3844,17,02-02-2024,Pending,2653
14343,2367,11,01-07-2024,Pending,4067
14344,4481,14,10-01-2024,Canceled,67
14345,4878,16,20-06-2024,Pending,1757
14346,2484,11,24-06-2024,Shipped,1328
14347,3007,6,20-05-2024,Shipped,1745
14348,1789,8,02-07-2024,Pending,2261
14349,1313,13,14-06-2024,Pending,338
14350,1822,6,17-06-2024,Pending,3137
14351,3422,5,21-02-2024,Shipped,1431
14352,1568,2,28-06-2024,Shipped,2963
14353,190,4,28-01-2024,Shipped,4170
14354,2875,15,23-01-2024,Delivered,3370
14355,2819,8,02-10-2024,Delivered,4454
14356,1810,5,31-05-2024,Canceled,3690
14357,2912,13,10-02-2024,Canceled,4403
14358,2863,18,14-01-2024,Shipped,1573
14359,3180,12,20-04-2024,Canceled,2086
14360,4403,17,08-03-2024,Pending,4827
14361,47,16,29-10-2024,Canceled,4157
14362,12,13,22-10-2024,Shipped,686
14363,1128,8,13-01-2024,Pending,1863
14364,233,16,07-04-2024,Shipped,2082
14365,4023,11,09-01-2024,Canceled,2999
14366,127,12,02-07-2024,Delivered,2382
14367,1107,9,21-03-2024,Shipped,336
14368,3094,19,30-09-2024,Shipped,2466
14369,3946,13,12-10-2024,Pending,3473
14370,3895,3,15-05-2024,Canceled,2955
14371,1480,4,31-03-2024,Canceled,1726
14372,2278,16,06-08-2024,Delivered,3882
14373,3764,3,31-05-2024,Delivered,1182
14374,1813,5,24-07-2024,Delivered,89
14375,3606,3,25-02-2024,Delivered,1769
14376,2941,19,13-07-2024,Shipped,153
14377,3186,17,26-01-2024,Pending,3184
14378,4973,12,05-05-2024,Shipped,3086
14379,2000,5,29-08-2024,Delivered,3349
14380,1819,6,30-06-2024,Pending,20
14381,910,9,27-07-2024,Pending,2969
14382,3749,18,09-01-2024,Shipped,2048
14383,643,11,04-01-2024,Pending,71
14384,796,19,07-10-2024,Delivered,4672
14385,4742,6,30-06-2024,Pending,4239
14386,947,6,10-09-2024,Canceled,4461
14387,539,11,05-08-2024,Canceled,1248
14388,3140,19,29-05-2024,Delivered,3322
14389,1044,19,15-02-2024,Shipped,1344
14390,2408,9,15-06-2024,Shipped,1586
14391,3107,1,22-08-2024,Pending,825
14392,46,9,01-01-2024,Shipped,4435
14393,268,19,25-01-2024,Pending,2324
14394,4320,8,21-07-2024,Shipped,4359
14395,3748,14,03-05-2024,Delivered,3283
14396,2873,12,05-04-2024,Pending,2456
14397,1704,6,11-04-2024,Pending,108
14398,4616,20,04-10-2024,Delivered,3543
14399,2836,17,30-06-2024,Canceled,2815
14400,4,20,07-05-2024,Pending,3388
14401,3806,6,02-05-2024,Shipped,1015
14402,4716,12,24-01-2024,Canceled,1403
14403,124,7,16-10-2024,Canceled,413
14404,3601,3,19-06-2024,Shipped,1394
14405,3443,9,25-04-2024,Canceled,1373
14406,640,9,22-07-2024,Canceled,3696
14407,128,11,08-02-2024,Shipped,1091
14408,4326,20,10-04-2024,Shipped,4634
14409,902,7,26-04-2024,Delivered,2216
14410,1023,8,28-04-2024,Delivered,2975
14411,3843,8,02-04-2024,Delivered,177
14412,659,19,23-10-2024,Shipped,2200
14413,453,16,17-08-2024,Delivered,2267
14414,3956,11,11-04-2024,Pending,1102
14415,351,18,19-04-2024,Pending,406
14416,4419,15,08-06-2024,Canceled,365
14417,1197,7,16-10-2024,Shipped,3413
14418,3389,18,21-08-2024,Shipped,3737
14419,2741,4,06-03-2024,Shipped,837
14420,864,20,04-06-2024,Canceled,2765
14421,2115,5,03-06-2024,Canceled,4869
14422,422,8,08-03-2024,Delivered,1109
14423,3803,11,09-06-2024,Delivered,1205
14424,1579,2,26-10-2024,Pending,114
14425,3052,1,25-03-2024,Pending,2372
14426,2717,3,19-08-2024,Delivered,3047
14427,2964,18,13-05-2024,Delivered,173
14428,822,20,07-02-2024,Delivered,3029
14429,4060,6,15-08-2024,Delivered,1959
14430,359,16,27-09-2024,Shipped,3453
14431,228,18,21-07-2024,Delivered,4696
14432,1991,8,11-02-2024,Delivered,46
14433,3487,6,04-10-2024,Canceled,331
14434,1407,20,29-03-2024,Shipped,1301
14435,4033,2,26-07-2024,Shipped,4351
14436,4919,11,31-03-2024,Delivered,2834
14437,3317,16,14-03-2024,Pending,3834
14438,4840,11,18-04-2024,Canceled,3407
14439,4660,7,29-09-2024,Pending,4757
14440,3983,3,27-08-2024,Pending,3622
14441,3547,14,07-09-2024,Canceled,3099
14442,2560,5,28-04-2024,Pending,2312
14443,1483,14,31-01-2024,Shipped,319
14444,824,10,03-05-2024,Delivered,3044
14445,2308,3,10-05-2024,Delivered,3093
14446,3681,8,11-03-2024,Canceled,3657
14447,3717,18,10-08-2024,Pending,4187
14448,879,20,14-10-2024,Delivered,3154
14449,467,7,27-08-2024,Pending,1737
14450,3115,17,02-03-2024,Delivered,808
14451,2643,20,28-06-2024,Pending,2201
14452,2698,7,28-06-2024,Canceled,3508
14453,2093,12,01-07-2024,Pending,1740
14454,1350,20,20-09-2024,Shipped,1425
14455,4104,8,25-06-2024,Delivered,1548
14456,1027,2,04-02-2024,Pending,2878
14457,1475,5,14-03-2024,Shipped,2938
14458,4303,3,23-05-2024,Pending,526
14459,4317,10,26-07-2024,Delivered,2193
14460,1014,9,27-08-2024,Canceled,2532
14461,2527,18,22-08-2024,Shipped,2
14462,1759,11,08-09-2024,Shipped,4357
14463,4212,11,08-06-2024,Shipped,3294
14464,410,16,15-02-2024,Shipped,4511
14465,4030,5,01-06-2024,Delivered,2459
14466,4132,16,10-01-2024,Shipped,4163
14467,571,12,23-01-2024,Pending,1577
14468,3935,16,01-02-2024,Delivered,1353
14469,4593,11,20-03-2024,Shipped,2327
14470,1470,6,10-02-2024,Delivered,2917
14471,806,7,15-02-2024,Canceled,2892
14472,4121,5,04-04-2024,Canceled,1721
14473,2450,3,31-10-2024,Pending,3137
14474,293,10,18-09-2024,Delivered,480
14475,1547,2,30-08-2024,Shipped,419
14476,4145,2,10-07-2024,Delivered,311
14477,3814,11,13-07-2024,Shipped,4604
14478,949,2,21-06-2024,Delivered,3080
14479,1986,13,27-01-2024,Shipped,4269
14480,2069,6,07-11-2024,Canceled,3560
14481,1289,6,29-07-2024,Shipped,775
14482,4505,10,02-07-2024,Shipped,4211
14483,1716,19,12-09-2024,Shipped,2639
14484,321,15,23-08-2024,Shipped,2841
14485,1774,9,01-11-2024,Canceled,1240
14486,1388,13,28-06-2024,Canceled,3376
14487,3876,6,15-09-2024,Shipped,1099
14488,3604,18,02-10-2024,Shipped,2335
14489,2447,13,22-07-2024,Shipped,1831
14490,2156,8,05-09-2024,Shipped,4451
14491,2326,10,12-08-2024,Shipped,3848
14492,3571,15,05-03-2024,Delivered,1056
14493,4922,11,09-08-2024,Delivered,2662
14494,3960,18,03-04-2024,Shipped,1409
14495,2003,15,23-01-2024,Shipped,1797
14496,4747,13,11-08-2024,Shipped,3888
14497,1632,3,23-01-2024,Shipped,2630
14498,1033,9,29-10-2024,Pending,3567
14499,2921,18,24-06-2024,Pending,3912
14500,2053,15,02-07-2024,Delivered,4173
14501,378,4,24-02-2024,Shipped,4966
14502,1900,15,04-05-2024,Canceled,4376
14503,1077,13,03-08-2024,Shipped,4786
14504,456,6,26-04-2024,Pending,4885
14505,1050,2,19-01-2024,Delivered,2614
14506,4972,18,03-11-2024,Pending,2008
14507,3198,4,21-01-2024,Shipped,1555
14508,2025,17,23-08-2024,Delivered,3972
14509,1656,14,06-09-2024,Delivered,252
14510,1554,5,03-01-2024,Canceled,1822
14511,3089,13,10-06-2024,Shipped,1882
14512,1427,3,13-03-2024,Shipped,3528
14513,3660,17,02-09-2024,Shipped,1011
14514,3155,19,08-05-2024,Canceled,2560
14515,4187,13,11-01-2024,Pending,2111
14516,4158,6,15-08-2024,Canceled,3837
14517,3599,20,26-10-2024,Pending,2169
14518,3390,8,15-04-2024,Pending,2042
14519,3892,1,07-06-2024,Canceled,474
14520,3757,14,30-09-2024,Delivered,1574
14521,4163,7,29-05-2024,Canceled,2371
14522,2111,20,15-09-2024,Pending,1933
14523,4744,15,02-06-2024,Delivered,730
14524,2770,14,02-01-2024,Pending,4596
14525,2906,4,09-05-2024,Shipped,3398
14526,3709,14,01-01-2024,Pending,2649
14527,3321,3,10-06-2024,Delivered,969
14528,4155,13,19-07-2024,Canceled,3414
14529,3898,11,08-08-2024,Pending,1733
14530,1077,17,11-01-2024,Canceled,1709
14531,4220,1,08-11-2024,Shipped,2527
14532,151,13,11-03-2024,Delivered,67
14533,3329,20,21-05-2024,Shipped,218
14534,3134,4,14-10-2024,Delivered,1590
14535,1113,7,23-05-2024,Canceled,3308
14536,3909,13,12-10-2024,Pending,4443
14537,1069,4,01-03-2024,Pending,4595
14538,3069,11,15-07-2024,Delivered,1715
14539,2236,14,21-07-2024,Pending,2168
14540,1083,17,25-10-2024,Pending,2775
14541,3739,1,18-10-2024,Shipped,1100
14542,4038,2,19-08-2024,Shipped,4789
14543,4590,6,25-06-2024,Canceled,2562
14544,2806,6,17-03-2024,Delivered,4894
14545,1353,12,27-06-2024,Delivered,200
14546,3101,11,04-09-2024,Canceled,2210
14547,3637,5,04-08-2024,Canceled,486
14548,3177,13,12-04-2024,Pending,4271
14549,434,2,10-01-2024,Delivered,1981
14550,1727,8,20-06-2024,Delivered,2728
14551,1359,7,12-09-2024,Delivered,4752
14552,526,14,05-01-2024,Shipped,4090
14553,911,20,12-04-2024,Delivered,4776
14554,2289,10,14-02-2024,Canceled,3538
14555,1243,18,13-08-2024,Canceled,639
14556,931,2,11-01-2024,Canceled,33
14557,538,9,08-03-2024,Delivered,3021
14558,3498,16,14-04-2024,Pending,1339
14559,4016,7,16-02-2024,Delivered,976
14560,689,9,08-06-2024,Pending,2565
14561,3703,12,20-09-2024,Canceled,3890
14562,1557,1,28-10-2024,Canceled,794
14563,3419,17,10-02-2024,Pending,1895
14564,3243,4,11-07-2024,Canceled,4116
14565,2468,2,22-06-2024,Canceled,1605
14566,75,13,23-02-2024,Pending,4482
14567,922,7,15-03-2024,Delivered,3165
14568,948,16,12-07-2024,Shipped,109
14569,4557,2,09-08-2024,Canceled,4278
14570,3436,20,02-09-2024,Pending,899
14571,4236,7,20-06-2024,Pending,3943
14572,4371,9,22-10-2024,Canceled,3508
14573,2459,12,29-03-2024,Canceled,2692
14574,4090,18,13-01-2024,Canceled,3053
14575,3135,1,08-08-2024,Pending,2869
14576,4607,12,06-01-2024,Shipped,3626
14577,3207,20,07-05-2024,Delivered,1094
14578,553,11,28-03-2024,Canceled,2632
14579,4336,13,16-03-2024,Shipped,2978
14580,4495,14,22-10-2024,Delivered,3457
14581,1760,2,22-01-2024,Delivered,3235
14582,112,10,15-02-2024,Delivered,1559
14583,1359,18,19-09-2024,Shipped,1169
14584,4095,7,17-08-2024,Canceled,1858
14585,931,13,03-03-2024,Delivered,1297
14586,3325,16,08-05-2024,Delivered,336
14587,3260,8,18-02-2024,Canceled,562
14588,3888,1,23-07-2024,Delivered,3926
14589,4081,12,15-06-2024,Delivered,1009
14590,163,17,19-04-2024,Canceled,416
14591,4444,16,23-06-2024,Delivered,1089
14592,4162,10,08-01-2024,Delivered,1075
14593,1434,14,10-04-2024,Shipped,522
14594,1220,6,24-07-2024,Shipped,2192
14595,1341,2,24-05-2024,Shipped,68
14596,1169,13,14-10-2024,Shipped,2421
14597,2244,17,28-10-2024,Delivered,3632
14598,4682,11,03-05-2024,Pending,2135
14599,2991,19,18-01-2024,Pending,1357
14600,4489,15,07-03-2024,Delivered,3900
14601,1862,20,20-03-2024,Delivered,480
14602,2247,9,01-02-2024,Shipped,2883
14603,849,16,06-04-2024,Canceled,888
14604,4500,5,30-10-2024,Pending,2759
14605,3733,14,23-06-2024,Pending,3356
14606,1472,3,19-10-2024,Canceled,3620
14607,1724,16,26-10-2024,Canceled,2430
14608,2992,14,10-10-2024,Pending,946
14609,4163,18,24-04-2024,Pending,37
14610,4941,9,02-10-2024,Canceled,4126
14611,3901,20,15-04-2024,Canceled,4255
14612,3899,17,08-07-2024,Canceled,1470
14613,4746,18,16-02-2024,Delivered,4378
14614,3210,3,13-05-2024,Canceled,2332
14615,4778,7,26-05-2024,Pending,2613
14616,4183,4,19-05-2024,Pending,4735
14617,1760,12,21-01-2024,Shipped,4650
14618,1176,13,25-03-2024,Delivered,18
14619,1441,19,02-07-2024,Delivered,4183
14620,2761,15,08-02-2024,Pending,455
14621,3092,14,05-05-2024,Pending,4854
14622,391,1,13-10-2024,Canceled,2801
14623,3632,19,01-10-2024,Canceled,3579
14624,3019,17,13-01-2024,Canceled,3504
14625,1532,14,05-01-2024,Canceled,2432
14626,2983,13,07-07-2024,Canceled,3549
14627,3998,18,09-04-2024,Pending,2356
14628,1548,16,03-08-2024,Pending,1428
14629,2493,7,18-07-2024,Pending,3391
14630,864,13,27-03-2024,Canceled,2345
14631,4019,12,17-07-2024,Shipped,1288
14632,3801,15,27-02-2024,Delivered,2365
14633,1370,12,18-06-2024,Delivered,832
14634,834,4,27-07-2024,Canceled,678
14635,3618,6,26-02-2024,Shipped,1216
14636,1731,12,22-01-2024,Delivered,3521
14637,2931,15,01-02-2024,Pending,3610
14638,1988,10,25-02-2024,Delivered,1695
14639,4780,20,14-01-2024,Shipped,4638
14640,4731,19,26-02-2024,Shipped,78
14641,2650,8,05-10-2024,Pending,4584
14642,4578,16,02-11-2024,Canceled,1184
14643,1834,12,11-02-2024,Pending,4972
14644,4119,10,03-05-2024,Pending,4946
14645,2615,1,25-02-2024,Shipped,612
14646,1062,12,06-06-2024,Pending,500
14647,916,13,08-03-2024,Delivered,4448
14648,540,1,19-01-2024,Shipped,2013
14649,2375,2,06-07-2024,Pending,1092
14650,4624,3,13-09-2024,Canceled,2888
14651,3369,11,20-09-2024,Canceled,3375
14652,3920,5,29-10-2024,Canceled,2275
14653,636,15,14-06-2024,Canceled,2851
14654,1147,4,23-09-2024,Delivered,3908
14655,3977,16,02-07-2024,Canceled,3620
14656,1734,9,10-08-2024,Shipped,3232
14657,2809,8,21-05-2024,Shipped,3029
14658,2515,7,03-10-2024,Pending,1357
14659,4277,19,10-07-2024,Pending,2342
14660,2040,18,01-05-2024,Delivered,3295
14661,924,3,20-09-2024,Shipped,1919
14662,1591,1,28-06-2024,Canceled,1735
14663,3803,15,10-02-2024,Delivered,2678
14664,2481,8,10-10-2024,Shipped,1479
14665,2818,9,20-10-2024,Delivered,4478
14666,2995,7,15-07-2024,Canceled,1675
14667,3469,4,17-06-2024,Pending,2932
14668,1987,15,20-08-2024,Pending,1008
14669,3384,15,31-10-2024,Shipped,2656
14670,3829,3,23-06-2024,Delivered,649
14671,4290,13,24-02-2024,Canceled,4244
14672,1115,16,22-05-2024,Shipped,3603
14673,510,13,07-01-2024,Canceled,3653
14674,1831,1,11-01-2024,Canceled,3013
14675,1109,1,18-06-2024,Delivered,4198
14676,4228,5,19-08-2024,Delivered,488
14677,808,9,30-06-2024,Canceled,3870
14678,26,15,05-04-2024,Delivered,3687
14679,2092,3,13-06-2024,Pending,1440
14680,3158,16,13-05-2024,Shipped,4115
14681,2370,13,02-11-2024,Canceled,4011
14682,1554,5,18-07-2024,Shipped,2546
14683,1007,6,23-06-2024,Shipped,1017
14684,2174,11,07-11-2024,Pending,3371
14685,3366,20,05-10-2024,Canceled,3943
14686,1289,11,06-09-2024,Delivered,2388
14687,1743,8,01-10-2024,Delivered,2421
14688,3064,2,14-08-2024,Canceled,124
14689,1790,5,11-04-2024,Shipped,2129
14690,4031,18,16-08-2024,Shipped,4331
14691,2147,19,27-09-2024,Pending,2138
14692,458,9,27-02-2024,Canceled,470
14693,4747,6,12-09-2024,Canceled,1344
14694,472,17,22-03-2024,Delivered,1419
14695,4398,16,16-02-2024,Shipped,2013
14696,683,11,02-09-2024,Pending,4025
14697,3955,3,14-05-2024,Canceled,1899
14698,3118,4,12-02-2024,Canceled,3070
14699,4211,6,12-02-2024,Delivered,4715
14700,830,18,04-01-2024,Pending,4067
14701,731,14,02-09-2024,Delivered,4876
14702,3334,5,04-08-2024,Canceled,4938
14703,3017,16,31-01-2024,Delivered,3619
14704,2893,13,10-07-2024,Shipped,609
14705,178,15,18-07-2024,Delivered,2776
14706,426,14,17-03-2024,Delivered,578
14707,1002,3,31-01-2024,Canceled,17
14708,4565,12,29-03-2024,Delivered,3317
14709,1776,14,08-05-2024,Pending,1198
14710,4636,13,27-06-2024,Delivered,1957
14711,4315,14,28-01-2024,Canceled,4520
14712,4864,19,28-08-2024,Delivered,1805
14713,3395,3,23-01-2024,Canceled,1015
14714,2569,16,17-08-2024,Pending,2642
14715,3300,17,24-09-2024,Shipped,1190
14716,1299,6,17-03-2024,Canceled,4848
14717,4770,19,25-09-2024,Delivered,2543
14718,2098,2,26-10-2024,Canceled,1075
14719,4238,10,08-06-2024,Canceled,959
14720,3296,15,14-06-2024,Delivered,1351
14721,4706,19,06-10-2024,Delivered,1918
14722,4655,11,12-02-2024,Shipped,1859
14723,350,17,06-07-2024,Delivered,2237
14724,1993,18,08-06-2024,Pending,851
14725,4337,6,20-05-2024,Canceled,63
14726,1412,6,15-07-2024,Delivered,3390
14727,2315,19,15-07-2024,Canceled,1397
14728,3799,4,03-02-2024,Delivered,327
14729,1997,4,23-07-2024,Canceled,1535
14730,4681,6,30-10-2024,Canceled,1210
14731,4895,17,17-07-2024,Canceled,2182
14732,2461,11,05-11-2024,Canceled,2783
14733,3101,13,03-04-2024,Shipped,4192
14734,543,17,08-11-2024,Pending,415
14735,4652,16,29-06-2024,Delivered,3148
14736,1187,4,26-05-2024,Canceled,4347
14737,3737,12,09-01-2024,Pending,3674
14738,3273,12,12-06-2024,Delivered,1855
14739,3864,2,27-01-2024,Delivered,4334
14740,871,12,09-09-2024,Delivered,2222
14741,2263,16,29-09-2024,Shipped,3057
14742,3490,6,24-06-2024,Pending,772
14743,1628,13,31-01-2024,Delivered,1411
14744,4294,10,21-02-2024,Delivered,3071
14745,1264,4,18-05-2024,Pending,379
14746,591,12,12-05-2024,Pending,1628
14747,1724,14,24-09-2024,Delivered,4298
14748,4785,17,22-01-2024,Pending,965
14749,2851,12,24-06-2024,Canceled,1453
14750,4592,13,13-05-2024,Shipped,4346
14751,1336,13,29-07-2024,Pending,4120
14752,3172,2,13-04-2024,Delivered,688
14753,2121,2,10-08-2024,Canceled,2123
14754,3405,9,17-03-2024,Canceled,4869
14755,3522,16,24-08-2024,Delivered,2303
14756,1445,10,15-02-2024,Shipped,2822
14757,2445,20,07-11-2024,Pending,1519
14758,1380,2,17-09-2024,Shipped,4500
14759,4411,19,04-07-2024,Shipped,4528
14760,3109,19,27-07-2024,Shipped,296
14761,1645,11,02-03-2024,Shipped,890
14762,2028,14,11-06-2024,Shipped,3100
14763,3163,5,13-04-2024,Delivered,1506
14764,3823,9,23-01-2024,Delivered,1984
14765,26,8,31-10-2024,Canceled,3579
14766,117,4,31-07-2024,Delivered,2340
14767,1482,12,17-03-2024,Shipped,864
14768,2362,11,14-04-2024,Canceled,3174
14769,4140,10,13-09-2024,Canceled,2737
14770,1778,8,16-04-2024,Delivered,4568
14771,2110,17,29-04-2024,Shipped,2973
14772,446,5,21-03-2024,Delivered,1334
14773,1223,19,16-04-2024,Canceled,2683
14774,486,17,24-01-2024,Shipped,1115
14775,3338,8,12-03-2024,Pending,1730
14776,345,19,19-07-2024,Canceled,3729
14777,3772,3,21-07-2024,Delivered,1603
14778,4577,11,10-05-2024,Pending,231
14779,1850,4,24-09-2024,Canceled,4750
14780,827,10,01-05-2024,Canceled,2409
14781,4519,12,18-08-2024,Pending,1237
14782,586,2,18-08-2024,Shipped,1810
14783,4049,20,02-02-2024,Delivered,4199
14784,1303,8,22-01-2024,Pending,1412
14785,4873,6,17-07-2024,Delivered,2628
14786,1689,3,26-06-2024,Canceled,655
14787,4982,9,24-06-2024,Shipped,988
14788,730,13,12-02-2024,Shipped,335
14789,1233,18,08-07-2024,Canceled,3039
14790,3202,7,01-05-2024,Shipped,2748
14791,19,5,18-06-2024,Shipped,705
14792,2737,17,26-05-2024,Pending,732
14793,3193,18,09-10-2024,Pending,4387
14794,2693,13,21-09-2024,Canceled,871
14795,4482,20,05-04-2024,Delivered,217
14796,2039,14,01-05-2024,Canceled,123
14797,587,2,09-07-2024,Shipped,2470
14798,2193,6,13-08-2024,Pending,548
14799,3144,11,01-01-2024,Pending,970
14800,4867,14,16-03-2024,Shipped,2197
14801,3209,17,14-10-2024,Canceled,3424
14802,3096,15,16-07-2024,Shipped,4475
14803,3087,20,27-01-2024,Pending,2074
14804,760,6,28-07-2024,Pending,2133
14805,4,18,13-06-2024,Pending,2266
14806,3644,12,22-10-2024,Canceled,2969
14807,4363,3,20-07-2024,Delivered,2670
14808,2935,1,19-03-2024,Canceled,2295
14809,3848,12,03-03-2024,Shipped,1459
14810,4012,3,24-01-2024,Canceled,2681
14811,391,7,04-01-2024,Canceled,2302
14812,4301,2,30-06-2024,Shipped,4011
14813,4260,19,10-10-2024,Pending,3139
14814,2498,15,20-03-2024,Shipped,158
14815,4898,15,02-08-2024,Pending,4841
14816,2205,18,12-10-2024,Delivered,4872
14817,1772,7,22-09-2024,Pending,3464
14818,565,10,01-06-2024,Shipped,3450
14819,853,10,07-05-2024,Pending,2784
14820,4443,16,22-04-2024,Shipped,2416
14821,1897,15,31-03-2024,Delivered,3774
14822,4368,4,21-06-2024,Canceled,35
14823,3926,1,02-01-2024,Pending,2967
14824,1462,4,10-02-2024,Delivered,3727
14825,34,11,17-02-2024,Delivered,1001
14826,4781,18,21-02-2024,Delivered,2977
14827,182,5,01-06-2024,Canceled,1095
14828,2263,20,19-08-2024,Shipped,3843
14829,3400,1,15-08-2024,Pending,3571
14830,3359,6,10-03-2024,Delivered,2529
14831,3057,17,22-07-2024,Shipped,3226
14832,2449,11,24-08-2024,Pending,3242
14833,3254,1,27-06-2024,Delivered,820
14834,2361,6,08-09-2024,Shipped,1125
14835,3804,16,22-02-2024,Canceled,280
14836,940,6,21-02-2024,Canceled,1820
14837,1787,7,11-04-2024,Pending,864
14838,1484,7,10-08-2024,Delivered,2402
14839,3451,16,21-06-2024,Delivered,2077
14840,3219,18,07-06-2024,Canceled,2162
14841,1934,20,04-02-2024,Pending,2199
14842,3197,16,25-08-2024,Delivered,3753
14843,1264,17,29-10-2024,Pending,240
14844,2537,10,20-09-2024,Pending,836
14845,3105,1,26-03-2024,Pending,2941
14846,3179,4,30-04-2024,Pending,603
14847,4765,13,26-07-2024,Delivered,654
14848,1243,12,11-07-2024,Pending,2635
14849,4667,8,03-07-2024,Delivered,348
14850,2911,13,06-09-2024,Pending,463
14851,2204,14,21-09-2024,Pending,1127
14852,2202,19,28-05-2024,Shipped,81
14853,3355,12,17-01-2024,Pending,942
14854,2845,12,07-02-2024,Delivered,3680
14855,3683,16,27-03-2024,Delivered,104
14856,4596,18,09-02-2024,Shipped,1309
14857,3745,14,09-01-2024,Canceled,1118
14858,3002,4,04-10-2024,Shipped,3898
14859,1016,10,30-08-2024,Shipped,1855
14860,3875,15,26-07-2024,Pending,3835
14861,4616,14,15-06-2024,Shipped,2610
14862,4809,13,21-02-2024,Pending,1028
14863,1528,15,11-04-2024,Delivered,4818
14864,2203,2,21-05-2024,Delivered,3803
14865,3111,2,17-03-2024,Canceled,1131
14866,1643,16,31-01-2024,Canceled,2649
14867,2674,12,17-02-2024,Shipped,4619
14868,4319,3,01-05-2024,Pending,2452
14869,234,14,19-10-2024,Delivered,4031
14870,4656,12,10-07-2024,Shipped,387
14871,2408,14,11-02-2024,Shipped,3233
14872,3114,17,30-07-2024,Delivered,1463
14873,4020,2,24-02-2024,Pending,668
14874,3983,4,26-10-2024,Shipped,2411
14875,434,17,31-05-2024,Shipped,604
14876,4037,9,10-05-2024,Delivered,2728
14877,2739,17,22-02-2024,Canceled,3517
14878,4089,16,11-03-2024,Delivered,2523
14879,3170,10,26-06-2024,Shipped,999
14880,3480,3,15-02-2024,Pending,3142
14881,4928,16,25-09-2024,Shipped,1442
14882,221,13,04-01-2024,Delivered,2287
14883,3673,8,05-06-2024,Pending,1596
14884,4989,19,24-07-2024,Delivered,4671
14885,651,5,10-04-2024,Delivered,2822
14886,2426,11,07-06-2024,Delivered,2792
14887,2251,15,13-06-2024,Pending,1641
14888,4205,8,18-06-2024,Canceled,1016
14889,4153,8,18-05-2024,Pending,3029
14890,3839,2,11-06-2024,Canceled,952
14891,2063,7,22-05-2024,Shipped,3029
14892,3430,18,29-07-2024,Pending,148
14893,2522,7,07-04-2024,Canceled,1392
14894,2745,19,13-01-2024,Pending,3818
14895,3410,11,20-04-2024,Shipped,4716
14896,2615,7,12-03-2024,Canceled,4943
14897,1727,16,04-09-2024,Pending,1895
14898,1965,17,04-10-2024,Delivered,4456
14899,3016,10,12-08-2024,Pending,651
14900,2907,17,02-02-2024,Delivered,2820
14901,3580,6,07-09-2024,Shipped,604
14902,3653,8,25-01-2024,Shipped,2007
14903,2396,19,24-03-2024,Pending,55
14904,3963,14,20-06-2024,Delivered,2526
14905,4637,19,13-04-2024,Pending,4647
14906,1969,5,14-08-2024,Shipped,2460
14907,4199,1,24-06-2024,Delivered,134
14908,3654,8,16-03-2024,Shipped,2033
14909,2792,9,13-06-2024,Pending,2986
14910,3327,17,26-04-2024,Pending,2596
14911,4502,19,21-05-2024,Shipped,2931
14912,3999,3,10-06-2024,Delivered,1627
14913,4364,11,11-07-2024,Shipped,1887
14914,80,16,29-01-2024,Canceled,3106
14915,836,14,02-03-2024,Pending,2895
14916,2369,19,31-01-2024,Canceled,2511
14917,4415,20,29-09-2024,Delivered,3753
14918,877,4,03-03-2024,Shipped,1941
14919,673,16,26-04-2024,Canceled,191
14920,571,15,24-08-2024,Shipped,3053
14921,2501,2,02-08-2024,Pending,152
14922,616,7,10-10-2024,Shipped,4493
14923,4236,19,22-06-2024,Shipped,2229
14924,316,8,17-06-2024,Shipped,2871
14925,3816,8,05-09-2024,Pending,2282
14926,3813,2,26-04-2024,Pending,88
14927,2150,1,30-01-2024,Pending,3288
14928,169,4,04-05-2024,Delivered,4405
14929,1630,10,16-05-2024,Shipped,2719
14930,4108,17,03-07-2024,Delivered,2322
14931,2098,7,15-10-2024,Pending,123
14932,2250,7,16-09-2024,Delivered,3463
14933,4667,16,22-02-2024,Pending,4524
14934,4338,20,17-02-2024,Canceled,4208
14935,2048,2,20-09-2024,Canceled,4398
14936,1561,17,06-04-2024,Pending,756
14937,903,17,26-01-2024,Shipped,3310
14938,2722,16,27-09-2024,Pending,4544
14939,3264,13,29-08-2024,Delivered,4523
14940,3196,6,02-02-2024,Shipped,2633
14941,4877,17,06-04-2024,Canceled,309
14942,375,11,14-08-2024,Delivered,1033
14943,3308,19,26-05-2024,Shipped,4521
14944,2947,17,23-07-2024,Delivered,3374
14945,1259,17,03-04-2024,Delivered,4044
14946,4317,19,07-11-2024,Delivered,3110
14947,912,20,17-08-2024,Canceled,362
14948,2492,17,29-09-2024,Delivered,3341
14949,2107,16,19-01-2024,Canceled,3679
14950,1729,7,06-03-2024,Delivered,4504
14951,1237,16,01-11-2024,Pending,4790
14952,3929,9,06-11-2024,Pending,4656
14953,1068,2,13-07-2024,Shipped,1507
14954,2742,5,03-03-2024,Delivered,1443
14955,160,13,11-08-2024,Delivered,1866
14956,160,8,24-06-2024,Shipped,3943
14957,3869,4,17-06-2024,Shipped,1875
14958,183,5,07-07-2024,Canceled,37
14959,864,19,08-10-2024,Shipped,2626
14960,4666,4,09-03-2024,Shipped,1103
14961,816,7,10-03-2024,Shipped,2190
14962,1306,10,27-10-2024,Shipped,3416
14963,3543,10,07-01-2024,Pending,3669
14964,670,11,11-07-2024,Pending,1011
14965,4333,9,02-02-2024,Shipped,1721
14966,4357,10,26-10-2024,Delivered,3162
14967,1176,13,06-09-2024,Pending,2768
14968,4590,13,30-01-2024,Canceled,433
14969,1069,2,24-03-2024,Shipped,4604
14970,2730,15,22-05-2024,Delivered,1434
14971,2460,10,11-01-2024,Pending,4109
14972,18,12,06-09-2024,Canceled,1831
14973,2657,17,03-10-2024,Canceled,4859
14974,2542,3,29-03-2024,Pending,827
14975,409,13,14-03-2024,Delivered,351
14976,2987,4,06-06-2024,Shipped,1916
14977,4442,20,09-06-2024,Delivered,2387
14978,1924,3,20-07-2024,Canceled,146
14979,4417,11,18-10-2024,Delivered,3602
14980,7,12,17-08-2024,Delivered,2516
14981,1053,10,21-04-2024,Canceled,1361
14982,601,13,24-08-2024,Shipped,4368
14983,243,7,21-04-2024,Delivered,2383
14984,3643,9,22-08-2024,Delivered,918
14985,2470,1,24-02-2024,Canceled,4834
14986,1838,6,11-07-2024,Delivered,53
14987,4368,13,05-08-2024,Canceled,2966
14988,2824,4,20-03-2024,Delivered,2288
14989,3610,4,14-06-2024,Shipped,340
14990,2764,5,03-07-2024,Pending,4694
14991,4498,11,05-07-2024,Canceled,3144
14992,1343,19,18-04-2024,Delivered,2026
14993,4845,15,25-04-2024,Shipped,4413
14994,661,15,09-07-2024,Delivered,4825
14995,3772,15,13-03-2024,Pending,1208
14996,3898,12,06-03-2024,Delivered,834
14997,736,14,22-04-2024,Canceled,4711
14998,4788,9,08-05-2024,Shipped,847
14999,4894,12,24-06-2024,Pending,3949
15000,4130,11,14-02-2024,Shipped,4078
