supplier_id,supplier_name,contact_name,phone,address,city,country,customer_id
1,"Morgan, Sullivan and Jones",Amanda Nelson,001-594-984-1423x55283,"567 Donna Causeway Apt. 656
Danafort, CT 11352",Zacharyberg,Turks and Caicos Islands,4266
2,"Daniel, Brown and Warren",Julie Johnson DVM,+1-841-607-9116x114,"98309 Cox Hollow
Lake Katrina, VI 64657",Lake Lisa,Paraguay,3109
3,"Stark, Hodge and Cannon",Cathy Crawford,001-774-587-7007x8812,"18082 Richard Ports
New Robertfurt, MT 95923",East Amberstad,United States Minor Outlying Islands,2765
4,"Bridges, Dunn and Lewis",Yolanda Stevens,(246)582-1003x70907,"866 Frank Parks
New Tamarahaven, IA 36278",Brittneychester,Liechtenstein,217
5,"Torres, Alexander and Ortiz",Lisa Bailey,344.456.5726x7654,"477 Smith Valley Apt. 345
Port Edward, HI 57840",South Cheryl,Czech Republic,1252
6,Robinson Ltd,Tristan Scott,(657)233-0907,"1685 Deborah Groves
Rossfort, MN 16514",West Jean,Cook Islands,3256
7,Wolf-Andrews,Mrs. Rebecca Pittman,566.593.3276,"Unit 2285 Box 6283
DPO AA 18826",South Emily,Colombia,3485
8,Potter-Clark,Robert Love,001-500-589-4234x03704,"188 Amanda Lakes
Waltersland, DC 47693",Macdonaldtown,Ethiopia,3455
9,Robinson-Garcia,Michelle Sims,001-417-369-6806x45544,"9264 Marcus Station
Lake Madison, ID 85395",Boydstad,Nicaragua,4178
10,Baker and Sons,Kristi Reid,001-503-597-9978,"32198 Todd Views Suite 551
East Martinfurt, NE 57438",Littleton,Iraq,2994
11,"Ellis, Mooney and Snyder",Seth Poole,001-386-232-8959,"42762 Dakota Knoll Suite 374
New Erica, MT 30366",Christinaport,Albania,3454
12,Hawkins LLC,Patrick Perry,(453)917-0873x00210,"USCGC Powers
FPO AE 90009",West Jill,Palestinian Territory,3040
13,Harris-Bush,Travis Harris,274.693.9166x01910,"0732 Collins Throughway Suite 893
Palmerstad, SC 37121",South Victoriaton,Solomon Islands,4667
14,"Lambert, Greene and Simpson",Eileen Pace,001-658-610-4573x466,"PSC 3387, Box 8052
APO AP 75552",Lake Martinchester,Guatemala,1685
15,Tran Group,Stephanie Singh,219.888.8374x345,"062 Brown Garden
New Michelleshire, MP 88721",Ramirezburgh,Estonia,512
16,Evans and Sons,Joseph Larson,(912)315-6038,"54694 Simmons Hills
East Thomasview, NV 36703",Jordanshire,British Virgin Islands,2233
17,"Harmon, Miller and Miller",Robert Williams,001-339-765-5868x19004,"35286 Smith Via
New Lee, WA 00543",East Brendafort,Congo,4271
18,"Smith, Frey and Wilkerson",Scott Cochran,318.515.8061x949,"PSC 5055, Box 1919
APO AE 76049",Patelland,Macao,529
19,Norton-Vasquez,Mr. Martin Bishop,(893)328-5071,"21349 Martin Dale
New Monicaview, AZ 87758",Port Jasonland,Vietnam,1503
20,Crawford-Boyd,Christopher Cole,-2028,"PSC 6951, Box 6571
APO AE 14940",New Ryanland,Mauritius,73
21,Nolan Ltd,Sharon Page,001-439-293-3025x59879,"14596 Megan Prairie
Schultzshire, WV 53527",West Michaelstad,Central African Republic,1379
22,Brown Inc,Rebecca Smith,264-318-0446,"40834 Elliott Greens Suite 950
Smithmouth, MP 66233",South Mariamouth,Estonia,2587
23,Ross-Wheeler,Luke Payne,(290)674-2941x429,"762 Charles Spring Suite 766
New Lindsayborough, AZ 13048",Hurleyport,Lithuania,3750
24,Warren Ltd,John Carter,001-368-359-0262x976,"86603 Carlson Crossroad Suite 689
Webbton, DE 52383",Nicholasfort,Samoa,4035
25,Underwood-Phillips,Steven Underwood,823.212.5242x3525,"894 Johns Mission Apt. 150
Kendratown, SC 47684",West James,Benin,903
26,Ball PLC,Thomas Smith,+1-493-642-3221x091,"PSC 3141, Box 4087
APO AP 29657",Heatherborough,Pitcairn Islands,1135
27,"Owens, Davenport and Vargas",Melissa Torres,001-321-316-8231x37998,"962 Martin Lodge
Victoriahaven, WI 81313",Cochranmouth,Guyana,5000
28,"Wells, Compton and Parsons",Sharon Butler,001-748-588-2372x54422,"8828 Mark Gateway
Matthewbury, OH 96998",New Suzanne,Cayman Islands,3086
29,Benitez Group,Jeffrey Herman,001-408-228-8745x871,"13685 Curtis Trail Apt. 621
South Maureenland, KS 35015",North Cynthia,British Virgin Islands,4125
30,Trujillo Inc,Dustin Thomas,+1-964-357-4433x199,"33497 Cindy Ville Suite 010
Lake Jamieport, IN 39100",Carolfort,Haiti,2549
31,"Dawson, Haynes and Cervantes",Lori Gross,681.578.6021x59927,"274 Stephanie Fords
North Ethan, HI 30531",Josephton,Vanuatu,4951
32,Smith-Hayes,Veronica Dennis,001-283-568-7477x7407,"6007 Rivers Dam Apt. 821
Port Grace, ND 17154",New Mariaborough,Togo,3380
33,"Perry, Mullen and Martin",Deborah Alexander,(843)893-3045x96920,"48531 James Shoal Suite 358
Bethside, CO 15242",Tinachester,Guernsey,1646
34,Moore LLC,Allen Price,878.617.0483,"65955 Armstrong Green
North Cindy, NM 75711",North Jason,Timor-Leste,1248
35,Lee-Norris,Jonathan Burns,368.577.7593x586,"74919 Robinson Via Apt. 884
South Kristin, PR 17576",East Cathy,American Samoa,2303
36,"Shepherd, Atkinson and Wilson",Amanda Jones,491.554.8044,"9214 Christopher Way Suite 164
Padillatown, ME 82924",West Tinafort,Czech Republic,455
37,"Stanley, Johnson and Gibson",Jane Estrada,(672)509-6102x3726,"8699 Pollard Grove
Christinefort, CT 87607",Michaelmouth,Niger,3049
38,Moore Group,Bryan Maldonado,891-877-3260x9685,"597 Shelly Parkway
Downsfort, VI 77985",Mariaborough,Timor-Leste,2657
39,Hill-Stephenson,James Hernandez,(676)659-6458x7669,"Unit 1553 Box 4745
DPO AP 05229",West Andrew,Haiti,4553
40,Ramos and Sons,Abigail Hardy,+1-289-965-3945x03754,"83385 Carpenter Ferry Apt. 369
Turnerhaven, AZ 91809",Lisatown,Lebanon,4343
41,Ellis Inc,Sheri Miller,4638240510,"796 James Highway
Mcdonaldchester, KY 91157",Shieldston,Egypt,1570
42,Rosales and Sons,Christina Bowers,+1-374-215-9209x410,"0781 Wilson Hills Suite 977
Harrisborough, IA 03348",Millerview,Cuba,2069
43,West-Rios,Travis Rice,250.852.6027,"6707 Dana Squares Apt. 292
Lake Raymond, CT 29129",East Jacobmouth,El Salvador,2889
44,George-Chapman,Toni Garcia,001-333-276-8705x8079,"510 Adams Park Apt. 783
Scottview, NY 26227",East Jonathanstad,Kyrgyz Republic,2380
45,Reynolds LLC,Melissa Smith,549-827-2809x0317,"16785 Vaughan Grove Apt. 889
Wendyshire, IL 03640",East Teresa,Antigua and Barbuda,3209
46,Sims-Watson,Micheal Peterson,(899)501-5230x29996,"56540 Anthony Ranch
Port Michaelton, AS 24094",Clarkburgh,Anguilla,4206
47,Thomas Ltd,Cindy Hansen,600-342-3182x06820,"305 Schmidt Station
Robinsonhaven, MI 58626",Greeneborough,Namibia,1537
48,"Pugh, Hernandez and Guerra",Michael Young,451-882-7238,"USNS Matthews
FPO AE 66619",Jackstad,Haiti,2924
49,"Owens, Barnes and Rose",Misty Rogers,990-830-8196x95448,"48849 Nicole Vista Suite 089
Lake Jonathan, MT 93803",Blakemouth,Anguilla,1899
50,Cantu-Gutierrez,Hannah Bell,001-935-758-8108x227,"774 Andrews Falls Suite 412
New Seth, PR 38309",South Caitlyn,Nicaragua,958
51,Smith Inc,Shelly Orozco,+1-548-749-6741x662,"25593 Valenzuela Extension Suite 674
South Kevinberg, PW 20560",Hernandezfort,Indonesia,1994
52,Gonzalez-Brown,Jacob Wilson,+1-634-717-0054x5583,"6216 James Underpass Suite 668
New Loristad, WV 01520",Vanessashire,Bermuda,4949
53,Shaw Ltd,Curtis Wells,(857)885-2197x933,"60898 Lucas Burg
North Miguelside, ID 78779",North Danielborough,China,3562
54,Martin LLC,Levi Lee,+1-933-496-3790x20388,"USS Hansen
FPO AP 28190",Justinmouth,Mali,4599
55,Mullins Group,Jessica Wright,820-683-4812x426,"644 Jonathan Rue
Port Gabrielle, GA 65369",Russellmouth,Nepal,2554
56,"Murphy, Davis and Steele",Roger Turner,+1-592-746-8714x469,"6642 Christina Branch Apt. 690
Adamsshire, MS 51681",Contrerashaven,Bahrain,1496
57,Stanley PLC,Charles Harrington,(232)546-8722,"8406 James Loop
Gillespiehaven, MD 65482",North Sarah,Solomon Islands,72
58,Murphy-Cruz,Stacy Lowe,465.878.6800x551,"644 Lewis Mall Apt. 270
Robertview, NE 47048",West Lauren,Christmas Island,331
59,Brown and Sons,Michael Reynolds,771-252-0351x919,"1335 Williams Corners Suite 322
Nolanchester, VT 27346",Port Tracy,Nauru,3435
60,"Moran, Chan and Anderson",Brendan Morales,001-689-717-0052x2918,"659 Matthew Curve Suite 025
Davisville, AS 38502",West Rebecca,Macao,2690
61,Williams Inc,Karen Prince,001-951-630-6109x2216,"1473 Bradley Gardens
New Davidport, IA 11902",South Ronald,Guernsey,3926
62,Chase-Thompson,Brandon Gutierrez,(858)906-2475x552,"USS Craig
FPO AA 82952",Burgessberg,Korea,3897
63,"Edwards, Smith and Small",Paul Wilkinson,+1-368-870-6905x71121,"35393 Alvin Way
Josephport, VA 76884",Tanyachester,Greenland,4569
64,Roth-Kemp,Chelsea Valencia,001-783-302-4264x685,"041 Marcus Inlet
Port Leslieton, PA 29514",West Peter,Haiti,963
65,"Wright, Hooper and Harris",Ethan Erickson,(543)970-0984x164,"USS Bowman
FPO AE 13069",Smithview,Kazakhstan,1200
66,Rodriguez and Sons,Michael Dean,-3014,"0591 Crane Freeway Apt. 010
Jennifershire, CO 50101",East Jennifer,Barbados,4826
67,Chapman-Carney,Mason Johnson,+1-744-906-5452x593,"5094 White Bridge Suite 856
Lake Shelly, HI 59505",New Dorothyburgh,Isle of Man,4461
68,Wolf Ltd,Rachel Fuentes,518-868-0109,"490 Desiree Causeway
Port Jamesberg, NM 90979",Estradahaven,Anguilla,859
69,Hickman-Pham,Kelly Marshall,770.814.9726x8211,"6077 Cynthia Ranch Suite 691
East Benjamin, VI 16246",West Richard,Togo,4099
70,"Bass, Peck and Bates",Monica Patton,+1-825-900-7516x748,"217 Baker Mission
Victorbury, MN 81007",Diamondport,Cuba,4105
71,"Young, Hughes and Lane",Caleb Bell,001-301-393-0646x91267,"53031 Kathy Neck
North Manuel, MO 70017",New Lauren,Saint Kitts and Nevis,4769
72,Brooks-Young,Cassandra Norris,3293487478,"9934 Martinez Fort
Port David, OR 29471",South Deannahaven,Jersey,3094
73,Bullock-Smith,Matthew Jennings,550.355.7779x174,"PSC 4345, Box 3538
APO AP 10526",Lake Markstad,Antigua and Barbuda,1592
74,"Taylor, Novak and Moore",Kaylee Quinn,669.557.5629,"8670 Nguyen Locks
Jeremyshire, SD 36229",Laurieton,Solomon Islands,1813
75,"Jones, Evans and Hodge",Leslie Green,354.892.1018,"29357 Clark Inlet
North Christopherfort, AZ 25228",Stephenfurt,Austria,4329
76,"Davis, Levine and Jenkins",Sherry Martin,(345)554-6202,"9223 Smith Villages Apt. 734
West Paul, PW 08635",Marissaview,Latvia,2114
77,"Williams, Stanley and Butler",Danielle Duncan,407-395-1635,"202 Kelly Coves
Morganland, MS 67950",New Matthewview,Papua New Guinea,2231
78,Rice LLC,Corey Craig,(965)302-8591x56581,"290 Thompson Unions Suite 922
Port Brendaville, SD 90360",Lake Justinshire,Myanmar,2579
79,"Nelson, Rodriguez and Rodriguez",Bradley Ochoa,(269)393-9142x652,"74020 Miles Mews
Powellport, ND 10213",South Jacob,South Georgia and the South Sandwich Islands,3929
80,"Martinez, Bates and Bryant",Tiffany Lynn,(244)791-5321x80113,"56823 White Glen
Lake Davidview, MO 23327",Woodsland,Norfolk Island,3107
81,Duarte and Sons,Charles Wright,001-542-938-6707x76042,"674 Teresa Squares Suite 721
South Debraburgh, WY 38788",North Johnborough,Qatar,3176
82,Khan LLC,Alicia Nunez,001-897-524-7254x26541,"3985 Jeffrey Shoals Apt. 828
South Deborah, TN 82625",Port Mary,Mexico,2839
83,"Simmons, Smith and Wilkerson",Amanda White,557.331.8995,"992 Debra Island Apt. 470
Adamfort, PR 86411",South Timothytown,Saint Kitts and Nevis,1806
84,"Arnold, Schroeder and Evans",Kenneth Salazar,(735)776-8662x1380,"454 Frank Land Suite 513
Lake Austin, MD 80760",West Kellyshire,Isle of Man,4675
85,Hopkins LLC,Paul Bradshaw,809-567-4513,"905 Johnathan Overpass Apt. 722
West Dennis, VI 92521",Bridgesmouth,Trinidad and Tobago,1281
86,Kaiser and Sons,Samantha Thompson,+1-681-928-1718x9935,"11275 Sanchez Walks Suite 311
Catherineborough, IA 14283",New Williamburgh,Dominican Republic,2058
87,Velasquez Ltd,Rachael Perkins,700-338-1803x648,"18241 Johnson Corners
Williamshaven, KS 55899",South Cynthiafort,Martinique,3662
88,May-Chen,Austin Bradley,001-970-632-0434,"4210 Ward Ways
Port Andrewfurt, AL 09104",Lake Kellyborough,British Virgin Islands,4675
89,Rogers LLC,Jordan Turner,4723239567,"898 Espinoza Vista
Henryfort, WA 57904",Michelleborough,Macao,4984
90,Marshall-Jones,Lisa Miller,001-539-272-0487,"455 Noble Valley
Lake Jillmouth, MP 95422",West Daniel,Moldova,875
91,"Johnson, Nixon and Riley",Eric Byrd,315.775.8593,"205 Wilcox Rapid Apt. 392
Millershire, MD 33486",South Jeremymouth,Tanzania,2197
92,Mosley-Smith,Nancy Stuart,753-778-4205,"544 Shannon Path
Bryanthaven, VI 69396",Lake Jennifer,Saint Lucia,610
93,Proctor Inc,Amanda Williams,001-920-740-9471x12461,"1048 Ortiz Common
Scottview, FL 57308",Port Kelly,Swaziland,295
94,Brown-Green,Julie Wilson,7189770332,"430 Sanchez Inlet Suite 689
Sandovalview, PA 89540",Port Jasonton,Eritrea,1993
95,Palmer Inc,Jessica Larson,001-389-392-4692x4704,"USNS Brown
FPO AP 56338",Johnbury,Belize,732
96,Nielsen-Norris,Anne Cobb,(675)591-7003,"PSC 7432, Box 5674
APO AE 90786",Jasonberg,Germany,1518
97,Hutchinson Ltd,Caleb Underwood,511-819-0206x071,"05221 Baker Rue
Muellermouth, SD 32527",Lisaside,Estonia,4817
98,"Taylor, Hampton and Wilson",Ashley Jennings,+1-999-794-4261x84553,"8295 Amanda Groves
Tammyburgh, AS 25601",East Michael,Heard Island and McDonald Islands,2732
99,"Hall, Bailey and Brown",Michael Fitzpatrick,928-580-5075x07819,"52477 Olson Heights Suite 964
North Kevin, LA 07430",South Alanshire,Martinique,440
100,"Bradshaw, Price and Payne",Patrick Ellis,(337)479-3854x609,"72545 Carrie Cape Apt. 609
East Megan, WA 33645",Johnsonshire,Cambodia,1646
101,Farley-Ward,Rebecca Mann,631-660-3250x3943,"USCGC Hawkins
FPO AA 20855",South Christopher,Thailand,1230
102,Vargas-Baker,Dennis House,695-495-7812x7317,"322 Barrera Estates
New Tammie, MO 87750",South Paul,Kyrgyz Republic,2060
103,Hull-Nelson,Melvin Good,365-251-1286x381,"289 Benjamin Trail
Erinmouth, OR 47229",Port Stacey,Malta,1003
104,"Meza, Ramos and Velazquez",John Nelson,493.954.3373,"692 Mallory Key
North Alexanderfurt, AL 64689",Shermanland,Equatorial Guinea,3562
105,Shannon Ltd,Zachary Boyd,001-565-337-1557,"Unit 5208 Box 9831
DPO AP 59899",North Elizabeth,Montenegro,630
106,Williams-Dean,Julie Horn,712.297.3414,"PSC 2759, Box 0826
APO AP 94372",North Cathyfort,Canada,1669
107,Johnson Ltd,Angela Moore,001-518-594-5239x59602,"987 Wilson Lake Suite 903
East Alexander, OH 69415",Port Ryantown,Turks and Caicos Islands,638
108,"Campbell, Jones and Rogers",Robert Ramirez,900.778.8675,"95914 Williams River Suite 236
Howellfurt, DC 58869",New Ruben,Guadeloupe,377
109,Fernandez Inc,Michael Williams,984.850.4621,"9394 Ronald Wells
Coleton, NV 73365",Elliottstad,Martinique,3890
110,Griffin-Oliver,Angelica Foster,(772)564-1879x39789,"24931 Yang Knolls
West Tina, NV 72142",West Scottport,Armenia,4715
111,Fuller-Harris,Robert Massey,(769)926-9203x273,"7212 Adam Plaza Suite 789
Kristinville, MN 31188",Lake Kevin,Guam,1429
112,James-Smith,Misty Smith,778-536-9030x34136,"8499 Glenn Unions Suite 070
Williamsfort, KY 49958",Port Joshuabury,Egypt,7
113,Johnson-Williams,Kevin Blair,+1-474-343-6871x63876,"PSC 7740, Box 5458
APO AA 56741",New Edwardside,Saint Kitts and Nevis,3179
114,Parker-Hill,Isaiah Hall Jr.,498-387-2634,"39982 Lee Turnpike
North Stevenville, IL 18669",West Jenniferhaven,Eritrea,4322
115,Barnes-Mclean,Mr. Ronald Adams,001-376-860-4568x9391,"7677 Randolph Viaduct Suite 666
Timothyfurt, AZ 74181",Davidhaven,Paraguay,2611
116,"Hebert, Horn and Taylor",Gary Flores,(917)450-4998,"75442 Adam Club Suite 069
New Margaret, NH 89556",Lake Alicia,Slovenia,4774
117,"Hill, Brown and Mcbride",Jason Choi,590.332.1430,"330 Daniel Creek
Elizabethfurt, MI 33477",Matthewfort,Ghana,2402
118,Anderson-Roberts,James Cooper,936-597-4578x351,"135 Novak Manors Suite 338
Jenniferside, NE 87571",Carlosside,Uzbekistan,4819
119,Murphy Ltd,Angel Martinez,+1-591-862-4694x762,"68517 Lee Orchard Apt. 102
Liton, TX 81785",Melissaberg,Taiwan,4039
120,Lopez Ltd,Brian Anderson,001-251-390-4562x44622,"3393 Johnson Drives Suite 326
West John, ND 12473",Alexiston,Norway,186
121,Edwards-Blackburn,Kelsey Campbell,+1-242-502-4843x50745,"80999 Johnson Greens
Adamborough, CO 03653",South Toddside,China,871
122,Byrd Ltd,Teresa Anderson,973.776.5547x6172,"5481 Mcdonald Court
South Richard, CT 45011",New Jay,Sierra Leone,923
123,"Mcgee, Anderson and Adams",Anthony Taylor,250-813-4339,"247 Lopez Squares Apt. 299
East Shannonville, UT 79211",East Valeriestad,Netherlands Antilles,3336
124,Bradley LLC,Michael Miller,221-616-2206x5910,"4364 King View
Lake Kimberly, AS 55341",West Dylantown,Norfolk Island,977
125,Ford and Sons,Steve Alexander,001-983-352-7808x785,"85300 Brianna Circle
Lewisberg, MA 67934",Brewerfort,Venezuela,4621
126,Dyer-Campbell,Jason Mendoza,-5412,"6841 Phillips Loop Apt. 517
Troymouth, WV 09411",Danielfort,Indonesia,866
127,"Craig, Howard and Montoya",Kevin Murphy,(400)333-7522x96484,"25145 Castillo Radial
Maryborough, NH 84540",East Todd,Isle of Man,1816
128,Nelson LLC,Jeffrey Lewis,(497)408-1372,"2439 Gabriel Route
Antonioport, OK 52159",New Jorge,Kuwait,3837
129,Rhodes-Contreras,Christina Brown,-8190,"USCGC Wagner
FPO AA 40274",Jordanfurt,Honduras,1746
130,"Parker, Hoffman and Reynolds",Abigail Faulkner,+1-443-786-8250x8559,"97266 Jason Tunnel Apt. 572
Sanchezport, VT 54616",South Susan,Saint Lucia,3721
131,"Nelson, Thompson and Norman",Dawn King,(866)410-5149x61806,"887 Joseph Glen Suite 039
Christopherchester, RI 93205",Robertland,Denmark,2629
132,"Evans, Williams and Hoffman",Melissa Young,683-980-1693,"37793 Christopher Spring
East Sarah, AK 10564",Lewishaven,Serbia,797
133,White-Smith,Kevin Cox,413.336.3140,"31896 Lopez Village
East Cindytown, MH 32598",Lake Kerrifort,North Macedonia,1290
134,Ross-Johnston,Aimee Smith,691-576-5324,"715 Larry Stravenue
Torresville, DE 61475",Lake Hannahmouth,Algeria,4238
135,Webb PLC,Susan Anthony,3094380834,"60059 Gregory Square
New Jesusstad, HI 93745",Cruzstad,Cameroon,1117
136,"Melton, Henson and Davis",Jeffrey Elliott,001-342-383-2670x1167,"862 Harry Court Suite 386
Karenchester, NV 31153",East Georgeshire,French Southern Territories,1260
137,Webb LLC,Scott Campbell,+1-705-231-9841x05075,"84677 Jesse Parks Suite 679
Williamstown, OH 86359",North Debra,India,1863
138,Keller-Rivas,Jordan Morris,001-401-272-7279x732,"05112 Margaret Glens
South Paulafurt, ND 04568",New Candacestad,Antarctica (the territory South of 60 deg S),2730
139,Turner Group,Austin Harrison,001-847-811-7064x857,"USS Martin
FPO AA 07842",Rodgerstown,Gambia,2970
140,"Evans, Cohen and Case",Mary Martinez,9118456767,"PSC 9524, Box 9601
APO AA 05614",Port Cody,Jamaica,522
141,Rivera-Frederick,Dr. Peter Williams,(438)904-5347,"3209 Fields Row
New Joseph, OK 73328",Bowersstad,Russian Federation,3955
142,"Porter, Good and Bernard",Sherri Lee,+1-557-602-4093x9866,"442 Wright Point Apt. 565
Lake John, CA 72993",Stanleyfurt,Chad,517
143,Kennedy LLC,Sharon Rivas,606-420-1663x3401,"345 Teresa Mall Apt. 628
Whiteborough, ID 48268",Johnsonview,Ethiopia,607
144,Cox-Moran,Stacey Harding,644.621.1175,"4218 White Road Suite 638
West Charlesville, DE 53961",Karenburgh,United Arab Emirates,4848
145,Guerrero-Roberts,Sherry Ewing,(947)735-3998,"3007 Pacheco Green
Tinaland, AS 69842",Port Joshua,Turks and Caicos Islands,2787
146,"Thompson, Mcdaniel and Young",John Oneal,(645)831-0812,"Unit 3786 Box 2430
DPO AP 09808",Crystaltown,Jamaica,3433
147,Doyle-Garza,Alexander Lamb,+1-263-874-9121x879,"47159 Curtis Expressway Suite 023
South Bradleyview, WV 07408",South Frederick,Vanuatu,4847
148,"Weaver, Mccormick and Rivers",Cristina Anderson,(408)761-4984,"669 Wagner Green Apt. 001
Christopherview, DC 34237",Smithfort,Czech Republic,2657
149,Jackson-Thornton,Jenny Higgins,(895)528-5994x757,"PSC 7982, Box 9305
APO AA 65894",Andrewsside,Thailand,4553
150,Price Group,Eric Garrett,2596394815,"035 Harmon Well
New Michael, OH 83426",Montgomeryfurt,Jamaica,4343
151,"Smith, Williamson and Lewis",John Stark,6754121018,"4418 Nancy Curve
Michaelport, AR 66261",Tonibury,Gibraltar,1570
152,Brooks-Rogers,Margaret Ruiz,795.407.6557x374,"58467 Christopher Overpass
Kendraburgh, PR 63454",New Joshua,Poland,2069
153,Murphy-Martin,Jennifer Scott,001-699-202-0385,"415 Shelly Haven
South Anne, MD 62076",Jeffreyside,Guam,2889
154,Mann and Sons,Lisa Olson,001-235-629-4614x262,"06334 Jones Pine Suite 873
Thomasburgh, SD 50622",Wendyborough,Palestinian Territory,2380
155,Holt Inc,Michael Austin,616.503.3308x5441,"20931 Thomas Plaza Apt. 210
South Todd, VA 54659",Ayersmouth,Korea,3209
156,Castaneda LLC,Joy Collins,(545)790-3481x954,"02693 Watson Freeway
New Christineberg, ID 91091",East Denise,Turkey,4206
157,Harris Ltd,Andrea Dickson,855.907.0264x06260,"1448 Kim Coves
Haleyside, IA 96807",Donnamouth,Qatar,1537
158,"Chavez, Brown and Aguilar",Keith Bryan,(552)902-3589,"58284 Brittany Views
Mariastad, CO 50844",Colleenland,San Marino,2924
159,"Graves, Hill and Huff",Zachary Murillo,(845)923-9004x15242,"7018 Gill Rapid Suite 014
Hayeston, WA 81249",South Tracy,Senegal,1899
160,"Benton, Mckee and Paul",Melissa Brown,001-341-877-0734x603,"79921 Mcclure Keys Suite 527
Keithburgh, VT 66408",Port David,Monaco,958
161,Burns-Nolan,Brandon Kelly,3667881557,"616 Castro Prairie Suite 093
Villabury, MS 33384",Fowlermouth,Montenegro,1994
162,Edwards-Dominguez,Terry Robinson,001-456-732-2451,"92126 Singleton Inlet Suite 978
Aliciashire, WV 67015",Stevensonland,Montserrat,4949
163,Spears-Brown,Mark Green,669.422.5916,"74690 Tony Ford
Port Catherineshire, GU 66352",Sancheztown,Taiwan,3562
164,"Cox, Reed and Burnett",Richard Thompson,9637567357,"98410 Hobbs Villages Apt. 327
North Jeffery, DC 40941",Lake Sean,Tonga,4599
165,"Benitez, Clark and Leon",Nathaniel Cobb,(811)488-2038x06958,"11128 Steven Underpass Apt. 366
Longfurt, SD 94878",Timothyhaven,Barbados,2554
166,"Sanchez, Perry and Sweeney",Diana Smith,979.702.9403,"132 Singh Crossroad
Bentonmouth, MT 59696",New Crystalton,Suriname,1496
167,"Wright, Wood and Mason",Joy Jones,001-465-524-9489x185,"15149 Alexander Loop
Autumnbury, MO 95643",South Mercedesmouth,Isle of Man,72
168,Taylor-Barrera,Cesar Arroyo,001-661-595-4902x94849,"577 Boyer Club Apt. 886
Colleentown, WI 97074",Lake Patricialand,Qatar,331
169,Wheeler-Cortez,Kaylee Thomas,695.393.6019,"66185 Robert Squares Suite 807
North Elizabeth, AK 29794",New Shelby,Bolivia,3435
170,Moore PLC,Jennifer Woods,572.803.7344,"71905 Hopkins Islands Suite 439
Burnston, MD 34663",Cardenasborough,Netherlands Antilles,2690
171,Jones LLC,Abigail Shah,246-488-7305x88681,"92662 Nelson Park
Lake Antoniomouth, NC 07283",Alexisland,Slovakia (Slovak Republic),3926
172,Hughes-Collier,Julie Quinn,7016900738,"474 Megan Terrace
Port Audrey, AZ 73176",Danielville,Morocco,3897
173,"Stewart, Johnston and Jimenez",Briana Harris,3543284251,"Unit 9035 Box 9409
DPO AA 22265",Bryanburgh,Germany,4569
174,"West, Weber and Hoover",Michael Wolf,(238)887-6766,"34039 Pierce Place Suite 443
New Coryborough, MT 31803",Lake Katelyn,Papua New Guinea,963
175,Schultz Ltd,Michele White,001-363-582-0715x48185,"78605 Calderon Lodge
Snydershire, DC 92820",Port Arthur,Denmark,1200
176,Weeks PLC,Wendy Flores,840.958.9230x360,"92497 Nicholas Junctions Suite 136
Barbarachester, NJ 34417",Codyport,Germany,4826
177,Chavez and Sons,Nathan Kaufman,388-325-2699x0185,"673 Amy Key Apt. 576
Jillfort, AZ 85567",Brianchester,Sao Tome and Principe,4461
178,"Smith, Franklin and Harris",Wendy Villarreal,846.250.2758,"563 Melissa Tunnel Apt. 349
Devonmouth, NV 07526",Chrismouth,Saint Helena,859
179,Castaneda-Mays,Jennifer Nichols,8324427161,"747 Cummings Falls Apt. 703
Deniseview, NJ 73936",Goodwinburgh,Isle of Man,4099
180,"Davis, Ritter and Lopez",Leslie White,001-441-723-2806,"185 Peterson Harbors Apt. 892
Amberhaven, FM 31831",West Katieton,Tuvalu,4105
181,Reed and Sons,Tanner Moore,(967)835-4904,"8962 James Tunnel
Brianchester, HI 71266",Solomonmouth,Hungary,4769
182,Horne-Clark,Anthony Frazier,-3618,"3163 Allen Plaza
Paulville, NJ 21170",Ponceberg,Malaysia,3094
183,Young and Sons,Jennifer Franklin,247.349.1163x43031,"6228 Cox Island
Charlestown, ND 83818",Shawnfurt,Canada,1592
184,Jacobson LLC,Ryan Schultz,848.261.0660x02604,"9538 Regina Stravenue Suite 244
North Robertfort, ND 71849",Luisfort,Tunisia,1813
185,Charles and Sons,Jessica Brown,(642)238-9354,"072 Johnson Gardens
West Danielletown, MP 56291",Wallaceview,Mauritius,4329
186,Young-Walker,Bryan Gallagher,479-455-4129x824,"815 Brandon Radial
Dillonmouth, VI 51943",North Teresaburgh,Israel,2114
187,"Jordan, Cook and Williams",Anthony Doyle,001-724-291-3943x032,"4962 Ann Parkways
Kennethbury, NJ 84696",Kellyborough,Nepal,2231
188,"Vargas, Moore and Simon",Nancy Smith,508.464.1486,"505 Karen Groves
Guerreromouth, OR 04135",Davidberg,United States Minor Outlying Islands,2579
189,Owens and Sons,Lucas Webb,247-593-9117x1740,"8848 Rivera Oval Apt. 744
Sullivantown, NV 18208",South Nicholas,Azerbaijan,3929
190,York-Norton,Charles Grant,-10552,"43935 Richard Dam Suite 957
Brookschester, MT 73985",Staceyton,Cuba,3107
191,"Yang, Simmons and Morales",Julia Hernandez,+1-581-235-3764x2983,"95260 Lopez Rapid Suite 340
North Jonathanfort, MP 94847",Spencermouth,Faroe Islands,3176
192,"Burns, Powers and Pena",Amanda Hodges,+1-909-967-8194x565,"03405 Harris Locks Apt. 080
Lisafort, FM 41627",Weberview,Tuvalu,2839
193,Johnson Ltd,Renee Hurst,587.871.6991x65872,"04857 Cole Creek
South Mark, NJ 91496",New Marie,Micronesia,1806
194,Randall PLC,Carol Henry,-3781,"58553 Reeves Circle Suite 376
North Alyssa, MN 74620",Maddoxtown,Lithuania,4675
195,Graham PLC,Dawn Mckinney,744-800-0407,"06407 Moore Loop
East Jessica, NY 87234",Karaport,Cape Verde,1281
196,Bradshaw-Newton,Kevin Washington,001-792-951-9736x6547,"710 Lopez Radial
West Deborah, OR 07728",Steelefort,Kuwait,2058
197,Grant and Sons,April Reid,543.304.0256x0041,"7527 Samuel Drives Suite 971
Jordanmouth, AL 54297",Gregorymouth,Cayman Islands,3662
198,"Le, Rangel and Watts",Joshua Garcia,001-867-562-2702x5431,"464 Martinez Manor Apt. 467
Lake Bradley, IL 57627",South Heatherville,Ghana,4675
199,"Pope, Bell and Alvarado",Thomas Young,8979312206,"0532 Moore Run Apt. 694
West Jeffrey, GA 66112",Mcintyremouth,Mexico,4984
200,"Smith, Spencer and Jones",Kelly Mckay,732.713.6788x645,"1070 Wade Parks
West Tamaraburgh, RI 49453",New Raymondfort,Tuvalu,875
201,Roberts-Martinez,Timothy Willis,001-789-862-5869x263,"255 Michael Orchard Suite 519
South Natalie, KS 77566",Jefferyburgh,Korea,2197
202,Adams LLC,Felicia Lucas,+1-319-776-2134x61646,"3222 Leach Trail Suite 081
North Josephville, GA 76897",Jonesside,Mauritania,610
203,Williams-Larsen,Tracy King,248.212.6817x930,"8081 Smith Forge
Jennifertown, MA 04869",Lake Jenniferton,Guadeloupe,295
204,Pollard-Mckinney,Martin Le,+1-869-290-2131x16694,"46764 William Drive
Ashleeborough, MO 21301",South Lorettaview,Nigeria,1993
205,"Colon, Logan and Baker",Misty George,(660)892-0331,"1665 Jefferson Passage Apt. 304
Melissaport, IA 66208",Robertsville,Indonesia,732
206,Bell-Rice,Nathaniel Frederick,432-823-0724x87641,"955 King Plains
Wilsontown, UT 42825",New John,Turks and Caicos Islands,1518
207,Holmes LLC,Robert Ramirez,(478)285-9881,"6932 Beck Rapid Suite 276
East John, ND 31428",Port Grantmouth,Djibouti,4817
208,Martinez-Harris,Michele Key,478-602-2801x77106,"69447 Kimberly Shores
West Cody, FM 84719",Heatherland,Antarctica (the territory South of 60 deg S),2732
209,"Robinson, Dodson and Fitzgerald",Joseph Massey,001-367-390-6674x7720,"0838 Wright Mountain
South Andrew, CO 84703",Harrisonfort,Solomon Islands,440
210,"Mullins, Newman and Lopez",Tara Thomas,939-939-2242x57772,"502 Dominique Pike Suite 211
Aliciachester, AZ 30290",Lopezbury,Myanmar,1646
211,Dawson-Ferguson,Kathy Evans,6479598358,"9392 Allen Rue
East Vickimouth, ME 53886",Port Robertfort,Nauru,1230
212,Jenkins-Benitez,Kelly Mcguire,498.363.6139x59459,"723 Ali Center Apt. 947
South Tony, NE 18541",Leonardhaven,United States Virgin Islands,2060
213,"Gray, Rivas and Carter",Terri Humphrey,+1-379-617-8220x08100,"690 White Corner Suite 759
Danielshire, WI 99428",New Hollymouth,Bolivia,1003
214,"Terry, Lambert and Ballard",Aimee Reeves,+1-758-472-4227x4966,"51719 Moore Isle
East Deniseview, IL 31304",Jessechester,Kyrgyz Republic,3562
215,Lowe-Frazier,Mr. Steven Buchanan Jr.,001-658-275-0310x49791,"28061 Timothy Greens Suite 669
Wallview, NJ 20366",South Davidburgh,French Guiana,630
216,Richardson Group,Rhonda Patton,001-903-825-3695x2558,"078 Julie Shore Suite 283
Lisafurt, KY 95662",Curryland,Cocos (Keeling) Islands,1669
217,"Gray, Green and Wolfe",Christine Sullivan,619.562.7564,"519 Long Locks
North Bryan, MO 26827",Thomasville,Somalia,638
218,Howard Inc,Anthony Dixon,001-704-481-1353x7396,"598 Alexander Mountains
West Michaelhaven, OR 77148",South Christopherburgh,Puerto Rico,377
219,"Mora, Cruz and Cannon",Erika Padilla,(570)402-9331,"4602 John Trace
Charlesfort, NJ 11457",Lake Cathy,Bangladesh,3890
220,"Adams, Graves and Lucas",Kevin Hogan,001-717-965-5892x23552,"02282 Laura Knolls Apt. 878
Garciaborough, MI 78964",Evansburgh,Isle of Man,4715
221,"Beck, Jefferson and Porter",Michael Flores,228.931.0185x088,"0581 Luke Branch Apt. 088
Tuckerfort, AS 34579",Victorland,Namibia,1429
222,Griffin Ltd,Jessica Lee,(546)553-3347x7496,"USNS Moore
FPO AP 56914",New Danny,Uzbekistan,7
223,Cooper and Sons,Dylan Dunn,+1-273-645-0521x9405,"97962 Joseph Radial Suite 736
Smithside, WV 97688",Beverlyside,Bermuda,798
224,Potter-Washington,Jasmine Diaz,+1-978-385-8748x955,"4961 Sanchez Port Suite 257
Timfort, KY 31565",Bowmanland,Cambodia,3505
225,Romero PLC,Jacob Orr,991-589-8755,"000 Lawrence Island
Michaelville, NV 30662",Morrisstad,Finland,4512
226,Morris PLC,Danny Turner,(546)527-1239,"USS Hampton
FPO AA 44571",East Nathan,Somalia,4341
227,Mcdowell LLC,Kaitlyn Cantu,001-880-296-2821,"578 Kimberly Turnpike Suite 376
North Brianna, NJ 60224",New Danielle,Malaysia,3702
228,"Wright, Kim and Cruz",Jonathan Hudson,885.450.0445x0729,"USS Parks
FPO AE 58361",Lake Hunter,Zambia,3945
229,Sullivan and Sons,Christopher Roberts,305.394.1567,"98724 Spencer Stravenue Suite 088
Adrianmouth, VT 41844",Lake Andrea,Afghanistan,1574
230,Gonzalez-Myers,Karen Kim,295.807.0513,"12815 Kelley Plaza Suite 027
Jeffreyshire, FM 73474",North Keith,Saint Kitts and Nevis,4659
231,"Jackson, Miller and Kennedy",Aaron Mercado,001-539-808-5830x684,"7238 Coleman Shores
Williamsfurt, NJ 63513",Wendystad,Mongolia,1756
232,Cole-Sanchez,Rachel Roberts,4577725040,"85587 Jason Oval
Katelynfort, SC 20027",New Andrewport,Wallis and Futuna,2500
233,Smith LLC,Anthony Owens,001-749-831-6608x16115,"Unit 1340 Box 4750
DPO AE 05931",Matthewport,Antigua and Barbuda,535
234,"Spencer, Taylor and Sims",Shane Duncan,+1-806-549-4935x65803,"7224 Nguyen Pass Apt. 708
East Michael, WY 39401",West Joseph,North Macedonia,3841
235,"Mccoy, Mckinney and Morales",Lawrence Townsend,001-404-753-9804x8867,"961 Williams Prairie
Clarkfort, GU 02324",South Taraside,United States Minor Outlying Islands,4362
236,"Garcia, Barry and Hall",Elizabeth Morrison,+1-728-915-0164x54662,"3612 Powell Parkway
Fosterburgh, WY 99580",Sarahshire,Western Sahara,79
237,Freeman-Cox,Lynn Holland,+1-671-473-3157x160,"4716 Johnson Greens
Katiestad, HI 56880",Justinstad,Pitcairn Islands,694
238,"Mason, Chen and Greene",Nancy Mitchell,(941)891-3780x498,"373 Galvan Street
West Rachel, GU 62789",Smithfort,Finland,3077
239,"Lowe, Collins and Green",Debra Robles,(413)853-4255x56183,"84155 Megan Ports
Joshuaberg, VI 82870",Kendrafort,Guadeloupe,2925
240,Richardson PLC,Amy Conway,+1-282-407-2712x6334,"8132 Harrison Mission
East Eric, MT 16934",Westchester,Kazakhstan,4945
241,Hamilton-Mendez,Rebecca Heath,001-646-687-7492,"36757 Vanessa Village
Ortizview, VT 79607",Lake Markfurt,Pakistan,345
242,Merritt-Lucas,Cody Lee,(513)517-7905x3403,"180 Raymond Harbors Apt. 236
New Brian, DE 78749",New Allison,Puerto Rico,4095
243,"Rocha, Newman and Diaz",Brian Hill,+1-239-878-1573x41591,"623 Gomez Highway
Johnsonberg, MT 86093",Port Douglas,Tokelau,690
244,Arnold-Jacobs,Thomas Rogers,+1-682-261-3506x2108,"970 Taylor Ridges Apt. 099
Dayburgh, VI 55898",Barnesstad,Australia,3139
245,"Lewis, Tran and Farmer",Rhonda Cantu,940-373-7308,"PSC 3903, Box 9092
APO AE 07323",Meganfurt,Christmas Island,4505
246,Flynn-Olson,Victoria Walls,448.957.9888x9213,"2293 Derek Motorway
Port Mark, AZ 15198",Brittanybury,Mexico,2048
247,"Sampson, Orozco and Burns",Dorothy Davidson,686.845.9478x00792,"837 Ward Route Suite 045
New Trevor, AZ 02285",Adkinston,Nicaragua,3663
248,"Brown, Lopez and Wallace",Mark Miller,359.780.4333,"0101 Sullivan Course Apt. 352
Port Sharonburgh, HI 50730",Lake Ashleyland,Iceland,3863
249,"Hill, Hodges and Ross",Crystal Gray,608-723-1017x1719,"51995 Angela Rapid Apt. 056
Yatesbury, SC 47439",Port Robert,Czech Republic,752
250,George-Miller,Cynthia White,230-822-8671,"24923 Stephenson Mill Suite 414
West Thomasfort, MA 25620",East Jennifer,Tonga,2879
251,"Hanson, Montgomery and Huff",Megan Bailey,(315)987-8989x1683,"Unit 5111 Box 4241
DPO AE 38873",Virginiaport,Israel,1538
252,Robinson-Herman,Jill Leblanc,741.990.6695x4508,"40117 Andrade Corners
Johnsonville, IL 85730",North Daleberg,Korea,963
253,Patel Inc,Kelly Clayton,772-803-5796,"91542 Sharp Station
Tranberg, PR 38630",North Robertview,Costa Rica,1200
254,Farmer-Thompson,Michelle Kirby,447-454-6624,"642 Laura Manors
Richardbury, NC 78829",Coreymouth,Nicaragua,4826
255,Young Ltd,Fernando Brown,001-874-264-5331x64950,"13713 Davidson Summit Apt. 107
Lake Timothychester, OK 90219",Shawnfurt,Austria,4461
256,Grant PLC,Adam Rodriguez,+1-554-847-4733x43597,"16852 Copeland Club Suite 504
Port Annafort, AK 11328",New Markfurt,Moldova,859
257,"Horton, Adams and Smith",Caroline Smith,001-450-895-7928x1847,"3992 Jones Roads
North Candiceview, AZ 90940",Thompsonfort,Malaysia,4099
258,"Mcclain, Carr and Dixon",Nancy Douglas,(483)411-2179x5928,"56772 Smith Spurs
New Melissa, WV 56720",South Gregorymouth,Reunion,4105
259,Rubio LLC,Douglas Thompson,+1-473-223-5737x4214,"79374 Mike Pass
Jonesport, FL 45377",Port Elaineshire,Burkina Faso,4769
260,"Chung, Leon and Perez",Margaret Meadows,001-595-958-7799x36427,"38161 Brandy Corner Apt. 511
East Dianaton, CT 04352",Murphystad,Yemen,3094
261,"Williams, Oneill and Sullivan",Tina Collier,712-932-2232x0873,"91370 Hoffman Mill Apt. 792
East Stephanieville, NE 97573",East Nicholas,Austria,1592
262,"Smith, Cowan and Carlson",Jaime Weber,278-544-9883,"738 Cody Underpass Apt. 704
Randallport, MP 48505",Kylemouth,Togo,1813
263,Khan-Smith,David Kelly,+1-588-723-4811x8082,"847 Vargas Plaza
West Zachary, WA 46914",South Chad,Holy See (Vatican City State),4329
264,Carrillo-Garcia,Renee Young,001-307-306-6670x6331,"95530 Tracy Stream
Port Jameston, IN 64420",Deanmouth,Algeria,2114
265,Tucker Ltd,Alyssa Davis,-5773,"2474 Kenneth Points
Sarahbury, FL 47711",Brucechester,Western Sahara,2231
266,Davenport-Johnston,Gabriela Vance,(279)512-0720x9578,"81996 Ramirez Mews Suite 781
Bakerburgh, AZ 41735",Brianstad,United Kingdom,2579
267,Beltran LLC,Mary Barnes,209-220-1675x993,"140 Rojas Plain Apt. 670
Port Jonathanview, NE 47601",Apriltown,Australia,3929
268,Williams LLC,Edward Gutierrez,(749)876-8348x752,"6625 Henderson Corner
New Benjamin, NJ 79463",Joannaland,Madagascar,3107
269,Jackson Inc,Janet Thompson,+1-250-981-5959x04315,"4164 Avery Orchard
Humphreyville, SC 05726",Port Mackenzie,Reunion,3176
270,Martinez Group,Anthony Cox,(416)684-4469x6458,"832 Michelle Walks
Port Scott, DC 36133",Katrinaburgh,Slovakia (Slovak Republic),2839
271,"Ellis, Love and Werner",Scott Sexton,589-440-0946x5846,"878 Dawn Neck Apt. 767
Langshire, NJ 27472",Schmidtmouth,Egypt,1806
272,Gates-Bell,Sarah Gibson,(328)397-4767x66609,"64259 Daniel Mews Suite 085
Waltonmouth, MD 75888",North Courtneychester,Saint Martin,4675
273,Hogan Ltd,Megan Baird,204.447.7714x0577,"Unit 0155 Box 4494
DPO AE 84373",Stephenmouth,Bulgaria,1281
274,Price-Soto,Travis Adams DDS,255-757-6633x542,"07277 Allison Squares Apt. 769
Emilyside, NM 08390",Mckenzieburgh,Saint Pierre and Miquelon,2058
275,"Haas, Montoya and Johnson",Jeff Bishop,6275644829,"79616 Walker Park
Beckerview, DC 36964",Rodriguezport,Mongolia,3662
276,Willis Group,Michael Perkins,8723592501,"079 Jared Neck Apt. 081
East Karen, WA 40854",East Jasonfort,French Southern Territories,4675
277,Thompson Group,Michelle Chang,394-318-0169x599,"464 John Coves
New Steven, PA 12878",Ryanstad,Nauru,4984
278,Davis-Miller,Robert Mckenzie,001-405-596-6694,"83754 Alyssa Hills Suite 377
West Courtney, SC 43034",Lake Johnburgh,Tunisia,875
279,Wells-Taylor,Whitney Johnston,862-950-5532,"4837 Ralph Point
Farmerfort, OR 32035",Michelleland,Spain,2197
280,Wyatt Group,Jonathan Castillo,886.791.0407x6296,"57318 Donald Heights Apt. 410
Shaffershire, CA 18149",Johnbury,Korea,610
281,Mcneil and Sons,Jeffrey Leblanc,396-235-5019x3531,"456 Bridges Wells Apt. 370
Lake Heidiland, TN 91341",Hillborough,Bermuda,295
282,Ward-Lynn,Yvonne Smith,373-273-3970,"262 Margaret Plaza Apt. 240
South Chrishaven, MS 44362",Meghanshire,Japan,1993
283,Brown-Sexton,Bradley Clements,258.204.7118,"USNV Williams
FPO AA 98327",North Jasmine,Montserrat,732
284,Carr-Pruitt,Robin Russell,(876)893-4779,"8562 Kennedy Branch Suite 224
Hancockton, MS 77920",Elizabethhaven,Israel,1518
285,Deleon Group,David Rodriguez,227.371.1488x16058,"7082 Vasquez Plaza Suite 504
Jessicaland, MH 39691",Julieview,Seychelles,963
286,Goodman Group,Alicia Ryan,001-650-915-1378x626,"1698 Kenneth Well
South Theresaside, CO 58059",North Rubenland,United Arab Emirates,1200
287,Robinson-Ward,Michael Perez,001-276-961-0541x7150,"751 Adam Mission
Spencerburgh, NY 37718",Michaelchester,Bosnia and Herzegovina,4826
288,"Garrett, Mccall and Olson",Jeffrey Anderson,692-528-3491,"52725 Nichols Flat
Mckaymouth, PW 37252",New Ericaville,Chile,4461
289,"Townsend, Reed and Silva",Dustin Marshall,001-569-888-0122x56208,"802 Henry Shoals
Port Chadfurt, VI 85557",Lake Brandon,Palau,859
290,Higgins-Ellis,Jacob Rogers,(891)751-6761x662,"360 Kimberly Gardens Suite 873
Port Bruce, FL 23804",Morganstad,Aruba,4099
291,"Gamble, Mcintyre and Hughes",Lonnie Hansen,838.871.8341x000,"439 Stephanie Throughway Apt. 460
Lake Lisa, MP 85711",Smithside,New Caledonia,4105
292,"Phelps, Fuller and Clay",Keith Sweeney,275.790.4479,"47027 Ernest Motorway
Bakerville, ID 01075",West Samanthaton,Ukraine,4769
293,Jacobson PLC,Erin Henry,473-488-0842x7406,"2553 Alexander Square
New Michael, MD 48970",North Jacobburgh,El Salvador,3094
294,Miller-Owen,Kara Hodges,001-350-651-3918x41805,"074 Tiffany Street
Carloschester, OR 79630",East Leah,Cape Verde,1592
295,Russell-Weber,Janet Armstrong,001-447-738-7930,"060 Gutierrez Loop
South Christopherport, MP 16635",South Jamie,Tanzania,1813
296,Gilbert-Taylor,William Jones,866.794.3643,"45945 Arnold Crest
Anthonyside, OR 42393",West Patrickbury,Somalia,4329
297,"Hickman, Rodriguez and West",Karen Jenkins,530.523.0423,"96025 Cheryl Station
South Allen, AL 03679",Johnside,United States Virgin Islands,2114
298,Hickman-Patterson,Andrew Porter,(860)827-5789,"3738 Megan Trail
East James, PR 06158",Johnsonshire,Mauritius,2231
299,Phillips Group,Michael Cox,362.810.9863x67828,"06688 Nancy Estate Suite 904
West George, TX 35400",Morristown,Jamaica,2579
300,"Parsons, Byrd and Carlson",Dustin Wade,+1-679-270-3108x083,"448 Pierce Cape Suite 833
Robertmouth, ND 49934",Moonberg,Iceland,3929
301,White and Sons,Zachary Watts,(266)540-5997x43087,"537 David Street
Johnsonland, MA 42448",Fernandezville,Dominica,3107
302,"Gross, Gonzalez and Miller",Valerie Wilson,956.424.7994x4331,"9766 Antonio Inlet
South Abigailfurt, KS 02277",West Scottport,Ireland,3176
303,Taylor-Greene,Kayla Stewart,(452)255-4245x86672,"Unit 2267 Box 9406
DPO AP 03577",West Veronicaview,Bosnia and Herzegovina,2839
304,Black Group,Tanya Hawkins,+1-788-633-9238x98622,"96610 Michael Landing Suite 480
Jamesland, VT 40531",South Dustin,Djibouti,1806
305,"Diaz, Holland and Johnson",Brittany Patterson,360-896-1490x9100,"5430 Cody Path Suite 627
Michelleburgh, AS 01057",Henryberg,Guam,4675
306,"Leonard, Duncan and Peck",Timothy Gonzalez,832.316.6569x1070,"34025 Stephanie Lodge Suite 227
Odonnellview, IA 41147",Kathrynchester,Guadeloupe,1281
307,Lowery Ltd,Heather Boone,447.774.1160,"88755 Leblanc Port Apt. 041
Nicoleburgh, WY 69892",Port Jeremy,Sri Lanka,2058
308,Ross LLC,Alicia Hopkins,+1-729-977-4443x3294,"404 Hahn Curve Suite 649
Hernandezhaven, IL 87204",Curtistown,Ireland,3662
309,Burton-Sparks,Alison Carlson,884.642.9829x931,"265 Horne Mountains
Port Katieport, NC 78113",North Matthewstad,Latvia,4675
310,"Berry, Davis and Wang",Natalie Perez,+1-256-851-2343x44070,"39594 Marcus Mission
Melodytown, WA 62443",Lake Jessica,British Virgin Islands,4984
311,Mills Inc,Rebecca White,921-981-5447x8893,"0709 Arroyo Stravenue
Lake Richardberg, MS 88152",East Scott,Christmas Island,875
312,Reeves-Russo,Christina Simmons,520.979.8047x078,"5239 Houston Fields Suite 918
Michaelview, CT 89480",New Robin,Korea,2197
313,"Zamora, Hernandez and Martin",Natalie Smith,(751)759-9527x47871,"17931 Danielle Viaduct
Riverafurt, FM 08833",Currymouth,Hong Kong,610
314,Mccoy-Thomas,Rebecca Hartman,(978)264-9958,"25380 Lee Ridges Apt. 537
Andersenborough, GA 96207",Schultzburgh,Russian Federation,295
315,Mitchell-Kirby,Cody Foster,297.953.1152x43872,"144 Valdez Grove
New Jasminefurt, TN 35912",Tanyashire,Senegal,1993
316,"Cruz, Schultz and Caldwell",Abigail Andrews,001-927-271-5736x850,"251 Kristy Fields
Lake Amandamouth, DC 02983",Kellyville,Falkland Islands (Malvinas),732
317,Poole-Brooks,Thomas Harvey,(476)801-5043x4010,"6475 Richard Vista Suite 573
New Dawn, NJ 39935",Port Briantown,Jersey,1518
318,"Nguyen, Smith and Goodwin",Daisy Brown,562-214-7061x6537,"89078 Cynthia Village Suite 293
New Leahfurt, DE 46588",South Danielton,Jersey,4817
319,Martinez-Munoz,Ryan Stevens,690-841-1797x79631,"087 Gilbert Views Apt. 229
North William, WV 64737",Jennifermouth,Thailand,2732
320,"Ryan, Escobar and Hernandez",Jordan Howell,368.762.7482x30097,"501 Melissa Unions Apt. 672
North Maryfurt, NV 96429",West Andrewburgh,United States of America,440
321,"White, Carter and Collier",Lee Gallegos,437-516-5094,"637 Laura Crest Apt. 518
Lake Johnshire, AS 03572",West Raventon,Gabon,1646
322,Gross-Campbell,Randy Fleming,-5175,"Unit 1926 Box 8900
DPO AP 66106",Bernardton,Northern Mariana Islands,1230
323,Serrano-Mills,Sandra Parker,666-461-1772,"Unit 6708 Box 0585
DPO AP 20630",Yolandatown,Equatorial Guinea,2060
324,"Holland, Washington and Sutton",Erica Washington,700-830-3151x8617,"494 Barnes Rue
New Josephstad, VI 66830",East Wendy,Belarus,1003
325,"Armstrong, Miller and Taylor",Jennifer Lewis,+1-822-477-7085x942,"543 Scott Turnpike Apt. 138
North Davidmouth, NJ 53637",Kimberlystad,Trinidad and Tobago,3562
326,Clark PLC,Heidi Richardson,923.575.0839,"52324 John Drive Apt. 395
Moodychester, MD 57802",New Adam,Congo,630
327,Brooks Inc,David Vazquez,001-858-404-8294x07828,"729 Michelle Summit Suite 062
Mistymouth, VA 29020",Smithton,Heard Island and McDonald Islands,1669
328,Ryan-Mckenzie,Charles Harris,001-216-575-0115x327,"7756 Lewis Oval
East Vanessashire, OR 70903",Smithtown,Tokelau,638
329,"Maddox, Cook and Wagner",Lauren Rodgers,522-939-6575,"4512 Mcintosh Drives Apt. 208
Port Juan, MT 34106",Laurenberg,Namibia,377
330,"Mcdaniel, Hughes and Clark",Benjamin Byrd,(506)499-3994x5106,"2986 Kevin Ferry
Hunterfort, WY 14369",East Robertborough,North Macedonia,3890
331,Ward PLC,Troy Campos,(550)796-9412,"888 Farmer Pine
North Nicoletown, NH 13537",Caitlinburgh,United States Virgin Islands,4715
332,Padilla Inc,William Dixon,958.984.4437x21326,"319 Gabriella Parkways
Port Kevinhaven, MH 39434",North Kellie,Latvia,1429
333,"Schmitt, Rivera and Wise",Rachel Thompson,-9465,"12659 Parker Avenue
North David, IL 14511",North Tracy,Brazil,7
334,Buchanan-Smith,David Taylor,688-381-1859x20630,"2618 Alec Key
North Sarah, AK 09603",Guzmanburgh,Saudi Arabia,798
335,Brown-Sanders,Brittney Daniels,3136702098,"9613 Johnson Mountain Suite 272
Lake Juliastad, AR 91741",South Jillborough,Portugal,3505
336,"Clay, Bell and Allen",Alexander Blevins,001-926-525-1049x461,"151 Jeffrey Crossroad Apt. 967
North Michelle, OR 20139",Theresafort,Georgia,4512
337,Little and Sons,Mark Barnes,333-790-3638x57433,"008 Garcia Divide
Freemanton, CO 94003",Russellbury,Oman,4341
338,Adams LLC,Ronald Smith,001-245-358-4642,"32016 Garcia Pike
South Julieville, PR 64281",Antoniomouth,British Indian Ocean Territory (Chagos Archipelago),3702
339,"Lane, Martin and Briggs",Mark Lang,861-962-2843x965,"20487 Pamela Village
South Krista, MA 30317",Tonyport,Benin,3945
340,Carter-Thomas,Shannon Harrison,+1-297-245-3145x95508,"9547 Terri Manors
Derekmouth, UT 18719",Jamesland,Argentina,1574
341,"Johnson, Meyer and Moore",Matthew Wilson,001-964-270-2360x741,"25255 Donna Common
West Julia, NV 55716",East Amy,United States of America,4659
342,"Reed, Howe and Vasquez",Andre Price,590.558.4828x173,"108 Laurie Manors Suite 612
Port Maryfurt, LA 51155",Jenniferfort,Honduras,1756
343,Ford-Velasquez,Gary Williams,250-414-3999x257,"28551 Allen Springs
West Frances, FL 01969",East Sheila,Peru,2500
344,"Weaver, Ortiz and Wall",Phillip Martinez,001-780-552-8390,"3083 Jeremy Pine Suite 016
Marshallfurt, OR 19155",New Michelleville,Saint Pierre and Miquelon,535
345,Murphy Group,Lauren Johnson,(974)845-4069x143,"15567 Franklin Rapid Suite 929
Whitechester, IN 22005",Robinsonview,Yemen,3841
346,Burns Inc,Scott Gilbert,001-505-666-5141,"8329 Cruz Square Apt. 605
New Dakotatown, GA 89722",Jacobbury,Japan,4362
347,"Allen, Wright and Stanley",Joseph Jones,384-834-1357,"1114 James Extension
South Jamiemouth, ND 63609",Lake Maurice,British Indian Ocean Territory (Chagos Archipelago),79
348,Summers-Morris,Timothy Pitts,531.916.8859x266,"88943 Brandon Hills
Thomasville, MO 49459",Smithhaven,Australia,694
349,"Sparks, Baker and Jones",Amanda Dodson,(344)962-8826,"87363 Jose Fields Apt. 813
Bartlettberg, OR 97249",New Julie,Albania,3077
350,Morgan-Santos,Steven Warren,001-934-591-1647x6492,"133 Banks Square Apt. 781
West Michaelborough, TN 76475",West Haley,Martinique,2925
351,Johnson and Sons,James Brown,8332841787,"9072 Gentry Spur Suite 881
West Heatherbury, OR 12045",Castilloland,China,4945
352,"Dixon, Sanchez and Lynch",Matthew Murphy,+1-793-508-2278x1469,"9823 Brad Expressway
Lisachester, CT 89514",West Ryanburgh,Djibouti,345
353,Roth Group,Mr. Michael Ramirez MD,341-428-0447,"2487 Gordon Lodge
East Lisa, ND 85244",Parkfort,Vanuatu,4095
354,Pratt and Sons,Judy Russell,001-863-795-1368x990,"69843 Sullivan Station Apt. 375
Normanhaven, KY 46840",West Timothy,Liberia,2421
355,"Crawford, Warren and Hart",Destiny Morgan,461.588.3744,"42445 Ian Village Suite 702
South Lisaburgh, RI 44130",South Katherinetown,Djibouti,3208
356,Le-Clark,Eddie Walker,704.737.4126x98086,"619 Hardin Alley
Charleshaven, IL 82374",Lake Christopher,Brunei Darussalam,2775
357,"Torres, Jackson and Ruiz",Earl Howard,6168575557,"107 Kristen Lock
Port Pamelamouth, NJ 28049",Darrellshire,Iraq,1588
358,Maxwell Ltd,James Wilson,+1-915-331-7660x24456,"36975 Cook Turnpike Suite 460
Hawkinsview, WI 24180",Smithborough,Dominica,963
359,"Payne, Hess and Collins",Tiffany Chapman,(208)518-7588x0414,"8745 Devin Summit
Martinezshire, FM 32106",Salazarburgh,Cayman Islands,1200
360,"Newton, Lawson and Suarez",Melissa Phillips,221-234-5579,"6872 Brian Row Apt. 657
South Heidi, SD 89762",Danielton,Finland,4826
361,Young Group,Troy Barajas,+1-359-832-2496x737,"9120 Cook Skyway Apt. 289
Rachelborough, OH 97070",South Mary,Kiribati,4461
362,Duncan-Blanchard,James Tucker,001-588-368-9969x08786,"Unit 4183 Box 5909
DPO AA 80442",Lake Juanport,Eritrea,859
363,Ramirez-Ellis,Jack Nelson,001-927-686-1095x4728,"PSC 7519, Box 3914
APO AA 01456",South Amy,Monaco,4099
364,Perez Group,Linda Norris,+1-508-458-7770x75013,"Unit 6797 Box 4631
DPO AA 63728",New Richardchester,Ireland,4105
365,"Gonzales, Hubbard and Rose",Steven Pope,001-886-638-1303x26249,"6549 Chavez Tunnel Suite 364
Tamarabury, GU 34148",Justinberg,Botswana,4769
366,"Marshall, Jackson and Stein",Sarah Haynes,893.748.2800x92053,"8696 Benjamin Common Apt. 331
Deanport, AL 36202",West Danamouth,Malaysia,3094
367,"Adams, Solis and Murray",Vanessa Davis,(877)693-3335,"PSC 0184, Box 4576
APO AA 11507",Meltonburgh,Turks and Caicos Islands,1592
368,"Randall, Sloan and Wise",Jason Jones,718.441.7326,"5461 Loretta Union Apt. 384
Gibsonburgh, NE 34620",Emilyland,Tunisia,1813
369,"Harding, Molina and Williamson",Katrina Guzman,935-335-4256x2860,"475 John Track
Kimmouth, TX 36311",New Mollymouth,Andorra,4329
370,Hale-Nichols,Mckenzie Williams,(354)365-1206x906,"737 Mark Turnpike Apt. 315
Nicholasbury, WV 78611",Josephberg,Mexico,2114
371,Watts LLC,Amy Fritz,001-231-295-0787x30539,"329 Nichole Divide Apt. 555
Sheilafurt, GU 19856",Catherinestad,Hungary,2231
372,Quinn-Ramos,Sandra Patrick,+1-739-994-3109x518,"095 White Ways
New Sean, ID 02089",New Carriechester,Suriname,2579
373,Welch-Chapman,Kelly Powell,+1-907-345-6256x7032,"USCGC Kelly
FPO AA 43520",Port Bethanyton,Papua New Guinea,3929
374,Johnson LLC,Mary Martinez,669-907-4390x648,"Unit 3920 Box 2444
DPO AE 89900",Youngville,Montserrat,3107
375,Miller-Weaver,Megan Martinez,(603)467-2916,"PSC 1666, Box 4710
APO AA 91514",West Ian,Guam,3176
376,Richardson-Hinton,Kimberly Rodriguez,+1-230-201-6183x21529,"1664 Stacy Plaza Suite 042
North Raymond, DC 28322",Port Vickie,Hong Kong,2839
377,"King, Campbell and Wilson",Richard Brown,337.278.8921x418,"084 Oliver Village
Lake Danielville, NH 08490",Katrinaview,Lao People's Democratic Republic,1806
378,"Kane, Patterson and Rivera",Jordan Diaz,001-903-336-7594,"999 Julia Orchard
Amberfurt, MD 21765",Port Bradley,Albania,4675
379,Stewart-Lewis,Daniel Baker,-1715,"3964 Stacy Fords Apt. 511
Nashberg, GU 83686",North James,Sudan,1281
380,Hunter-Davis,Casey Price,830.380.4808,"044 Brian Island Suite 721
East Seanfurt, NC 14355",New Alyssaville,Thailand,2058
381,"Wiggins, Kidd and Mccullough",Susan Anderson,826-673-7110x70686,"47359 Patterson Port Suite 374
West Gerald, NH 58730",Ryanshire,Northern Mariana Islands,3662
382,"Henry, Olson and Molina",Laura Davis,+1-260-932-3701x4095,"1996 Donald Centers
Tonyfort, FL 44644",Jonesland,Guyana,4675
383,"Oconnell, Franklin and Thornton",Lori Hall,001-884-816-2906x28815,"98051 Jose Flats
Lisaborough, MT 33226",Ryanton,Puerto Rico,4984
384,"Jimenez, Gilbert and Ellison",Danielle Freeman,841-667-6218x7430,"326 Jessica Pike
Johnsonburgh, OR 44488",South Emilyside,Russian Federation,875
385,"Williams, Collins and Baker",Jamie Kim,931.825.8128,"Unit 3404 Box 1974
DPO AA 61791",Petersonburgh,Thailand,2197
386,Turner PLC,Robert Bentley,369-521-7517,"845 Day Burgs
Adriantown, MI 58123",Feliciahaven,Zimbabwe,610
387,Washington Group,Joe Evans,583.512.7607,"224 Martinez Views Apt. 603
Lindsayport, CT 64359",Gravesstad,Georgia,295
388,Rodriguez-Green,Ralph Rios,5147739129,"012 Wells Dale Suite 715
Hollandmouth, ID 79350",Port Brittanymouth,Finland,1993
389,Freeman-Kent,Thomas Smith,608.392.2906,"8402 Steven Glen Suite 265
Burchhaven, AL 22599",New Natalie,Ghana,732
390,White-Gutierrez,Ms. Holly Stephens,+1-418-888-0030x05378,"220 Alejandro Cliffs Apt. 816
East Jamie, VT 77875",Grayfurt,Chad,1518
391,Diaz Inc,William Jones,001-480-670-2729,"863 Medina Walk
West Brandy, VT 51677",New Brandi,Ukraine,4817
392,"Wilkins, Freeman and Pena",Heather Davis,+1-523-635-5885x728,"891 Miller Rapid
West Manuelside, NM 48431",North Helen,Canada,2732
393,"Ortiz, Nelson and Richards",Amy Clarke,+1-394-616-7952x02798,"118 Thomas Estates Suite 584
Nelsonview, AZ 06282",South Ivan,United States Minor Outlying Islands,440
394,"Cordova, Reed and Fernandez",Stephen Douglas,9086057019,"5292 Cooper Viaduct Suite 680
Rogertown, AL 14124",Heatherside,Bouvet Island (Bouvetoya),1646
395,Deleon Group,Denise Lopez,+1-447-600-2519x067,"95772 Patel Oval Suite 763
Lake Amandamouth, NV 17806",New Codyton,Argentina,1230
396,"Vazquez, Butler and Adams",Mark Leonard,504.520.2230x59757,"Unit 6828 Box 7657
DPO AA 95877",Michaelmouth,Malawi,2060
397,Grant-Shepard,Heather Hardy,(264)287-8264x87130,"6453 Justin Road Suite 294
Keithtown, LA 16002",Nathanmouth,Papua New Guinea,1003
398,"Cruz, Hubbard and Olson",Theodore Banks,781-796-1387,"29813 Nicole Rue Apt. 419
Boonemouth, VA 11920",New Adamville,Rwanda,3562
399,"Bennett, Terry and Murray",Cheryl Williams,589-809-8592x714,"4934 Myers Path Apt. 861
Welchland, UT 69503",Trujillofurt,Gambia,630
400,"Stewart, Craig and Fernandez",Richard Perry,721-979-0053x12605,"845 Medina Mills
Berrystad, OK 12831",South Zachary,Denmark,1669
401,Crawford and Sons,Daniel Harrington,001-535-494-1234x592,"245 Copeland Club
Port Patrickburgh, AS 92179",Nelsonborough,Grenada,638
402,Lozano LLC,Kayla Jenkins,(470)323-1740,"76344 Jared Springs Suite 026
East Jenny, MO 36903",Lake Richardburgh,Nauru,377
403,"Beck, Simpson and Cain",Brandon Griffith,743-251-7236,"526 Cynthia Terrace Apt. 354
Hernandezburgh, KS 05158",Sarastad,Spain,3890
404,Williams Group,Tonya Holder,+1-600-245-8927x523,"6833 Diaz Knolls
Allenstad, OR 73221",New Kaylaside,Eritrea,4715
405,Salazar Group,Richard Riley,9054573380,"94044 Wilkerson Land Apt. 175
West Robertfurt, MI 42868",Lake Raymondside,Venezuela,1429
406,Dillon-Crawford,Michelle Anderson,824.520.4300,"69713 Blake Junctions
Port Emilyland, PR 39982",Port Brandon,Taiwan,7
407,Kelley Inc,Charles Moore,(614)502-4542x24922,"200 Colin Curve
Foxburgh, ND 86915",West Eileen,Grenada,798
408,Davidson Group,Michelle Hall,629.656.1762,"4089 Ellis Lake Apt. 614
New Jaimemouth, AZ 78805",South Johnbury,Honduras,3505
409,Anderson and Sons,Mikayla Cook,926.917.3629x2459,"243 Caleb Meadows
New Ernest, HI 21553",East Alexa,Solomon Islands,4512
410,Gonzalez LLC,Christopher Morgan,6626709401,"2292 Shepherd Loaf Suite 089
New Jasmin, MH 91902",Austinchester,United States of America,4341
411,Benson PLC,Christina Best,715-335-8338x789,"3094 Hoffman Lake
Brianburgh, MI 63022",East Hunter,Qatar,3702
412,"Lee, Smith and Smith",Stephen Grant,+1-648-546-7475x291,"0869 Elizabeth Dam Suite 025
Lake Felicia, AS 83750",Patriciaville,South Africa,3945
413,Reese Inc,Shelly Kelly,(724)812-6676x80940,"36424 Wolf Stravenue
North Russell, KY 95720",East Tiffany,North Macedonia,1574
414,Phillips and Sons,Anthony Wade,001-537-215-2431x09156,"12252 Hill Mills Suite 787
South Samuelfurt, LA 37438",New Robert,Vietnam,4659
415,Johnson Ltd,Julia Miller,7108124480,"11874 Anthony Glens Apt. 007
Lake James, CA 96441",Samanthaburgh,Antarctica (the territory South of 60 deg S),1756
416,Carroll-Clark,Jennifer Brown,712-210-7043x105,"887 Williams Mall Apt. 675
West Darrenhaven, IN 45794",West Richardshire,Guernsey,2500
417,Adams and Sons,Kara Jennings,353-386-1151,"PSC 6271, Box 4359
APO AE 35005",North Philipchester,Greece,535
418,Welch Ltd,Chelsea Stewart,210.973.7122,"452 House Plaza
Ballton, WA 80416",Craigberg,Ghana,3841
419,Hess Group,Michael Livingston,001-299-331-9140,"192 Zachary Mission Suite 159
Cindystad, KS 83852",West Jasmine,Swaziland,4362
420,Hernandez Group,Christopher Sanchez,001-469-466-4811x051,"43067 Jimenez Path Apt. 677
North Trevorhaven, UT 18163",Susanhaven,New Zealand,79
421,Schultz Inc,Shannon Robinson,001-815-479-2082x3661,"95126 Brown Springs Suite 961
Port Tamaraside, KY 00716",New Anthony,Montenegro,694
422,Barrett Ltd,Karen Villanueva,760.286.3339,"760 Gomez Pine Apt. 050
New Jefferychester, SC 82014",West Brandon,Russian Federation,3077
423,"Gill, Gallegos and Bell",Jacqueline Jordan,241-799-4124x3616,"990 Ross Prairie
Port Crystalville, WA 41198",South Trevor,Estonia,2925
424,"Smith, Anderson and Dougherty",Douglas Bass,001-911-776-7550x043,"157 Newman Shores
East Christine, AR 94373",Port Angelica,Argentina,4945
425,Arroyo Inc,Jon Peters,656.575.3515x347,"0812 Stephen Cape
East Travisland, PR 00780",North Johnberg,Spain,345
426,Shaw and Sons,Brent Mack,7993097578,"90764 Adams Rapid Apt. 439
Juliefurt, VT 10317",Benjaminberg,Brunei Darussalam,4095
427,"Jackson, Owens and Larsen",Jeffrey Smith,402-360-2846x559,"8864 Melissa Skyway Suite 453
New Bradbury, ND 39040",Jenkinsport,Gabon,4186
428,Walker-Moran,Michael Alexander,560.990.8575,"3183 White Ports Apt. 024
Lake Tony, WY 45313",Port James,Iran,3152
429,"Sampson, Miller and Jones",Toni Rodriguez,(976)408-9601x06658,"565 Karla Forge
Johnton, SC 86881",Jennifermouth,Andorra,4578
430,"Hall, Andrews and Ross",Susan Francis,(869)708-1449x8602,"Unit 2831 Box 5307
DPO AE 61619",New Bradport,Romania,3552
431,"Horton, Black and Acevedo",Antonio Page,+1-633-345-1298x2945,"8814 Mullins Station
Duanestad, AK 60513",Jeffreyberg,Aruba,3670
432,Larson Ltd,Michael Brown,567.875.5005x35760,"61424 Campbell Knolls
Port Ryanbury, FL 81217",Samuelland,Norway,3098
433,Romero-Hammond,Brooke Lyons,+1-936-548-5178x2757,"46017 Cannon Ranch Suite 400
Port Jessicaberg, MD 54544",Port Erica,Vanuatu,1766
434,"Pena, Simmons and Martinez",Lori Brandt,777.365.4023x4714,"0282 Cardenas Union Suite 529
Lake Nicholas, MN 51421",South Mitchell,El Salvador,1150
435,Craig-Green,Eric Walters,293.697.5955x36422,"4765 Cheryl Trafficway Apt. 187
Bartonburgh, MP 58995",West Miahaven,Mauritius,4613
436,Conway-Thomas,Joanne York,(783)644-3029x973,"0294 Kevin Manors
Parkside, SC 82003",New Jenniferfurt,Cook Islands,4906
437,Hurley-Thompson,Jeffrey Marshall,757-887-3781,"17367 Jimmy Pines Suite 314
Lake Danielleborough, MH 10379",South Ronaldville,Jamaica,500
438,Collins Ltd,Lisa Gardner,001-496-476-2182x2479,"867 Valerie Motorway Apt. 671
Aprilshire, MI 60827",West Stephen,Heard Island and McDonald Islands,3510
439,"Thompson, Frye and Barajas",Amy Bright,+1-934-313-7345x424,"USNV Liu
FPO AP 24839",North Angela,Sweden,2351
440,"Cook, Wallace and Casey",Joanne Johnson,576.593.1316x453,"55035 John Street Apt. 101
West Stacy, UT 53388",Murphyland,French Guiana,3062
441,"Chapman, Jacobs and Sweeney",Nicole Ruiz,517.405.6825,"54563 Golden Ridges Apt. 686
South Cynthia, MP 39861",Jennifershire,Madagascar,1832
442,Johnson Group,Cheyenne Anderson,(473)392-0604x29429,"7435 Ryan Shore
Weaverburgh, AR 75978",New Timothy,Tunisia,2682
443,Davis Inc,Chris Vargas,339.890.1505x95476,"680 Benjamin Stream
North Michellemouth, TX 91856",Mollyhaven,Andorra,3492
444,Lara and Sons,Sean Hill,360.357.4321,"PSC 5495, Box 9929
APO AE 99929",Larsonville,Nepal,2114
445,Kirby-Haney,Mary Guzman,436-241-7659,"PSC 5948, Box 3609
APO AE 10269",Summerstown,Botswana,3331
446,Peterson Ltd,Patrick Smith,(243)894-5349x7320,"3530 Robinson Underpass
Tammyburgh, ME 89257",Port Laurenfort,Aruba,4669
447,Jenkins-Arnold,Erica Jarvis,669-332-4057,"3910 William Trail
Lake Randyfurt, NM 58252",New Michellestad,Cape Verde,2286
448,Haas LLC,Sarah Gray,001-404-739-4290x088,"8398 James Burg Apt. 773
East Brettside, WY 73241",Bradleyport,Maldives,4767
449,Harris-Brown,Jimmy Arnold,240.395.1405,"617 Aaron Harbor
Kevinville, VA 97628",Lake James,El Salvador,1882
450,"Schaefer, Smith and Hardy",Gabriel Flores,696.325.5614,"USCGC Brown
FPO AE 80737",Lake David,Grenada,2203
451,Chapman Inc,Jeffrey Rodriguez PhD,383-824-0965x2612,"948 Sabrina Vista Apt. 011
Lake Jamie, UT 03506",South Shawnfurt,Guadeloupe,598
452,Garrett-Price,David Walker,001-236-984-1434x4622,"3890 Cross Land
New Kathrynview, GA 69275",South Amyfurt,Cape Verde,3777
453,Cisneros-Vasquez,Michael Henry,741.705.9157x981,"552 Scott Road Suite 221
Gonzalezside, ME 19054",Kimberlyfort,Vanuatu,4271
454,"Santiago, Knight and Brown",Steven Williamson,+1-372-565-1342x0457,"2530 Bruce Dam Suite 130
North Danielland, LA 56113",Marissaburgh,Belize,490
455,Wright-May,Shelly Johnson,(959)822-7702x604,"987 Michael Skyway Suite 411
West Alexis, NV 91070",Hartmanfurt,Korea,1941
456,Haynes Ltd,Daniel Jenkins,2077119475,"11270 Thomas Squares
Sarahbury, IA 85559",East Kathryn,Belize,2053
457,Hall-Rodriguez,Tiffany Reynolds,(797)344-6970x7119,"7872 Brandi Flat
Wilsonstad, NC 53015",East Richardberg,Cote d'Ivoire,4401
458,Berg-Ramsey,Robert Medina,269-737-1478x7508,"117 Chen Harbors Apt. 027
Kimview, GA 36700",Sharonmouth,New Caledonia,2529
459,Sullivan Group,Donna Ryan,(571)618-8161x8277,"9678 Brooks Crossroad Suite 331
West Robertmouth, PR 37843",Port Jasonmouth,Falkland Islands (Malvinas),3346
460,"Saunders, Schultz and Cooper",Jesus Roman,001-379-907-7045x5300,"27259 Daniel Falls Suite 672
Brianstad, MA 85138",West Melissa,Bosnia and Herzegovina,3724
461,Harrison-Walters,Frank Leblanc,(442)243-7428x2202,"4960 Martin Junctions
Lake Bryan, MP 90490",Lake Joshuamouth,Italy,2538
462,Dean Group,Jessica Brooks,5934219569,"5069 Lozano Crescent
Rosehaven, KS 36222",Davidfurt,El Salvador,320
463,"Meadows, Jones and Whitehead",Andrew Oneal,(208)896-7604,"51751 Kennedy Turnpike
New Ricky, MA 69053",Gomezland,Zambia,3809
464,Shelton-Lewis,Cassie Simpson,4439107722,"936 Randolph Expressway Suite 017
Rollinsfort, TN 69941",Moseshaven,Serbia,1065
465,"Brown, Garcia and Drake",Gregory Mcdaniel,001-923-983-5223,"8063 Joseph Plaza Suite 846
West Meganburgh, MT 14241",Ramseystad,Greece,3427
466,"Collins, Mcdonald and Wright",Laura Brown,846-316-9047,"544 Brenda Cape Suite 377
East Christinechester, NH 04810",Alexmouth,Isle of Man,512
467,Young Group,Veronica Hill,+1-745-860-4851x19906,"67911 Lisa Pass
Danielstad, PA 93748",Lake Shawn,South Africa,1669
468,"Jones, Carlson and Raymond",Bianca Charles,(953)884-1875,"7224 Pittman Viaduct Apt. 660
Richardsborough, IA 87387",Brandonborough,Saint Martin,638
469,Kennedy and Sons,Mark Bell,+1-792-866-8668x0807,"02275 Christina Square
Hopkinstown, KY 62149",New Ericton,Dominica,377
470,Chavez Inc,Michael Robinson,647.727.9392x2689,"2933 Simon Well Apt. 240
Thompsonhaven, CO 81380",Cherylville,Norfolk Island,3890
471,"Butler, Jones and Mason",Katie Potter,+1-488-604-0933x627,"27594 Peter Fort Apt. 722
North Lauren, MI 31710",West Brent,Bhutan,4715
472,Montgomery-Lane,Charlene Randolph,445.611.6516x086,"33966 Stacy Junctions Suite 529
Fosterport, PW 63271",Lake Claytonland,Croatia,1429
473,Barrett Group,Norman Wilson,001-718-346-5506x369,"Unit 7655 Box 9991
DPO AP 50189",Richardsfurt,Bahamas,7
474,"White, Gonzalez and Hill",Michael Mcguire,(314)837-0434x249,"77744 Herbert Courts
Lake Kevin, SD 14619",Leehaven,Bermuda,798
475,"Oconnor, Pham and Johnston",Dawn Harris,551.502.9583x850,"45351 Louis Meadow
Lake Jenna, IN 09078",Mccartyland,Uganda,3505
476,Hall-Drake,Debbie Fuller,001-454-433-8254x176,"945 Glenn Passage
Michaelville, TX 73463",Berryville,Saudi Arabia,4512
477,"Beck, Palmer and Miller",Jackie Carter,+1-831-345-3651x338,"4616 Ruben Branch Suite 433
Flemingfort, WV 88082",South Terrence,Brunei Darussalam,4341
478,Haynes-Webb,Paul Dickerson,812.917.8940,"2041 Jackson Flat Apt. 916
Arnoldmouth, MD 97938",Vaughnfort,Eritrea,3702
479,Oneal Inc,Briana Cox,817.355.0461,"403 Martinez Lane
Rogersstad, NV 55310",New Kellyview,Bulgaria,3945
480,Peck-Goodwin,Jenna Ortiz,001-403-885-5288x2313,"3585 Monica Mountain
Ortizhaven, MN 67585",Padillashire,Cameroon,1574
481,Cook Ltd,Debra Freeman,(736)762-8711x71653,"450 Wade Pike
Wayneberg, PA 35060",Youngton,New Caledonia,4659
482,"Simon, Padilla and Meyer",Mark Martinez,001-639-443-1491,"PSC 5440, Box 9676
APO AE 41301",New Stephanie,Guyana,1756
483,Green-Parker,Jacqueline Garner,001-977-903-5476x630,"1090 Padilla Knoll Apt. 940
Jacksonbury, KY 53996",West Jessicaview,British Indian Ocean Territory (Chagos Archipelago),2500
484,"Yang, Porter and Palmer",Brenda Matthews,613-990-0295x01147,"555 John Parkways
Lake Christine, KS 80873",Cooperport,Germany,535
485,Hebert-Campbell,James Gonzalez,588.646.5190,"241 Blake Manors
South Dorothyview, TN 97406",Lindaton,Cook Islands,3841
486,Fowler-Knight,Donna Cantu,473.334.3071x8218,"3923 Allison Lane
Esparzahaven, DE 88995",Lake Lindatown,Mayotte,4362
487,Moore and Sons,Kristin Clay,001-770-825-7953,"93547 Alexandra Gateway
Martintown, TN 21054",New Jacqueline,Nigeria,79
488,Brown Inc,Gregory Jones,509-709-0395x72869,"67333 Sean Island
Port Kenneth, TN 07377",Lake Kevin,Iceland,694
489,Boyd-Andrews,Victor Cox,(652)901-0154x448,"4051 Smith Field
East Curtis, SD 59753",Murphyton,Burkina Faso,3077
490,Waters-Goodman,Teresa Moreno,001-510-932-0410,"29729 Roth Mission
Victoriaville, FL 57034",South Brian,Azerbaijan,2925
491,Farmer-Simmons,Mary Lewis,001-402-325-1766x689,"PSC 7462, Box 1334
APO AA 76143",Annastad,Indonesia,4945
492,Sanders-Brown,Linda Swanson,+1-809-594-4147x537,"6485 Browning Parks
Butlerstad, MH 87537",Ericafort,Saint Kitts and Nevis,345
493,Morris PLC,Jacob Decker,(479)796-4511x5905,"42646 Williamson Cape Apt. 466
Lake Stephaniefurt, IN 66983",New Nathan,Saint Barthelemy,4095
494,Garcia-Thomas,Aaron Lindsey,+1-420-692-2521x2380,"76351 Dixon Greens Suite 151
Lake Carla, MA 36650",Karenside,Netherlands Antilles,4186
495,Cross PLC,Steven Fritz,858.749.9991,"952 Andrea Mountains Suite 120
North Amyfort, TN 40075",Wrightland,British Virgin Islands,3152
496,Mitchell PLC,Daniel Jefferson,001-889-310-5045,"400 Jensen Lakes Apt. 445
Garytown, VT 39781",North Erica,United Kingdom,4578
497,Cervantes-Walter,Mark Avery,749-307-8725x50541,"5770 Clayton Prairie
Sandovaltown, PR 89861",Davischester,Namibia,3552
498,Rodriguez-Hodges,Carolyn Weaver,-7388,"699 Olivia Mall
Port Nicholasshire, TX 88501",Carlychester,Turks and Caicos Islands,3670
499,Rosales Ltd,Jeff Smith,(835)312-0945,"49438 Ho Shore Suite 337
Ashleyhaven, UT 95023",Brittanyland,Ecuador,3098
500,"Fernandez, Wells and Mann",Mr. Justin Davis DDS,001-611-533-7952x331,"707 Duane Parkway
Ingramchester, IA 32703",Maloneton,Tajikistan,1766
,,,,,,,1150
,,,,,,,3670
,,,,,,,4393
,,,,,,,448
,,,,,,,730
,,,,,,,641
,,,,,,,4425
,,,,,,,678
,,,,,,,1730
,,,,,,,1654
,,,,,,,895
,,,,,,,2707
,,,,,,,4340
,,,,,,,1240
,,,,,,,169
,,,,,,,4477
,,,,,,,3757
,,,,,,,1929
,,,,,,,4667
,,,,,,,2665
,,,,,,,1727
,,,,,,,4716
,,,,,,,3927
,,,,,,,1334
,,,,,,,564
,,,,,,,4158
,,,,,,,2461
,,,,,,,3850
,,,,,,,2047
,,,,,,,2149
,,,,,,,291
,,,,,,,2768
,,,,,,,3424
,,,,,,,2710
,,,,,,,2338
,,,,,,,4319
,,,,,,,1986
,,,,,,,767
,,,,,,,4754
,,,,,,,3717
,,,,,,,568
,,,,,,,4676
,,,,,,,3663
,,,,,,,3461
,,,,,,,2761
,,,,,,,3030
,,,,,,,1290
,,,,,,,240
,,,,,,,920
,,,,,,,2737
,,,,,,,4378
,,,,,,,250
,,,,,,,3877
,,,,,,,2076
,,,,,,,3185
,,,,,,,4204
,,,,,,,4267
,,,,,,,193
,,,,,,,3322
,,,,,,,4645
,,,,,,,1500
,,,,,,,4694
,,,,,,,2992
,,,,,,,2648
,,,,,,,3738
,,,,,,,2218
,,,,,,,4030
,,,,,,,2343
,,,,,,,2821
,,,,,,,3303
,,,,,,,4131
,,,,,,,4953
,,,,,,,3380
,,,,,,,4629
,,,,,,,1088
,,,,,,,3971
,,,,,,,4599
,,,,,,,238
,,,,,,,4444
,,,,,,,2558
,,,,,,,4166
,,,,,,,1018
,,,,,,,4130
,,,,,,,2781
,,,,,,,1100
,,,,,,,2835
,,,,,,,1494
,,,,,,,1810
,,,,,,,4283
,,,,,,,4517
,,,,,,,707
,,,,,,,844
,,,,,,,3739
,,,,,,,326
,,,,,,,4117
,,,,,,,3908
,,,,,,,3792
,,,,,,,2849
,,,,,,,2417
,,,,,,,125
,,,,,,,1289
,,,,,,,2617
,,,,,,,1687
,,,,,,,3618
,,,,,,,3711
,,,,,,,810
,,,,,,,232
,,,,,,,4259
,,,,,,,3307
,,,,,,,3305
,,,,,,,1635
,,,,,,,4689
,,,,,,,501
,,,,,,,2859
,,,,,,,4764
,,,,,,,1982
,,,,,,,769
,,,,,,,1007
,,,,,,,2076
,,,,,,,3056
,,,,,,,2377
,,,,,,,780
,,,,,,,1342
,,,,,,,2794
,,,,,,,4644
,,,,,,,1103
,,,,,,,501
,,,,,,,4487
,,,,,,,2997
,,,,,,,3290
,,,,,,,3336
,,,,,,,3062
,,,,,,,1479
,,,,,,,3601
,,,,,,,4467
,,,,,,,1825
,,,,,,,684
,,,,,,,1384
,,,,,,,150
,,,,,,,4106
,,,,,,,3673
,,,,,,,3796
,,,,,,,4185
,,,,,,,838
,,,,,,,1148
,,,,,,,2473
,,,,,,,1360
,,,,,,,4612
,,,,,,,3820
,,,,,,,2998
,,,,,,,929
,,,,,,,4876
,,,,,,,3243
,,,,,,,732
,,,,,,,3935
,,,,,,,4948
,,,,,,,1909
,,,,,,,3043
,,,,,,,1128
,,,,,,,4570
,,,,,,,3856
,,,,,,,3775
,,,,,,,2184
,,,,,,,1307
,,,,,,,723
,,,,,,,4736
,,,,,,,2480
,,,,,,,795
,,,,,,,2041
,,,,,,,4889
,,,,,,,3475
,,,,,,,3989
,,,,,,,701
,,,,,,,3732
,,,,,,,2991
,,,,,,,3664
,,,,,,,341
,,,,,,,1231
,,,,,,,4959
,,,,,,,2406
,,,,,,,4495
,,,,,,,2177
,,,,,,,2755
,,,,,,,4497
,,,,,,,1084
,,,,,,,2066
,,,,,,,2064
,,,,,,,4396
,,,,,,,4700
,,,,,,,2022
,,,,,,,2004
,,,,,,,2186
,,,,,,,1200
,,,,,,,4502
,,,,,,,2383
,,,,,,,4483
,,,,,,,4184
,,,,,,,4731
,,,,,,,3587
,,,,,,,2083
,,,,,,,1482
,,,,,,,2798
,,,,,,,2071
,,,,,,,3963
,,,,,,,2101
,,,,,,,1785
,,,,,,,4576
,,,,,,,3648
,,,,,,,3791
,,,,,,,2588
,,,,,,,2085
,,,,,,,189
,,,,,,,3076
,,,,,,,1394
,,,,,,,1750
,,,,,,,210
,,,,,,,4323
,,,,,,,2733
,,,,,,,996
,,,,,,,4566
,,,,,,,2970
,,,,,,,205
,,,,,,,2826
,,,,,,,4531
,,,,,,,1665
,,,,,,,807
,,,,,,,1379
,,,,,,,3697
,,,,,,,2459
,,,,,,,2211
,,,,,,,610
,,,,,,,472
,,,,,,,1308
,,,,,,,1718
,,,,,,,754
,,,,,,,4250
,,,,,,,1863
,,,,,,,3866
,,,,,,,351
,,,,,,,2927
,,,,,,,4627
,,,,,,,227
,,,,,,,2685
,,,,,,,3164
,,,,,,,1218
,,,,,,,4672
,,,,,,,4560
,,,,,,,888
,,,,,,,3514
,,,,,,,552
,,,,,,,2369
,,,,,,,1150
,,,,,,,1219
,,,,,,,754
,,,,,,,1574
,,,,,,,368
,,,,,,,814
,,,,,,,3158
,,,,,,,2623
,,,,,,,4681
,,,,,,,2517
,,,,,,,2387
,,,,,,,640
,,,,,,,2304
,,,,,,,900
,,,,,,,1329
,,,,,,,2939
,,,,,,,4785
,,,,,,,570
,,,,,,,3037
,,,,,,,2720
,,,,,,,3078
,,,,,,,1368
,,,,,,,182
,,,,,,,2084
,,,,,,,4702
,,,,,,,365
,,,,,,,410
,,,,,,,1912
,,,,,,,2462
,,,,,,,49
,,,,,,,2882
,,,,,,,4567
,,,,,,,2337
,,,,,,,4093
,,,,,,,3551
,,,,,,,2021
,,,,,,,4363
,,,,,,,3094
,,,,,,,1623
,,,,,,,1942
,,,,,,,3601
,,,,,,,4002
,,,,,,,3292
,,,,,,,3040
,,,,,,,1135
,,,,,,,4035
,,,,,,,1757
,,,,,,,3764
,,,,,,,2020
,,,,,,,3540
,,,,,,,1284
,,,,,,,4036
,,,,,,,4396
,,,,,,,4502
,,,,,,,4537
,,,,,,,3306
,,,,,,,3968
,,,,,,,1471
,,,,,,,2992
,,,,,,,817
,,,,,,,4095
,,,,,,,4467
,,,,,,,4970
,,,,,,,1780
,,,,,,,544
,,,,,,,4134
,,,,,,,3281
,,,,,,,3537
,,,,,,,2809
,,,,,,,1411
,,,,,,,232
,,,,,,,1212
,,,,,,,524
,,,,,,,4313
,,,,,,,4726
,,,,,,,695
,,,,,,,4258
,,,,,,,4190
,,,,,,,897
,,,,,,,2502
,,,,,,,3872
,,,,,,,985
,,,,,,,1384
,,,,,,,3800
,,,,,,,769
,,,,,,,4451
,,,,,,,4005
,,,,,,,3461
,,,,,,,4588
,,,,,,,4957
,,,,,,,3457
,,,,,,,2593
,,,,,,,2314
,,,,,,,3716
,,,,,,,2923
,,,,,,,2587
,,,,,,,4651
,,,,,,,1526
,,,,,,,3568
,,,,,,,3341
,,,,,,,3134
,,,,,,,4351
,,,,,,,1675
,,,,,,,1635
,,,,,,,347
,,,,,,,2108
,,,,,,,3558
,,,,,,,3350
,,,,,,,4643
,,,,,,,1244
,,,,,,,3374
,,,,,,,3939
,,,,,,,4840
,,,,,,,3415
,,,,,,,2734
,,,,,,,2555
,,,,,,,4158
,,,,,,,4343
,,,,,,,1099
,,,,,,,2128
,,,,,,,3793
,,,,,,,1346
,,,,,,,3191
,,,,,,,540
,,,,,,,820
,,,,,,,2450
,,,,,,,2051
,,,,,,,1846
,,,,,,,3828
,,,,,,,3770
,,,,,,,2489
,,,,,,,1278
,,,,,,,248
,,,,,,,1029
,,,,,,,2509
,,,,,,,1423
,,,,,,,1056
,,,,,,,3855
,,,,,,,3450
,,,,,,,1341
,,,,,,,4636
,,,,,,,311
,,,,,,,1672
,,,,,,,4282
,,,,,,,4049
,,,,,,,2962
,,,,,,,713
,,,,,,,1364
,,,,,,,2576
,,,,,,,145
,,,,,,,3101
,,,,,,,4511
,,,,,,,4659
,,,,,,,1748
,,,,,,,290
,,,,,,,2043
,,,,,,,3747
,,,,,,,769
,,,,,,,3650
,,,,,,,4462
,,,,,,,1668
,,,,,,,1722
,,,,,,,2993
,,,,,,,4434
,,,,,,,1395
,,,,,,,2766
,,,,,,,4183
,,,,,,,4080
,,,,,,,2342
,,,,,,,1732
,,,,,,,4706
,,,,,,,3823
,,,,,,,3868
,,,,,,,3279
,,,,,,,3153
,,,,,,,2874
,,,,,,,3825
,,,,,,,223
,,,,,,,1930
,,,,,,,4764
,,,,,,,401
,,,,,,,3558
,,,,,,,578
,,,,,,,4249
,,,,,,,3200
,,,,,,,1397
,,,,,,,2419
,,,,,,,2569
,,,,,,,4855
,,,,,,,4918
,,,,,,,4867
,,,,,,,4667
,,,,,,,4051
,,,,,,,4861
,,,,,,,4789
,,,,,,,371
,,,,,,,1416
,,,,,,,3944
,,,,,,,1301
,,,,,,,3203
,,,,,,,2341
,,,,,,,828
,,,,,,,2313
,,,,,,,4798
,,,,,,,3224
,,,,,,,4207
,,,,,,,630
,,,,,,,3732
,,,,,,,3998
,,,,,,,3522
,,,,,,,1501
,,,,,,,2164
,,,,,,,4541
,,,,,,,970
,,,,,,,790
,,,,,,,1549
,,,,,,,355
,,,,,,,2271
,,,,,,,2932
,,,,,,,158
,,,,,,,3534
,,,,,,,4156
,,,,,,,4912
,,,,,,,623
,,,,,,,2202
,,,,,,,1642
,,,,,,,1923
,,,,,,,2906
,,,,,,,1419
,,,,,,,1608
,,,,,,,2741
,,,,,,,2831
,,,,,,,1598
,,,,,,,3269
,,,,,,,2337
,,,,,,,1908
,,,,,,,3197
,,,,,,,4722
,,,,,,,2771
,,,,,,,409
,,,,,,,3322
,,,,,,,745
,,,,,,,2329
,,,,,,,3498
,,,,,,,4774
,,,,,,,1494
,,,,,,,2820
,,,,,,,4654
,,,,,,,24
,,,,,,,4152
,,,,,,,4106
,,,,,,,4952
,,,,,,,460
,,,,,,,1113
,,,,,,,4723
,,,,,,,419
,,,,,,,2428
,,,,,,,3850
,,,,,,,671
,,,,,,,1644
,,,,,,,1469
,,,,,,,4505
,,,,,,,4071
,,,,,,,126
,,,,,,,469
,,,,,,,4066
,,,,,,,4009
,,,,,,,3648
,,,,,,,759
,,,,,,,3297
,,,,,,,3745
,,,,,,,160
,,,,,,,137
,,,,,,,602
,,,,,,,2281
,,,,,,,3896
,,,,,,,2406
,,,,,,,3092
,,,,,,,4190
,,,,,,,2718
,,,,,,,2566
,,,,,,,3424
,,,,,,,2518
,,,,,,,272
,,,,,,,4815
,,,,,,,3105
,,,,,,,561
,,,,,,,723
,,,,,,,2475
,,,,,,,4152
,,,,,,,1932
,,,,,,,4335
,,,,,,,3900
,,,,,,,1236
,,,,,,,3615
,,,,,,,1360
,,,,,,,4723
,,,,,,,3643
,,,,,,,2693
,,,,,,,4096
,,,,,,,947
,,,,,,,3831
,,,,,,,1623
,,,,,,,2187
,,,,,,,1682
,,,,,,,3103
,,,,,,,4966
,,,,,,,1711
,,,,,,,4493
,,,,,,,1305
,,,,,,,4340
,,,,,,,1042
,,,,,,,3318
,,,,,,,4465
,,,,,,,1539
,,,,,,,3005
,,,,,,,778
,,,,,,,2654
,,,,,,,1454
,,,,,,,1598
,,,,,,,1266
,,,,,,,1978
,,,,,,,146
,,,,,,,3174
,,,,,,,1258
,,,,,,,2851
,,,,,,,822
,,,,,,,4651
,,,,,,,4214
,,,,,,,2618
,,,,,,,2980
,,,,,,,3823
,,,,,,,4369
,,,,,,,3076
,,,,,,,4921
,,,,,,,4226
,,,,,,,1942
,,,,,,,2985
,,,,,,,4716
,,,,,,,205
,,,,,,,463
,,,,,,,4212
,,,,,,,1894
,,,,,,,979
,,,,,,,3015
,,,,,,,1130
,,,,,,,4273
,,,,,,,1226
,,,,,,,3134
,,,,,,,4274
,,,,,,,4653
,,,,,,,3444
,,,,,,,3635
,,,,,,,4967
,,,,,,,3610
,,,,,,,2515
,,,,,,,1893
,,,,,,,3135
,,,,,,,4032
,,,,,,,3846
,,,,,,,3406
,,,,,,,2309
,,,,,,,4403
,,,,,,,102
,,,,,,,2962
,,,,,,,2040
,,,,,,,4600
,,,,,,,325
,,,,,,,919
,,,,,,,2193
,,,,,,,4147
,,,,,,,139
,,,,,,,4897
,,,,,,,4010
,,,,,,,4331
,,,,,,,1893
,,,,,,,1392
,,,,,,,4319
,,,,,,,1527
,,,,,,,761
,,,,,,,4575
,,,,,,,4183
,,,,,,,2565
,,,,,,,4671
,,,,,,,2117
,,,,,,,2384
,,,,,,,128
,,,,,,,1931
,,,,,,,3184
,,,,,,,1299
,,,,,,,864
,,,,,,,127
,,,,,,,4896
,,,,,,,756
,,,,,,,828
,,,,,,,1692
,,,,,,,2112
,,,,,,,3602
,,,,,,,614
,,,,,,,1908
,,,,,,,2421
,,,,,,,3853
,,,,,,,1070
,,,,,,,4476
,,,,,,,4314
,,,,,,,762
,,,,,,,2674
,,,,,,,4315
,,,,,,,3525
,,,,,,,978
,,,,,,,1964
,,,,,,,4646
,,,,,,,337
,,,,,,,4497
,,,,,,,4244
,,,,,,,3945
,,,,,,,2128
,,,,,,,157
,,,,,,,1858
,,,,,,,4922
,,,,,,,2073
,,,,,,,863
,,,,,,,3156
,,,,,,,1471
,,,,,,,4544
,,,,,,,378
,,,,,,,1535
,,,,,,,2523
,,,,,,,724
,,,,,,,1656
,,,,,,,3605
,,,,,,,1769
,,,,,,,2931
,,,,,,,1686
,,,,,,,4111
,,,,,,,3230
,,,,,,,530
,,,,,,,3823
,,,,,,,3282
,,,,,,,575
,,,,,,,3932
,,,,,,,4556
,,,,,,,4055
,,,,,,,3131
,,,,,,,414
,,,,,,,78
,,,,,,,3529
,,,,,,,257
,,,,,,,3216
,,,,,,,4247
,,,,,,,1192
,,,,,,,3582
,,,,,,,4008
,,,,,,,4341
,,,,,,,4572
,,,,,,,1183
,,,,,,,1629
,,,,,,,1713
,,,,,,,786
,,,,,,,2135
,,,,,,,4365
,,,,,,,4253
,,,,,,,2363
,,,,,,,3358
,,,,,,,2471
,,,,,,,1030
,,,,,,,1992
,,,,,,,4511
,,,,,,,786
,,,,,,,4561
,,,,,,,4441
,,,,,,,2694
,,,,,,,3289
,,,,,,,2982
,,,,,,,1860
,,,,,,,2982
,,,,,,,4142
,,,,,,,4060
,,,,,,,3905
,,,,,,,219
,,,,,,,2180
,,,,,,,3224
,,,,,,,3141
,,,,,,,872
,,,,,,,4805
,,,,,,,4854
,,,,,,,4386
,,,,,,,1234
,,,,,,,4755
,,,,,,,2179
,,,,,,,3907
,,,,,,,662
,,,,,,,4651
,,,,,,,466
,,,,,,,1186
,,,,,,,1171
,,,,,,,2536
,,,,,,,1571
,,,,,,,4825
,,,,,,,1980
,,,,,,,402
,,,,,,,4800
,,,,,,,3906
,,,,,,,4641
,,,,,,,2545
,,,,,,,591
,,,,,,,2218
,,,,,,,2595
,,,,,,,615
,,,,,,,2466
,,,,,,,3006
,,,,,,,2490
,,,,,,,3251
,,,,,,,2250
,,,,,,,2794
,,,,,,,3095
,,,,,,,4341
,,,,,,,4819
,,,,,,,3949
,,,,,,,4005
,,,,,,,859
,,,,,,,2482
,,,,,,,1346
,,,,,,,4192
,,,,,,,997
,,,,,,,3969
,,,,,,,914
,,,,,,,373
,,,,,,,662
,,,,,,,1743
,,,,,,,753
,,,,,,,4036
,,,,,,,2295
,,,,,,,3206
,,,,,,,4638
,,,,,,,4078
,,,,,,,3510
,,,,,,,3891
,,,,,,,3316
,,,,,,,68
,,,,,,,2698
,,,,,,,3603
,,,,,,,60
,,,,,,,4826
,,,,,,,1347
,,,,,,,999
,,,,,,,4235
,,,,,,,2875
,,,,,,,4665
,,,,,,,1400
,,,,,,,3016
,,,,,,,2792
,,,,,,,819
,,,,,,,1311
,,,,,,,3129
,,,,,,,1184
,,,,,,,3153
,,,,,,,3035
,,,,,,,147
,,,,,,,2375
,,,,,,,211
,,,,,,,3214
,,,,,,,2357
,,,,,,,438
,,,,,,,4639
,,,,,,,1549
,,,,,,,2371
,,,,,,,3169
,,,,,,,3792
,,,,,,,4076
,,,,,,,4225
,,,,,,,928
,,,,,,,79
,,,,,,,2689
,,,,,,,4514
,,,,,,,4006
,,,,,,,2657
,,,,,,,2261
,,,,,,,2325
,,,,,,,3826
,,,,,,,1441
,,,,,,,2115
,,,,,,,365
,,,,,,,166
,,,,,,,422
,,,,,,,231
,,,,,,,3983
,,,,,,,3032
,,,,,,,1760
,,,,,,,3915
,,,,,,,4099
,,,,,,,3103
,,,,,,,2149
,,,,,,,1517
,,,,,,,3058
,,,,,,,3270
,,,,,,,474
,,,,,,,1477
,,,,,,,1245
,,,,,,,4770
,,,,,,,3517
,,,,,,,3571
,,,,,,,1981
,,,,,,,2263
,,,,,,,160
,,,,,,,3569
,,,,,,,1168
,,,,,,,3574
,,,,,,,4279
,,,,,,,3412
,,,,,,,975
,,,,,,,92
,,,,,,,2806
,,,,,,,4728
,,,,,,,4011
,,,,,,,1392
,,,,,,,4671
,,,,,,,4068
,,,,,,,3262
,,,,,,,2853
,,,,,,,1328
,,,,,,,4848
,,,,,,,1884
,,,,,,,3862
,,,,,,,3603
,,,,,,,3858
,,,,,,,3840
,,,,,,,1558
,,,,,,,3899
,,,,,,,2709
,,,,,,,1724
,,,,,,,1473
,,,,,,,1789
,,,,,,,2261
,,,,,,,3179
,,,,,,,3441
,,,,,,,4466
,,,,,,,3445
,,,,,,,2473
,,,,,,,562
,,,,,,,3136
,,,,,,,4822
,,,,,,,3090
,,,,,,,1720
,,,,,,,1553
,,,,,,,846
,,,,,,,2470
,,,,,,,1686
,,,,,,,3618
,,,,,,,1739
,,,,,,,823
,,,,,,,922
,,,,,,,2617
,,,,,,,2156
,,,,,,,309
,,,,,,,101
,,,,,,,1800
,,,,,,,1040
,,,,,,,4803
,,,,,,,405
,,,,,,,2078
,,,,,,,672
,,,,,,,1939
,,,,,,,2899
,,,,,,,4977
,,,,,,,4154
,,,,,,,3405
,,,,,,,2259
,,,,,,,805
,,,,,,,309
,,,,,,,3202
,,,,,,,4365
,,,,,,,2216
,,,,,,,3884
,,,,,,,4223
,,,,,,,3794
,,,,,,,1154
,,,,,,,1448
,,,,,,,2491
,,,,,,,3688
,,,,,,,3137
,,,,,,,2891
,,,,,,,4103
,,,,,,,2535
,,,,,,,2255
,,,,,,,665
,,,,,,,2373
,,,,,,,2022
,,,,,,,4520
,,,,,,,3696
,,,,,,,8
,,,,,,,729
,,,,,,,2036
,,,,,,,1415
,,,,,,,1882
,,,,,,,104
,,,,,,,2720
,,,,,,,1508
,,,,,,,2015
,,,,,,,2698
,,,,,,,1855
,,,,,,,492
,,,,,,,4263
,,,,,,,4865
,,,,,,,2130
,,,,,,,2190
,,,,,,,2805
,,,,,,,3463
,,,,,,,1845
,,,,,,,145
,,,,,,,3266
,,,,,,,926
,,,,,,,2180
,,,,,,,1062
,,,,,,,4922
,,,,,,,159
,,,,,,,4052
,,,,,,,4
,,,,,,,1666
,,,,,,,2316
,,,,,,,4241
,,,,,,,2746
,,,,,,,3202
,,,,,,,4934
,,,,,,,3793
,,,,,,,4365
,,,,,,,4
,,,,,,,2334
,,,,,,,2904
,,,,,,,4720
,,,,,,,1886
,,,,,,,419
,,,,,,,2717
,,,,,,,254
,,,,,,,4956
,,,,,,,1863
,,,,,,,2431
,,,,,,,3439
,,,,,,,2097
,,,,,,,382
,,,,,,,950
,,,,,,,1806
,,,,,,,4338
,,,,,,,4476
,,,,,,,2349
,,,,,,,1587
,,,,,,,4094
,,,,,,,1375
,,,,,,,3606
,,,,,,,2773
,,,,,,,2437
,,,,,,,1830
,,,,,,,1227
,,,,,,,4543
,,,,,,,2292
,,,,,,,83
,,,,,,,2160
,,,,,,,4663
,,,,,,,4295
,,,,,,,1220
,,,,,,,4696
,,,,,,,4538
,,,,,,,1628
,,,,,,,4472
,,,,,,,3473
,,,,,,,564
,,,,,,,1247
,,,,,,,929
,,,,,,,3025
,,,,,,,4630
,,,,,,,2314
,,,,,,,2985
,,,,,,,3669
,,,,,,,4715
,,,,,,,3940
,,,,,,,4117
,,,,,,,1874
,,,,,,,143
,,,,,,,1229
,,,,,,,3515
,,,,,,,1637
,,,,,,,1338
,,,,,,,4027
,,,,,,,1655
,,,,,,,1745
,,,,,,,1759
,,,,,,,2512
,,,,,,,2386
,,,,,,,845
,,,,,,,3865
,,,,,,,2215
,,,,,,,1596
,,,,,,,1136
,,,,,,,2908
,,,,,,,679
,,,,,,,4673
,,,,,,,3383
,,,,,,,3199
,,,,,,,2669
,,,,,,,2503
,,,,,,,383
,,,,,,,1007
,,,,,,,357
,,,,,,,4661
,,,,,,,3154
,,,,,,,1437
,,,,,,,2717
,,,,,,,4341
,,,,,,,16
,,,,,,,3158
,,,,,,,2519
,,,,,,,1199
,,,,,,,4178
,,,,,,,79
,,,,,,,2672
,,,,,,,2835
,,,,,,,1915
,,,,,,,3671
,,,,,,,4628
,,,,,,,97
,,,,,,,3168
,,,,,,,3490
,,,,,,,2546
,,,,,,,995
,,,,,,,2149
,,,,,,,361
,,,,,,,3755
,,,,,,,2841
,,,,,,,809
,,,,,,,2272
,,,,,,,546
,,,,,,,3646
,,,,,,,414
,,,,,,,1297
,,,,,,,159
,,,,,,,1488
,,,,,,,3812
,,,,,,,4492
,,,,,,,3404
,,,,,,,3097
,,,,,,,3127
,,,,,,,465
,,,,,,,4590
,,,,,,,4215
,,,,,,,864
,,,,,,,3692
,,,,,,,952
,,,,,,,1613
,,,,,,,4734
,,,,,,,143
,,,,,,,1010
,,,,,,,3373
,,,,,,,2268
,,,,,,,4153
,,,,,,,2965
,,,,,,,3264
,,,,,,,4076
,,,,,,,2296
,,,,,,,2890
,,,,,,,3653
,,,,,,,4242
,,,,,,,4321
,,,,,,,1504
,,,,,,,4952
,,,,,,,4125
,,,,,,,1996
,,,,,,,3031
,,,,,,,2806
,,,,,,,4286
,,,,,,,224
,,,,,,,1790
,,,,,,,4227
,,,,,,,3299
,,,,,,,682
,,,,,,,2977
,,,,,,,4385
,,,,,,,3397
,,,,,,,3078
,,,,,,,2714
,,,,,,,4615
,,,,,,,830
,,,,,,,1797
,,,,,,,3879
,,,,,,,4312
,,,,,,,2735
,,,,,,,1339
,,,,,,,1233
,,,,,,,4145
,,,,,,,3826
,,,,,,,4575
,,,,,,,583
,,,,,,,4024
,,,,,,,4702
,,,,,,,3583
,,,,,,,1752
,,,,,,,3851
,,,,,,,970
,,,,,,,1973
,,,,,,,3150
,,,,,,,317
,,,,,,,1813
,,,,,,,3043
,,,,,,,1055
,,,,,,,2517
,,,,,,,2276
,,,,,,,1383
,,,,,,,3437
,,,,,,,4818
,,,,,,,2187
,,,,,,,2629
,,,,,,,915
,,,,,,,620
,,,,,,,3810
,,,,,,,270
,,,,,,,4364
,,,,,,,2775
,,,,,,,4527
,,,,,,,4617
,,,,,,,4901
,,,,,,,2649
,,,,,,,867
,,,,,,,875
,,,,,,,4219
,,,,,,,3328
,,,,,,,2161
,,,,,,,1805
,,,,,,,294
,,,,,,,1458
,,,,,,,694
,,,,,,,2723
,,,,,,,2472
,,,,,,,1486
,,,,,,,1638
,,,,,,,285
,,,,,,,4044
,,,,,,,4417
,,,,,,,2447
,,,,,,,491
,,,,,,,3171
,,,,,,,772
,,,,,,,4338
,,,,,,,4467
,,,,,,,2584
,,,,,,,2484
,,,,,,,4120
,,,,,,,66
,,,,,,,4947
,,,,,,,575
,,,,,,,309
,,,,,,,4016
,,,,,,,1228
,,,,,,,58
,,,,,,,3511
,,,,,,,2566
,,,,,,,3355
,,,,,,,1381
,,,,,,,2635
,,,,,,,3531
,,,,,,,1940
,,,,,,,376
,,,,,,,2322
,,,,,,,2916
,,,,,,,4457
,,,,,,,1685
,,,,,,,2255
,,,,,,,4617
,,,,,,,1432
,,,,,,,1665
,,,,,,,2804
,,,,,,,2101
,,,,,,,2344
,,,,,,,3714
,,,,,,,4246
,,,,,,,4670
,,,,,,,480
,,,,,,,4069
,,,,,,,2120
,,,,,,,1129
,,,,,,,1489
,,,,,,,2336
,,,,,,,1406
,,,,,,,281
,,,,,,,2340
,,,,,,,929
,,,,,,,2851
,,,,,,,2523
,,,,,,,4573
,,,,,,,4746
,,,,,,,1385
,,,,,,,4161
,,,,,,,1148
,,,,,,,3541
,,,,,,,2052
,,,,,,,3881
,,,,,,,2184
,,,,,,,3382
,,,,,,,4797
,,,,,,,1804
,,,,,,,618
,,,,,,,4355
,,,,,,,220
,,,,,,,4987
,,,,,,,3295
,,,,,,,1245
,,,,,,,3396
,,,,,,,3668
,,,,,,,4029
,,,,,,,413
,,,,,,,143
,,,,,,,3762
,,,,,,,3085
,,,,,,,2283
,,,,,,,2256
,,,,,,,1772
,,,,,,,1661
,,,,,,,926
,,,,,,,1679
,,,,,,,2514
,,,,,,,3237
,,,,,,,4361
,,,,,,,2580
,,,,,,,3091
,,,,,,,1219
,,,,,,,1578
,,,,,,,429
,,,,,,,2431
,,,,,,,1029
,,,,,,,937
,,,,,,,2943
,,,,,,,4147
,,,,,,,4641
,,,,,,,501
,,,,,,,62
,,,,,,,3036
,,,,,,,718
,,,,,,,852
,,,,,,,957
,,,,,,,3617
,,,,,,,4174
,,,,,,,498
,,,,,,,1187
,,,,,,,2729
,,,,,,,722
,,,,,,,1679
,,,,,,,1657
,,,,,,,3187
,,,,,,,683
,,,,,,,3939
,,,,,,,2534
,,,,,,,4170
,,,,,,,273
,,,,,,,1795
,,,,,,,1521
,,,,,,,1483
,,,,,,,511
,,,,,,,2003
,,,,,,,3134
,,,,,,,3495
,,,,,,,965
,,,,,,,1487
,,,,,,,3367
,,,,,,,1578
,,,,,,,2757
,,,,,,,540
,,,,,,,4875
,,,,,,,617
,,,,,,,1757
,,,,,,,4826
,,,,,,,2113
,,,,,,,1163
,,,,,,,682
,,,,,,,2504
,,,,,,,4259
,,,,,,,1793
,,,,,,,4467
,,,,,,,1255
,,,,,,,3992
,,,,,,,3986
,,,,,,,438
,,,,,,,45
,,,,,,,2568
,,,,,,,4140
,,,,,,,953
,,,,,,,4613
,,,,,,,4696
,,,,,,,2269
,,,,,,,2441
,,,,,,,2293
,,,,,,,3571
,,,,,,,210
,,,,,,,2768
,,,,,,,1660
,,,,,,,4053
,,,,,,,392
,,,,,,,2901
,,,,,,,773
,,,,,,,2933
,,,,,,,2618
,,,,,,,4677
,,,,,,,4868
,,,,,,,2795
,,,,,,,2891
,,,,,,,2030
,,,,,,,2072
,,,,,,,3298
,,,,,,,1768
,,,,,,,633
,,,,,,,2342
,,,,,,,919
,,,,,,,3007
,,,,,,,1711
,,,,,,,327
,,,,,,,2297
,,,,,,,2045
,,,,,,,4773
,,,,,,,2944
,,,,,,,410
,,,,,,,880
,,,,,,,4798
,,,,,,,2510
,,,,,,,3419
,,,,,,,69
,,,,,,,4884
,,,,,,,4429
,,,,,,,3434
,,,,,,,1124
,,,,,,,3496
,,,,,,,1710
,,,,,,,715
,,,,,,,164
,,,,,,,930
,,,,,,,2284
,,,,,,,3382
,,,,,,,4114
,,,,,,,3232
,,,,,,,3770
,,,,,,,2890
,,,,,,,4810
,,,,,,,489
,,,,,,,1312
,,,,,,,796
,,,,,,,3701
,,,,,,,2390
,,,,,,,598
,,,,,,,997
,,,,,,,4383
,,,,,,,1276
,,,,,,,2936
,,,,,,,4017
,,,,,,,2171
,,,,,,,3210
,,,,,,,663
,,,,,,,2979
,,,,,,,742
,,,,,,,2237
,,,,,,,1008
,,,,,,,1764
,,,,,,,1643
,,,,,,,2918
,,,,,,,3433
,,,,,,,4731
,,,,,,,4255
,,,,,,,2057
,,,,,,,3600
,,,,,,,592
,,,,,,,2591
,,,,,,,140
,,,,,,,1742
,,,,,,,991
,,,,,,,3064
,,,,,,,612
,,,,,,,1648
,,,,,,,3820
,,,,,,,2896
,,,,,,,3180
,,,,,,,2805
,,,,,,,2828
,,,,,,,3222
,,,,,,,318
,,,,,,,881
,,,,,,,77
,,,,,,,3332
,,,,,,,1454
,,,,,,,2769
,,,,,,,1232
,,,,,,,3369
,,,,,,,2372
,,,,,,,4076
,,,,,,,2408
,,,,,,,2067
,,,,,,,1157
,,,,,,,918
,,,,,,,3643
,,,,,,,4616
,,,,,,,4627
,,,,,,,3582
,,,,,,,554
,,,,,,,4806
,,,,,,,4831
,,,,,,,1563
,,,,,,,841
,,,,,,,1857
,,,,,,,3466
,,,,,,,2575
,,,,,,,3127
,,,,,,,4924
,,,,,,,863
,,,,,,,3497
,,,,,,,2753
,,,,,,,3856
,,,,,,,544
,,,,,,,2862
,,,,,,,886
,,,,,,,1252
,,,,,,,3072
,,,,,,,857
,,,,,,,2841
,,,,,,,1437
,,,,,,,1224
,,,,,,,1879
,,,,,,,2214
,,,,,,,3302
,,,,,,,3144
,,,,,,,2352
,,,,,,,216
,,,,,,,234
,,,,,,,3031
,,,,,,,2285
,,,,,,,4156
,,,,,,,1707
,,,,,,,404
,,,,,,,1006
,,,,,,,2814
,,,,,,,314
,,,,,,,4343
,,,,,,,835
,,,,,,,111
,,,,,,,2561
,,,,,,,1073
,,,,,,,3276
,,,,,,,842
,,,,,,,762
,,,,,,,1416
,,,,,,,1992
,,,,,,,1714
,,,,,,,2344
,,,,,,,3799
,,,,,,,1866
,,,,,,,2270
,,,,,,,3344
,,,,,,,4889
,,,,,,,4176
,,,,,,,4845
,,,,,,,3914
,,,,,,,1354
,,,,,,,4878
,,,,,,,2100
,,,,,,,1437
,,,,,,,2363
,,,,,,,1809
,,,,,,,3294
,,,,,,,1127
,,,,,,,174
,,,,,,,1588
,,,,,,,3353
,,,,,,,1226
,,,,,,,1055
,,,,,,,895
,,,,,,,1061
,,,,,,,3573
,,,,,,,3846
,,,,,,,109
,,,,,,,797
,,,,,,,1872
,,,,,,,1012
,,,,,,,3491
,,,,,,,4593
,,,,,,,1154
,,,,,,,1291
,,,,,,,3000
,,,,,,,2491
,,,,,,,4603
,,,,,,,2029
,,,,,,,1236
,,,,,,,3384
,,,,,,,4553
,,,,,,,1994
,,,,,,,1634
,,,,,,,1259
,,,,,,,2516
,,,,,,,469
,,,,,,,2005
,,,,,,,486
,,,,,,,1186
,,,,,,,1769
,,,,,,,2825
,,,,,,,4759
,,,,,,,95
,,,,,,,4406
,,,,,,,4784
,,,,,,,3530
,,,,,,,4466
,,,,,,,1220
,,,,,,,2104
,,,,,,,1406
,,,,,,,3526
,,,,,,,1038
,,,,,,,2857
,,,,,,,3688
,,,,,,,1102
,,,,,,,4204
,,,,,,,495
,,,,,,,3700
,,,,,,,3436
,,,,,,,2761
,,,,,,,4087
,,,,,,,2745
,,,,,,,2473
,,,,,,,3640
,,,,,,,3007
,,,,,,,4923
,,,,,,,4019
,,,,,,,3284
,,,,,,,954
,,,,,,,1798
,,,,,,,4940
,,,,,,,2819
,,,,,,,1290
,,,,,,,4252
,,,,,,,1670
,,,,,,,4453
,,,,,,,4860
,,,,,,,4175
,,,,,,,1709
,,,,,,,4315
,,,,,,,2249
,,,,,,,137
,,,,,,,3891
,,,,,,,4297
,,,,,,,2171
,,,,,,,4003
,,,,,,,4324
,,,,,,,2436
,,,,,,,3934
,,,,,,,3050
,,,,,,,2082
,,,,,,,1000
,,,,,,,2598
,,,,,,,3438
,,,,,,,2580
,,,,,,,4866
,,,,,,,139
,,,,,,,1675
,,,,,,,3218
,,,,,,,368
,,,,,,,604
,,,,,,,167
,,,,,,,1745
,,,,,,,1263
,,,,,,,1461
,,,,,,,2786
,,,,,,,27
,,,,,,,3955
,,,,,,,669
,,,,,,,3411
,,,,,,,878
,,,,,,,1323
,,,,,,,424
,,,,,,,4200
,,,,,,,4103
,,,,,,,169
,,,,,,,3772
,,,,,,,3771
,,,,,,,4544
,,,,,,,2787
,,,,,,,1304
,,,,,,,2381
,,,,,,,1412
,,,,,,,4148
,,,,,,,4575
,,,,,,,1125
,,,,,,,4056
,,,,,,,1238
,,,,,,,3876
,,,,,,,4089
,,,,,,,1384
,,,,,,,3049
,,,,,,,3734
,,,,,,,178
,,,,,,,110
,,,,,,,4532
,,,,,,,900
,,,,,,,3901
,,,,,,,2635
,,,,,,,273
,,,,,,,4647
,,,,,,,599
,,,,,,,2572
,,,,,,,4996
,,,,,,,3218
,,,,,,,3855
,,,,,,,2509
,,,,,,,1066
,,,,,,,1706
,,,,,,,2075
,,,,,,,4892
,,,,,,,1409
,,,,,,,4239
,,,,,,,3170
,,,,,,,1430
,,,,,,,1967
,,,,,,,2318
,,,,,,,775
,,,,,,,2024
,,,,,,,2762
,,,,,,,3864
,,,,,,,2977
,,,,,,,2007
,,,,,,,4237
,,,,,,,1136
,,,,,,,4236
,,,,,,,4734
,,,,,,,3893
,,,,,,,905
,,,,,,,4228
,,,,,,,4218
,,,,,,,255
,,,,,,,3535
,,,,,,,4826
,,,,,,,3548
,,,,,,,1732
,,,,,,,3043
,,,,,,,3608
,,,,,,,3863
,,,,,,,3228
,,,,,,,860
,,,,,,,1214
,,,,,,,3303
,,,,,,,3325
,,,,,,,4267
,,,,,,,2209
,,,,,,,4103
,,,,,,,846
,,,,,,,4782
,,,,,,,1421
,,,,,,,4823
,,,,,,,1165
,,,,,,,4421
,,,,,,,2446
,,,,,,,4134
,,,,,,,1647
,,,,,,,2091
,,,,,,,3714
,,,,,,,3269
,,,,,,,2515
,,,,,,,4452
,,,,,,,530
,,,,,,,1495
,,,,,,,937
,,,,,,,3099
,,,,,,,2381
,,,,,,,1842
,,,,,,,4215
,,,,,,,1751
,,,,,,,3797
,,,,,,,31
,,,,,,,3571
,,,,,,,3200
,,,,,,,2077
,,,,,,,4676
,,,,,,,4376
,,,,,,,3152
,,,,,,,4978
,,,,,,,3036
,,,,,,,4788
,,,,,,,582
,,,,,,,3002
,,,,,,,3684
,,,,,,,822
,,,,,,,3547
,,,,,,,3628
,,,,,,,4619
,,,,,,,1445
,,,,,,,1023
,,,,,,,480
,,,,,,,2619
,,,,,,,2007
,,,,,,,3076
,,,,,,,1666
,,,,,,,3796
,,,,,,,3314
,,,,,,,1451
,,,,,,,1507
,,,,,,,471
,,,,,,,812
,,,,,,,3470
,,,,,,,1326
,,,,,,,836
,,,,,,,1110
,,,,,,,4356
,,,,,,,3210
,,,,,,,4748
,,,,,,,4407
,,,,,,,2941
,,,,,,,1752
,,,,,,,221
,,,,,,,1711
,,,,,,,191
,,,,,,,682
,,,,,,,3126
,,,,,,,2471
,,,,,,,4037
,,,,,,,3113
,,,,,,,68
,,,,,,,3387
,,,,,,,2429
,,,,,,,2313
,,,,,,,2987
,,,,,,,1773
,,,,,,,3183
,,,,,,,2742
,,,,,,,585
,,,,,,,3784
,,,,,,,543
,,,,,,,4303
,,,,,,,4290
,,,,,,,942
,,,,,,,4264
,,,,,,,2555
,,,,,,,657
,,,,,,,2640
,,,,,,,3063
,,,,,,,4764
,,,,,,,4637
,,,,,,,2589
,,,,,,,1319
,,,,,,,44
,,,,,,,1407
,,,,,,,462
,,,,,,,1005
,,,,,,,2506
,,,,,,,447
,,,,,,,388
,,,,,,,2706
,,,,,,,77
,,,,,,,3130
,,,,,,,4413
,,,,,,,1410
,,,,,,,2008
,,,,,,,978
,,,,,,,2323
,,,,,,,1206
,,,,,,,2449
,,,,,,,3546
,,,,,,,1443
,,,,,,,1925
,,,,,,,1906
,,,,,,,2423
,,,,,,,4110
,,,,,,,4005
,,,,,,,2786
,,,,,,,1193
,,,,,,,627
,,,,,,,1705
,,,,,,,1623
,,,,,,,42
,,,,,,,393
,,,,,,,3370
,,,,,,,534
,,,,,,,4521
,,,,,,,248
,,,,,,,112
,,,,,,,362
,,,,,,,4532
,,,,,,,3167
,,,,,,,4664
,,,,,,,683
,,,,,,,4276
,,,,,,,476
,,,,,,,850
,,,,,,,1180
,,,,,,,4069
,,,,,,,856
,,,,,,,4323
,,,,,,,1455
,,,,,,,4518
,,,,,,,961
,,,,,,,4583
,,,,,,,1439
,,,,,,,3597
,,,,,,,85
,,,,,,,3794
,,,,,,,820
,,,,,,,1108
,,,,,,,2493
,,,,,,,2113
,,,,,,,2094
,,,,,,,3729
,,,,,,,2191
,,,,,,,1012
,,,,,,,3312
,,,,,,,12
,,,,,,,1617
,,,,,,,3893
,,,,,,,4837
,,,,,,,1824
,,,,,,,4945
,,,,,,,1530
,,,,,,,2164
,,,,,,,1432
,,,,,,,1261
,,,,,,,321
,,,,,,,1109
,,,,,,,3176
,,,,,,,2847
,,,,,,,157
,,,,,,,150
,,,,,,,40
,,,,,,,44
,,,,,,,707
,,,,,,,4371
,,,,,,,3210
,,,,,,,2700
,,,,,,,4582
,,,,,,,2665
,,,,,,,4973
,,,,,,,4931
,,,,,,,3420
,,,,,,,1490
,,,,,,,4592
,,,,,,,3549
,,,,,,,4165
,,,,,,,86
,,,,,,,29
,,,,,,,4113
,,,,,,,3120
,,,,,,,4701
,,,,,,,1808
,,,,,,,2943
,,,,,,,2676
,,,,,,,2650
,,,,,,,105
,,,,,,,1468
,,,,,,,3908
,,,,,,,1176
,,,,,,,4993
,,,,,,,2136
,,,,,,,2932
,,,,,,,4435
,,,,,,,2321
,,,,,,,357
,,,,,,,3564
,,,,,,,1686
,,,,,,,147
,,,,,,,400
,,,,,,,2843
,,,,,,,3137
,,,,,,,3901
,,,,,,,113
,,,,,,,1986
,,,,,,,935
,,,,,,,2552
,,,,,,,2893
,,,,,,,1605
,,,,,,,2836
,,,,,,,4592
,,,,,,,4304
,,,,,,,2445
,,,,,,,3183
,,,,,,,2293
,,,,,,,4166
,,,,,,,3253
,,,,,,,3457
,,,,,,,4339
,,,,,,,4782
,,,,,,,2009
,,,,,,,3263
,,,,,,,1184
,,,,,,,2793
,,,,,,,4046
,,,,,,,2817
,,,,,,,729
,,,,,,,3097
,,,,,,,4875
,,,,,,,4805
,,,,,,,2890
,,,,,,,2116
,,,,,,,4357
,,,,,,,3439
,,,,,,,3411
,,,,,,,2411
,,,,,,,3044
,,,,,,,1352
,,,,,,,3204
,,,,,,,1940
,,,,,,,2513
,,,,,,,4149
,,,,,,,1254
,,,,,,,1732
,,,,,,,4278
,,,,,,,3063
,,,,,,,1679
,,,,,,,2283
,,,,,,,1162
,,,,,,,52
,,,,,,,1917
,,,,,,,3385
,,,,,,,3059
,,,,,,,2352
,,,,,,,2033
,,,,,,,2968
,,,,,,,4065
,,,,,,,462
,,,,,,,2706
,,,,,,,1043
,,,,,,,954
,,,,,,,636
,,,,,,,561
,,,,,,,3896
,,,,,,,1629
,,,,,,,3702
,,,,,,,3023
,,,,,,,3012
,,,,,,,3763
,,,,,,,386
,,,,,,,867
,,,,,,,1913
,,,,,,,3009
,,,,,,,3717
,,,,,,,3169
,,,,,,,2678
,,,,,,,2443
,,,,,,,1577
,,,,,,,4688
,,,,,,,4006
,,,,,,,4120
,,,,,,,4134
,,,,,,,3033
,,,,,,,1724
,,,,,,,2400
,,,,,,,2196
,,,,,,,4276
,,,,,,,3237
,,,,,,,4457
,,,,,,,1181
,,,,,,,4882
,,,,,,,1764
,,,,,,,3421
,,,,,,,3772
,,,,,,,976
,,,,,,,1829
,,,,,,,4001
,,,,,,,3203
,,,,,,,60
,,,,,,,3101
,,,,,,,4934
,,,,,,,1845
,,,,,,,1509
,,,,,,,4261
,,,,,,,4779
,,,,,,,170
,,,,,,,4326
,,,,,,,3518
,,,,,,,1743
,,,,,,,3994
,,,,,,,4566
,,,,,,,1462
,,,,,,,2166
,,,,,,,1005
,,,,,,,4141
,,,,,,,1685
,,,,,,,4878
,,,,,,,3332
,,,,,,,2011
,,,,,,,3376
,,,,,,,1373
,,,,,,,2153
,,,,,,,4729
,,,,,,,3164
,,,,,,,4833
,,,,,,,1444
,,,,,,,4586
,,,,,,,4324
,,,,,,,3946
,,,,,,,3858
,,,,,,,3943
,,,,,,,3516
,,,,,,,4252
,,,,,,,4932
,,,,,,,654
,,,,,,,1749
,,,,,,,4703
,,,,,,,2520
,,,,,,,4365
,,,,,,,1821
,,,,,,,2477
,,,,,,,226
,,,,,,,2782
,,,,,,,63
,,,,,,,512
,,,,,,,2458
,,,,,,,2243
,,,,,,,444
,,,,,,,2714
,,,,,,,2942
,,,,,,,476
,,,,,,,3707
,,,,,,,4835
,,,,,,,4482
,,,,,,,2044
,,,,,,,4441
,,,,,,,3628
,,,,,,,2597
,,,,,,,1174
,,,,,,,1838
,,,,,,,3419
,,,,,,,2479
,,,,,,,2921
,,,,,,,764
,,,,,,,880
,,,,,,,4300
,,,,,,,1357
,,,,,,,1500
,,,,,,,4281
,,,,,,,2104
,,,,,,,2036
,,,,,,,1012
,,,,,,,3749
,,,,,,,461
,,,,,,,3404
,,,,,,,3000
,,,,,,,1594
,,,,,,,1771
,,,,,,,4973
,,,,,,,1916
,,,,,,,2072
,,,,,,,1044
,,,,,,,2096
,,,,,,,2011
,,,,,,,3519
,,,,,,,4538
,,,,,,,1283
,,,,,,,4500
,,,,,,,3692
,,,,,,,4624
,,,,,,,4637
,,,,,,,4512
,,,,,,,3234
,,,,,,,2528
,,,,,,,3871
,,,,,,,1679
,,,,,,,4854
,,,,,,,1528
,,,,,,,293
,,,,,,,2765
,,,,,,,3688
,,,,,,,2479
,,,,,,,4970
,,,,,,,2249
,,,,,,,2951
,,,,,,,4764
,,,,,,,3433
,,,,,,,219
,,,,,,,4257
,,,,,,,576
,,,,,,,2899
,,,,,,,4779
,,,,,,,1990
,,,,,,,687
,,,,,,,2572
,,,,,,,1616
,,,,,,,352
,,,,,,,3021
,,,,,,,4690
,,,,,,,3176
,,,,,,,4919
,,,,,,,2467
,,,,,,,2618
,,,,,,,3614
,,,,,,,1335
,,,,,,,981
,,,,,,,464
,,,,,,,1651
,,,,,,,646
,,,,,,,4365
,,,,,,,2949
,,,,,,,3257
,,,,,,,301
,,,,,,,700
,,,,,,,3976
,,,,,,,3425
,,,,,,,391
,,,,,,,2754
,,,,,,,1511
,,,,,,,4446
,,,,,,,3116
,,,,,,,2688
,,,,,,,4822
,,,,,,,1479
,,,,,,,667
,,,,,,,675
,,,,,,,1374
,,,,,,,3372
,,,,,,,2574
,,,,,,,4182
,,,,,,,841
,,,,,,,2855
,,,,,,,3348
,,,,,,,350
,,,,,,,2755
,,,,,,,1243
,,,,,,,4523
,,,,,,,4031
,,,,,,,3509
,,,,,,,2465
,,,,,,,2000
,,,,,,,1554
,,,,,,,4801
,,,,,,,3906
,,,,,,,3984
,,,,,,,1164
,,,,,,,946
,,,,,,,1888
,,,,,,,2038
,,,,,,,1367
,,,,,,,1852
,,,,,,,2129
,,,,,,,3164
,,,,,,,4781
,,,,,,,2561
,,,,,,,317
,,,,,,,2027
,,,,,,,601
,,,,,,,2506
,,,,,,,1109
,,,,,,,2508
,,,,,,,44
,,,,,,,1263
,,,,,,,3619
,,,,,,,494
,,,,,,,1036
,,,,,,,95
,,,,,,,4639
,,,,,,,371
,,,,,,,3873
,,,,,,,4492
,,,,,,,3712
,,,,,,,2992
,,,,,,,54
,,,,,,,4771
,,,,,,,1901
,,,,,,,4413
,,,,,,,3226
,,,,,,,4199
,,,,,,,1947
,,,,,,,4493
,,,,,,,1123
,,,,,,,27
,,,,,,,4519
,,,,,,,1957
,,,,,,,997
,,,,,,,3069
,,,,,,,1831
,,,,,,,1636
,,,,,,,147
,,,,,,,1732
,,,,,,,2209
,,,,,,,4710
,,,,,,,2042
,,,,,,,2127
,,,,,,,2319
,,,,,,,2282
,,,,,,,1875
,,,,,,,4123
,,,,,,,1097
,,,,,,,801
,,,,,,,4952
,,,,,,,1930
,,,,,,,2463
,,,,,,,418
,,,,,,,1881
,,,,,,,1906
,,,,,,,3741
,,,,,,,1003
,,,,,,,2752
,,,,,,,2876
,,,,,,,1019
,,,,,,,3115
,,,,,,,4698
,,,,,,,4533
,,,,,,,2586
,,,,,,,2430
,,,,,,,3566
,,,,,,,809
,,,,,,,3532
,,,,,,,612
,,,,,,,1524
,,,,,,,452
,,,,,,,3809
,,,,,,,2430
,,,,,,,4117
,,,,,,,12
,,,,,,,2168
,,,,,,,2345
,,,,,,,3920
,,,,,,,2712
,,,,,,,2643
,,,,,,,4118
,,,,,,,1772
,,,,,,,2803
,,,,,,,4080
,,,,,,,1163
,,,,,,,389
,,,,,,,2646
,,,,,,,770
,,,,,,,3030
,,,,,,,2861
,,,,,,,1142
,,,,,,,12
,,,,,,,2185
,,,,,,,3879
,,,,,,,2530
,,,,,,,2476
,,,,,,,2462
,,,,,,,485
,,,,,,,2326
,,,,,,,605
,,,,,,,2174
,,,,,,,1802
,,,,,,,3532
,,,,,,,3450
,,,,,,,3738
,,,,,,,4815
,,,,,,,1481
,,,,,,,3613
,,,,,,,2282
,,,,,,,1668
,,,,,,,1963
,,,,,,,1466
,,,,,,,4455
,,,,,,,4223
,,,,,,,1631
,,,,,,,2196
,,,,,,,4339
,,,,,,,1423
,,,,,,,3472
,,,,,,,3233
,,,,,,,2040
,,,,,,,4482
,,,,,,,4575
,,,,,,,64
,,,,,,,769
,,,,,,,1853
,,,,,,,2826
,,,,,,,1942
,,,,,,,2592
,,,,,,,1037
,,,,,,,741
,,,,,,,2312
,,,,,,,743
,,,,,,,4693
,,,,,,,4114
,,,,,,,3352
,,,,,,,3257
,,,,,,,922
,,,,,,,847
,,,,,,,2907
,,,,,,,3104
,,,,,,,3107
,,,,,,,2203
,,,,,,,570
,,,,,,,249
,,,,,,,4679
,,,,,,,1294
,,,,,,,3955
,,,,,,,3485
,,,,,,,4011
,,,,,,,250
,,,,,,,4709
,,,,,,,188
,,,,,,,1124
,,,,,,,284
,,,,,,,477
,,,,,,,3549
,,,,,,,3872
,,,,,,,3257
,,,,,,,1215
,,,,,,,924
,,,,,,,1790
,,,,,,,437
,,,,,,,4643
,,,,,,,2864
,,,,,,,3614
,,,,,,,3416
,,,,,,,1595
,,,,,,,2365
,,,,,,,1312
,,,,,,,992
,,,,,,,286
,,,,,,,4346
,,,,,,,4417
,,,,,,,458
,,,,,,,4828
,,,,,,,2218
,,,,,,,3941
,,,,,,,4419
,,,,,,,4074
,,,,,,,4102
,,,,,,,4314
,,,,,,,4581
,,,,,,,2341
,,,,,,,748
,,,,,,,4100
,,,,,,,3888
,,,,,,,2636
,,,,,,,2804
,,,,,,,2872
,,,,,,,3769
,,,,,,,4118
,,,,,,,938
,,,,,,,3226
,,,,,,,290
,,,,,,,649
,,,,,,,998
,,,,,,,193
,,,,,,,457
,,,,,,,1492
,,,,,,,2427
,,,,,,,4639
,,,,,,,3519
,,,,,,,4530
,,,,,,,2821
,,,,,,,197
,,,,,,,2190
,,,,,,,2304
,,,,,,,3026
,,,,,,,3845
,,,,,,,4619
,,,,,,,4410
,,,,,,,2007
,,,,,,,3126
,,,,,,,3186
,,,,,,,2391
,,,,,,,2157
,,,,,,,2082
,,,,,,,3279
,,,,,,,1336
,,,,,,,4478
,,,,,,,966
,,,,,,,1874
,,,,,,,574
,,,,,,,4273
,,,,,,,4662
,,,,,,,383
,,,,,,,3225
,,,,,,,1225
,,,,,,,3217
,,,,,,,320
,,,,,,,3194
,,,,,,,2710
,,,,,,,590
,,,,,,,3077
,,,,,,,1720
,,,,,,,1400
,,,,,,,1480
,,,,,,,2723
,,,,,,,696
,,,,,,,642
,,,,,,,4494
,,,,,,,2946
,,,,,,,1633
,,,,,,,1330
,,,,,,,1237
,,,,,,,4054
,,,,,,,3975
,,,,,,,3023
,,,,,,,2325
,,,,,,,1606
,,,,,,,1899
,,,,,,,4333
,,,,,,,4591
,,,,,,,3365
,,,,,,,3584
,,,,,,,3806
,,,,,,,4416
,,,,,,,2394
,,,,,,,217
,,,,,,,4829
,,,,,,,2162
,,,,,,,4443
,,,,,,,4233
,,,,,,,4760
,,,,,,,745
,,,,,,,1183
,,,,,,,972
,,,,,,,1176
,,,,,,,1033
,,,,,,,4495
,,,,,,,2240
,,,,,,,3389
,,,,,,,2974
,,,,,,,4813
,,,,,,,4492
,,,,,,,812
,,,,,,,2795
,,,,,,,42
,,,,,,,2930
,,,,,,,2366
,,,,,,,1623
,,,,,,,2230
,,,,,,,654
,,,,,,,2776
,,,,,,,2570
,,,,,,,607
,,,,,,,3851
,,,,,,,1548
,,,,,,,773
,,,,,,,4659
,,,,,,,2907
,,,,,,,416
,,,,,,,1892
,,,,,,,2269
,,,,,,,1374
,,,,,,,3036
,,,,,,,1083
,,,,,,,3324
,,,,,,,2329
,,,,,,,2998
,,,,,,,2173
,,,,,,,1096
,,,,,,,512
,,,,,,,4486
,,,,,,,3241
,,,,,,,3429
,,,,,,,3495
,,,,,,,910
,,,,,,,2048
,,,,,,,1719
,,,,,,,3328
,,,,,,,4092
,,,,,,,371
,,,,,,,3524
,,,,,,,2245
,,,,,,,4836
,,,,,,,4572
,,,,,,,3658
,,,,,,,2776
,,,,,,,929
,,,,,,,156
,,,,,,,4538
,,,,,,,3439
,,,,,,,4269
,,,,,,,1853
,,,,,,,1943
,,,,,,,783
,,,,,,,265
,,,,,,,1959
,,,,,,,4073
,,,,,,,4334
,,,,,,,2754
,,,,,,,4772
,,,,,,,4994
,,,,,,,4040
,,,,,,,4977
,,,,,,,723
,,,,,,,386
,,,,,,,4219
,,,,,,,1987
,,,,,,,1611
,,,,,,,1981
,,,,,,,2707
,,,,,,,3604
,,,,,,,4534
,,,,,,,3865
,,,,,,,4269
,,,,,,,144
,,,,,,,4765
,,,,,,,666
,,,,,,,1348
,,,,,,,3542
,,,,,,,1675
,,,,,,,3727
,,,,,,,827
,,,,,,,2145
,,,,,,,2911
,,,,,,,3902
,,,,,,,171
,,,,,,,3541
,,,,,,,4079
,,,,,,,1729
,,,,,,,1263
,,,,,,,4908
,,,,,,,1152
,,,,,,,1826
,,,,,,,775
,,,,,,,2218
,,,,,,,524
,,,,,,,2854
,,,,,,,538
,,,,,,,638
,,,,,,,1073
,,,,,,,1061
,,,,,,,1782
,,,,,,,3744
,,,,,,,4492
,,,,,,,2532
,,,,,,,252
,,,,,,,800
,,,,,,,2809
,,,,,,,118
,,,,,,,4943
,,,,,,,3372
,,,,,,,3210
,,,,,,,4958
,,,,,,,1487
,,,,,,,1018
,,,,,,,70
,,,,,,,840
,,,,,,,180
,,,,,,,2700
,,,,,,,3000
,,,,,,,403
,,,,,,,2854
,,,,,,,4851
,,,,,,,4345
,,,,,,,4330
,,,,,,,4673
,,,,,,,4009
,,,,,,,311
,,,,,,,111
,,,,,,,3406
,,,,,,,4602
,,,,,,,248
,,,,,,,3878
,,,,,,,3289
,,,,,,,904
,,,,,,,3181
,,,,,,,847
,,,,,,,4973
,,,,,,,3346
,,,,,,,355
,,,,,,,3693
,,,,,,,685
,,,,,,,4107
,,,,,,,2014
,,,,,,,4653
,,,,,,,4853
,,,,,,,2425
,,,,,,,4315
,,,,,,,385
,,,,,,,1503
,,,,,,,454
,,,,,,,4385
,,,,,,,231
,,,,,,,287
,,,,,,,1707
,,,,,,,468
,,,,,,,1276
,,,,,,,1121
,,,,,,,2483
,,,,,,,1856
,,,,,,,1125
,,,,,,,2742
,,,,,,,3429
,,,,,,,2444
,,,,,,,1455
,,,,,,,4211
,,,,,,,1779
,,,,,,,4310
,,,,,,,1797
,,,,,,,1780
,,,,,,,2973
,,,,,,,4383
,,,,,,,1113
,,,,,,,2770
,,,,,,,4812
,,,,,,,1743
,,,,,,,130
,,,,,,,2303
,,,,,,,3746
,,,,,,,200
,,,,,,,3457
,,,,,,,4437
,,,,,,,3262
,,,,,,,2520
,,,,,,,2265
,,,,,,,4653
,,,,,,,1779
,,,,,,,1268
,,,,,,,587
,,,,,,,3357
,,,,,,,39
,,,,,,,2585
,,,,,,,876
,,,,,,,4939
,,,,,,,3861
,,,,,,,3924
,,,,,,,2124
,,,,,,,1147
,,,,,,,2749
,,,,,,,1606
,,,,,,,4510
,,,,,,,1532
,,,,,,,564
,,,,,,,3401
,,,,,,,4693
,,,,,,,54
,,,,,,,2022
,,,,,,,1725
,,,,,,,990
,,,,,,,3854
,,,,,,,644
,,,,,,,4539
,,,,,,,2253
,,,,,,,620
,,,,,,,3945
,,,,,,,3445
,,,,,,,840
,,,,,,,1486
,,,,,,,3983
,,,,,,,2574
,,,,,,,1520
,,,,,,,140
,,,,,,,588
,,,,,,,2024
,,,,,,,4740
,,,,,,,3498
,,,,,,,370
,,,,,,,3567
,,,,,,,2149
,,,,,,,1756
,,,,,,,1759
,,,,,,,603
,,,,,,,1888
,,,,,,,1566
,,,,,,,1794
,,,,,,,2852
,,,,,,,1632
,,,,,,,3274
,,,,,,,362
,,,,,,,435
,,,,,,,1107
,,,,,,,3991
,,,,,,,2681
,,,,,,,2832
,,,,,,,4587
,,,,,,,4125
,,,,,,,4309
,,,,,,,1030
,,,,,,,2799
,,,,,,,2033
,,,,,,,2301
,,,,,,,1652
,,,,,,,4516
,,,,,,,2413
,,,,,,,4514
,,,,,,,4481
,,,,,,,3874
,,,,,,,4917
,,,,,,,602
,,,,,,,2287
,,,,,,,3594
,,,,,,,3130
,,,,,,,2771
,,,,,,,1278
,,,,,,,1174
,,,,,,,1352
,,,,,,,1963
,,,,,,,2276
,,,,,,,3783
,,,,,,,1523
,,,,,,,2292
,,,,,,,4931
,,,,,,,3112
,,,,,,,627
,,,,,,,702
,,,,,,,3268
,,,,,,,4409
,,,,,,,75
,,,,,,,4575
,,,,,,,3105
,,,,,,,2012
,,,,,,,2015
,,,,,,,2576
,,,,,,,1001
,,,,,,,2317
,,,,,,,1388
,,,,,,,2794
,,,,,,,4924
,,,,,,,1072
,,,,,,,3149
,,,,,,,2277
,,,,,,,995
,,,,,,,282
,,,,,,,3199
,,,,,,,4935
,,,,,,,3051
,,,,,,,1518
,,,,,,,3894
,,,,,,,318
,,,,,,,3467
,,,,,,,3834
,,,,,,,2815
,,,,,,,3947
,,,,,,,4835
,,,,,,,4500
,,,,,,,4396
,,,,,,,1630
,,,,,,,1384
,,,,,,,740
,,,,,,,31
,,,,,,,3976
,,,,,,,4787
,,,,,,,3247
,,,,,,,1679
,,,,,,,870
,,,,,,,4402
,,,,,,,3044
,,,,,,,2441
,,,,,,,3550
,,,,,,,1504
,,,,,,,3803
,,,,,,,3432
,,,,,,,1635
,,,,,,,482
,,,,,,,4474
,,,,,,,3766
,,,,,,,4758
,,,,,,,1561
,,,,,,,307
,,,,,,,3664
,,,,,,,4487
,,,,,,,2593
,,,,,,,2983
,,,,,,,1734
,,,,,,,4739
,,,,,,,3717
,,,,,,,2248
,,,,,,,4544
,,,,,,,2145
,,,,,,,131
,,,,,,,693
,,,,,,,955
,,,,,,,3142
,,,,,,,3002
,,,,,,,4186
,,,,,,,3032
,,,,,,,3748
,,,,,,,4254
,,,,,,,3760
,,,,,,,3136
,,,,,,,2429
,,,,,,,755
,,,,,,,2641
,,,,,,,906
,,,,,,,4228
,,,,,,,704
,,,,,,,2165
,,,,,,,884
,,,,,,,2773
,,,,,,,2811
,,,,,,,4336
,,,,,,,4972
,,,,,,,540
,,,,,,,1852
,,,,,,,1910
,,,,,,,4009
,,,,,,,144
,,,,,,,3640
,,,,,,,3514
,,,,,,,1233
,,,,,,,456
,,,,,,,2583
,,,,,,,4064
,,,,,,,4810
,,,,,,,2107
,,,,,,,1118
,,,,,,,3835
,,,,,,,3629
,,,,,,,2112
,,,,,,,1297
,,,,,,,1526
,,,,,,,4292
,,,,,,,1934
,,,,,,,2664
,,,,,,,4502
,,,,,,,3436
,,,,,,,3012
,,,,,,,3712
,,,,,,,3855
,,,,,,,3467
,,,,,,,4135
,,,,,,,4402
,,,,,,,1308
,,,,,,,1787
,,,,,,,757
,,,,,,,3292
,,,,,,,971
,,,,,,,2493
,,,,,,,3535
,,,,,,,555
,,,,,,,1250
,,,,,,,374
,,,,,,,4711
,,,,,,,2514
,,,,,,,3171
,,,,,,,3982
,,,,,,,248
,,,,,,,4159
,,,,,,,1044
,,,,,,,3781
,,,,,,,2304
,,,,,,,374
,,,,,,,3230
,,,,,,,3915
,,,,,,,567
,,,,,,,1059
,,,,,,,4559
,,,,,,,3719
,,,,,,,4703
,,,,,,,3886
,,,,,,,2665
,,,,,,,1368
,,,,,,,138
,,,,,,,268
,,,,,,,1918
,,,,,,,2189
,,,,,,,1459
,,,,,,,4690
,,,,,,,1116
,,,,,,,2416
,,,,,,,709
,,,,,,,130
,,,,,,,3189
,,,,,,,1463
,,,,,,,1359
,,,,,,,1922
,,,,,,,1977
,,,,,,,3852
,,,,,,,2329
,,,,,,,1914
,,,,,,,2214
,,,,,,,2514
,,,,,,,3912
,,,,,,,1576
,,,,,,,2530
,,,,,,,3855
,,,,,,,2001
,,,,,,,53
,,,,,,,1635
,,,,,,,3103
,,,,,,,2302
,,,,,,,2797
,,,,,,,2909
,,,,,,,1531
,,,,,,,1944
,,,,,,,1579
,,,,,,,1490
,,,,,,,3787
,,,,,,,4008
,,,,,,,765
,,,,,,,4619
,,,,,,,1614
,,,,,,,840
,,,,,,,1376
,,,,,,,3706
,,,,,,,126
,,,,,,,4203
,,,,,,,4750
,,,,,,,2751
,,,,,,,1450
,,,,,,,4374
,,,,,,,2867
,,,,,,,142
,,,,,,,4354
,,,,,,,2583
,,,,,,,2456
,,,,,,,2962
,,,,,,,2694
,,,,,,,3322
,,,,,,,3830
,,,,,,,2821
,,,,,,,1418
,,,,,,,1598
,,,,,,,4058
,,,,,,,587
,,,,,,,2922
,,,,,,,484
,,,,,,,2656
,,,,,,,607
,,,,,,,4142
,,,,,,,1597
,,,,,,,3510
,,,,,,,753
,,,,,,,4797
,,,,,,,865
,,,,,,,3113
,,,,,,,1596
,,,,,,,431
,,,,,,,1180
,,,,,,,117
,,,,,,,2578
,,,,,,,4529
,,,,,,,4825
,,,,,,,2318
,,,,,,,402
,,,,,,,2034
,,,,,,,376
,,,,,,,4774
,,,,,,,1568
,,,,,,,547
,,,,,,,1681
,,,,,,,4239
,,,,,,,2731
,,,,,,,812
,,,,,,,1654
,,,,,,,1054
,,,,,,,4822
,,,,,,,2480
,,,,,,,3291
,,,,,,,3737
,,,,,,,923
,,,,,,,4372
,,,,,,,1631
,,,,,,,4383
,,,,,,,1348
,,,,,,,656
,,,,,,,620
,,,,,,,2268
,,,,,,,2390
,,,,,,,3359
,,,,,,,4438
,,,,,,,2781
,,,,,,,1934
,,,,,,,712
,,,,,,,4719
,,,,,,,4909
,,,,,,,395
,,,,,,,4209
,,,,,,,4242
,,,,,,,3883
,,,,,,,437
,,,,,,,3402
,,,,,,,3210
,,,,,,,479
,,,,,,,1457
,,,,,,,3756
,,,,,,,1232
,,,,,,,3
,,,,,,,4516
,,,,,,,1105
,,,,,,,1372
,,,,,,,3628
,,,,,,,284
,,,,,,,4686
,,,,,,,514
,,,,,,,247
,,,,,,,4321
,,,,,,,315
,,,,,,,3115
,,,,,,,4063
,,,,,,,2550
,,,,,,,3341
,,,,,,,1526
,,,,,,,1443
,,,,,,,2089
,,,,,,,4402
,,,,,,,203
,,,,,,,48
,,,,,,,4413
,,,,,,,4101
,,,,,,,429
,,,,,,,4854
,,,,,,,1331
,,,,,,,4892
,,,,,,,3418
,,,,,,,4572
,,,,,,,3222
,,,,,,,3570
,,,,,,,480
,,,,,,,1915
,,,,,,,4096
,,,,,,,2068
,,,,,,,277
,,,,,,,612
,,,,,,,2426
,,,,,,,2984
,,,,,,,3206
,,,,,,,3185
,,,,,,,205
,,,,,,,783
,,,,,,,4365
,,,,,,,3377
,,,,,,,2887
,,,,,,,2443
,,,,,,,3854
,,,,,,,1311
,,,,,,,3543
,,,,,,,4839
,,,,,,,1527
,,,,,,,2980
,,,,,,,663
,,,,,,,1348
,,,,,,,1970
,,,,,,,3958
,,,,,,,974
,,,,,,,4837
,,,,,,,2146
,,,,,,,4804
,,,,,,,621
,,,,,,,4841
,,,,,,,585
,,,,,,,999
,,,,,,,2957
,,,,,,,2767
,,,,,,,2715
,,,,,,,2792
,,,,,,,4014
,,,,,,,2427
,,,,,,,1774
,,,,,,,1882
,,,,,,,3023
,,,,,,,503
,,,,,,,3969
,,,,,,,2425
,,,,,,,4882
,,,,,,,809
,,,,,,,363
,,,,,,,3047
,,,,,,,3585
,,,,,,,3641
,,,,,,,2808
,,,,,,,4786
,,,,,,,2341
,,,,,,,4369
,,,,,,,4426
,,,,,,,4940
,,,,,,,1000
,,,,,,,4370
,,,,,,,1638
,,,,,,,302
,,,,,,,207
,,,,,,,1111
,,,,,,,853
,,,,,,,173
,,,,,,,3904
,,,,,,,3543
,,,,,,,2662
,,,,,,,3552
,,,,,,,1890
,,,,,,,1200
,,,,,,,3203
,,,,,,,1346
,,,,,,,3902
,,,,,,,3198
,,,,,,,2382
,,,,,,,2841
,,,,,,,2736
,,,,,,,4682
,,,,,,,3330
,,,,,,,2246
,,,,,,,3886
,,,,,,,2929
,,,,,,,368
,,,,,,,4740
,,,,,,,4217
,,,,,,,554
,,,,,,,1547
,,,,,,,2735
,,,,,,,598
,,,,,,,3026
,,,,,,,2974
,,,,,,,3381
,,,,,,,842
,,,,,,,3861
,,,,,,,2134
,,,,,,,4113
,,,,,,,1748
,,,,,,,1667
,,,,,,,3800
,,,,,,,1246
,,,,,,,4007
,,,,,,,1866
,,,,,,,644
,,,,,,,3329
,,,,,,,95
,,,,,,,106
,,,,,,,3639
,,,,,,,943
,,,,,,,1745
,,,,,,,2613
,,,,,,,4533
,,,,,,,2302
,,,,,,,1260
,,,,,,,2369
,,,,,,,2184
,,,,,,,3257
,,,,,,,2384
,,,,,,,305
,,,,,,,4709
,,,,,,,320
,,,,,,,491
,,,,,,,1370
,,,,,,,2605
,,,,,,,368
,,,,,,,1950
,,,,,,,2966
,,,,,,,989
,,,,,,,3092
,,,,,,,4951
,,,,,,,4096
,,,,,,,1276
,,,,,,,2694
,,,,,,,2672
,,,,,,,850
,,,,,,,1738
,,,,,,,187
,,,,,,,1359
,,,,,,,4584
,,,,,,,2603
,,,,,,,201
,,,,,,,3523
,,,,,,,3305
,,,,,,,2503
,,,,,,,4885
,,,,,,,3080
,,,,,,,1769
,,,,,,,1800
,,,,,,,1965
,,,,,,,2962
,,,,,,,2358
,,,,,,,1296
,,,,,,,161
,,,,,,,2864
,,,,,,,1829
,,,,,,,2713
,,,,,,,3964
,,,,,,,2134
,,,,,,,3009
,,,,,,,3438
,,,,,,,496
,,,,,,,2584
,,,,,,,2543
,,,,,,,1627
,,,,,,,4348
,,,,,,,607
,,,,,,,780
,,,,,,,2747
,,,,,,,981
,,,,,,,4029
,,,,,,,529
,,,,,,,3484
,,,,,,,3729
,,,,,,,2566
,,,,,,,2391
,,,,,,,4913
,,,,,,,3159
,,,,,,,1983
,,,,,,,670
,,,,,,,4926
,,,,,,,2170
,,,,,,,2972
,,,,,,,3150
,,,,,,,4519
,,,,,,,2768
,,,,,,,4447
,,,,,,,3439
,,,,,,,1892
,,,,,,,4722
,,,,,,,872
,,,,,,,1165
,,,,,,,108
,,,,,,,3933
,,,,,,,4506
,,,,,,,3260
,,,,,,,4328
,,,,,,,2272
,,,,,,,865
,,,,,,,3517
,,,,,,,2916
,,,,,,,3908
,,,,,,,3740
,,,,,,,784
,,,,,,,3041
,,,,,,,3803
,,,,,,,2375
,,,,,,,2903
,,,,,,,771
,,,,,,,871
,,,,,,,228
,,,,,,,998
,,,,,,,4750
,,,,,,,4719
,,,,,,,704
,,,,,,,1064
,,,,,,,244
,,,,,,,2535
,,,,,,,2544
,,,,,,,1961
,,,,,,,1269
,,,,,,,2910
,,,,,,,821
,,,,,,,186
,,,,,,,2759
,,,,,,,212
,,,,,,,3214
,,,,,,,1939
,,,,,,,1193
,,,,,,,4834
,,,,,,,2269
,,,,,,,1207
,,,,,,,4240
,,,,,,,396
,,,,,,,4934
,,,,,,,1269
,,,,,,,104
,,,,,,,4255
,,,,,,,1135
,,,,,,,2332
,,,,,,,3135
,,,,,,,71
,,,,,,,2909
,,,,,,,476
,,,,,,,4211
,,,,,,,1399
,,,,,,,716
,,,,,,,4896
,,,,,,,4275
,,,,,,,1180
,,,,,,,2826
,,,,,,,3378
,,,,,,,4065
,,,,,,,2690
,,,,,,,2381
,,,,,,,206
,,,,,,,3228
,,,,,,,4535
,,,,,,,1951
,,,,,,,4154
,,,,,,,1807
,,,,,,,2289
,,,,,,,4961
,,,,,,,4481
,,,,,,,1557
,,,,,,,1898
,,,,,,,47
,,,,,,,4069
,,,,,,,1588
,,,,,,,3189
,,,,,,,3092
,,,,,,,3369
,,,,,,,1972
,,,,,,,489
,,,,,,,4442
,,,,,,,860
,,,,,,,2252
,,,,,,,978
,,,,,,,4150
,,,,,,,4725
,,,,,,,2647
,,,,,,,4050
,,,,,,,4891
,,,,,,,4262
,,,,,,,959
,,,,,,,4925
,,,,,,,4575
,,,,,,,446
,,,,,,,4213
,,,,,,,1289
,,,,,,,923
,,,,,,,2012
,,,,,,,325
,,,,,,,2260
,,,,,,,4285
,,,,,,,3725
,,,,,,,4785
,,,,,,,3582
,,,,,,,3535
,,,,,,,3527
,,,,,,,2940
,,,,,,,4137
,,,,,,,104
,,,,,,,640
,,,,,,,2518
,,,,,,,3071
,,,,,,,577
,,,,,,,2605
,,,,,,,2382
,,,,,,,2996
,,,,,,,4320
,,,,,,,2848
,,,,,,,4852
,,,,,,,2710
,,,,,,,1144
,,,,,,,954
,,,,,,,3992
,,,,,,,4282
,,,,,,,1700
,,,,,,,3313
,,,,,,,3242
,,,,,,,2455
,,,,,,,197
,,,,,,,4944
,,,,,,,1249
,,,,,,,4372
,,,,,,,300
,,,,,,,147
,,,,,,,193
,,,,,,,3658
,,,,,,,3798
,,,,,,,42
,,,,,,,990
,,,,,,,3900
,,,,,,,875
,,,,,,,880
,,,,,,,2036
,,,,,,,3703
,,,,,,,4274
,,,,,,,496
,,,,,,,2762
,,,,,,,669
,,,,,,,3683
,,,,,,,3505
,,,,,,,1339
,,,,,,,331
,,,,,,,4657
,,,,,,,119
,,,,,,,1736
,,,,,,,3006
,,,,,,,1407
,,,,,,,4410
,,,,,,,3044
,,,,,,,3183
,,,,,,,2454
,,,,,,,4099
,,,,,,,2493
,,,,,,,1407
,,,,,,,1837
,,,,,,,2538
,,,,,,,305
,,,,,,,562
,,,,,,,4273
,,,,,,,2381
,,,,,,,4090
,,,,,,,1352
,,,,,,,1939
,,,,,,,1831
,,,,,,,914
,,,,,,,949
,,,,,,,1625
,,,,,,,2220
,,,,,,,4974
,,,,,,,3635
,,,,,,,4410
,,,,,,,414
,,,,,,,113
,,,,,,,530
,,,,,,,4282
,,,,,,,3891
,,,,,,,3235
,,,,,,,3086
,,,,,,,4256
,,,,,,,1001
,,,,,,,2473
,,,,,,,104
,,,,,,,307
,,,,,,,1894
,,,,,,,980
,,,,,,,4639
,,,,,,,2173
,,,,,,,414
,,,,,,,3530
,,,,,,,3659
,,,,,,,1061
,,,,,,,3189
,,,,,,,2019
,,,,,,,3063
,,,,,,,2288
,,,,,,,2218
,,,,,,,1357
,,,,,,,2917
,,,,,,,3185
,,,,,,,3326
,,,,,,,4543
,,,,,,,2062
,,,,,,,4795
,,,,,,,884
,,,,,,,448
,,,,,,,2031
,,,,,,,4927
,,,,,,,2195
,,,,,,,4951
,,,,,,,4892
,,,,,,,4275
,,,,,,,3422
,,,,,,,1772
,,,,,,,3560
,,,,,,,1599
,,,,,,,2334
,,,,,,,1123
,,,,,,,1938
,,,,,,,4257
,,,,,,,4894
,,,,,,,1977
,,,,,,,3453
,,,,,,,1706
,,,,,,,4839
,,,,,,,1344
,,,,,,,55
,,,,,,,3355
,,,,,,,3306
,,,,,,,3261
,,,,,,,1950
,,,,,,,1047
,,,,,,,2379
,,,,,,,3564
,,,,,,,1760
,,,,,,,2473
,,,,,,,774
,,,,,,,416
,,,,,,,3948
,,,,,,,3697
,,,,,,,2177
,,,,,,,1883
,,,,,,,3791
,,,,,,,3986
,,,,,,,3973
,,,,,,,2030
,,,,,,,3782
,,,,,,,3678
,,,,,,,894
,,,,,,,2003
,,,,,,,4890
,,,,,,,4238
,,,,,,,2318
,,,,,,,3580
,,,,,,,1586
,,,,,,,3986
,,,,,,,2826
,,,,,,,4301
,,,,,,,4920
,,,,,,,1594
,,,,,,,4121
,,,,,,,3078
,,,,,,,267
,,,,,,,3331
,,,,,,,4928
,,,,,,,3037
,,,,,,,1412
,,,,,,,2401
,,,,,,,4608
,,,,,,,1304
,,,,,,,2091
,,,,,,,2995
,,,,,,,3559
,,,,,,,3612
,,,,,,,814
,,,,,,,2076
,,,,,,,476
,,,,,,,2669
,,,,,,,2541
,,,,,,,2920
,,,,,,,4632
,,,,,,,447
,,,,,,,3504
,,,,,,,3312
,,,,,,,4578
,,,,,,,3545
,,,,,,,4511
,,,,,,,1551
,,,,,,,1001
,,,,,,,4996
,,,,,,,2291
,,,,,,,1665
,,,,,,,326
,,,,,,,2510
,,,,,,,4047
,,,,,,,1961
,,,,,,,1306
,,,,,,,2053
,,,,,,,823
,,,,,,,2324
,,,,,,,1845
,,,,,,,4005
,,,,,,,1994
,,,,,,,1381
,,,,,,,992
,,,,,,,3776
,,,,,,,1843
,,,,,,,3392
,,,,,,,3828
,,,,,,,489
,,,,,,,424
,,,,,,,2701
,,,,,,,1512
,,,,,,,4565
,,,,,,,1804
,,,,,,,4926
,,,,,,,4051
,,,,,,,2041
,,,,,,,1392
,,,,,,,1775
,,,,,,,2954
,,,,,,,3665
,,,,,,,1462
,,,,,,,3298
,,,,,,,4805
,,,,,,,2605
,,,,,,,4879
,,,,,,,686
,,,,,,,3020
,,,,,,,2785
,,,,,,,1128
,,,,,,,1690
,,,,,,,1240
,,,,,,,1260
,,,,,,,2903
,,,,,,,4534
,,,,,,,3232
,,,,,,,1445
,,,,,,,3679
,,,,,,,3264
,,,,,,,2038
,,,,,,,2302
,,,,,,,3274
,,,,,,,1950
,,,,,,,888
,,,,,,,2351
,,,,,,,4364
,,,,,,,1572
,,,,,,,4714
,,,,,,,3332
,,,,,,,2767
,,,,,,,2988
,,,,,,,3598
,,,,,,,2396
,,,,,,,3094
,,,,,,,4977
,,,,,,,4159
,,,,,,,3812
,,,,,,,4979
,,,,,,,4093
,,,,,,,4636
,,,,,,,4229
,,,,,,,3470
,,,,,,,3693
,,,,,,,3875
,,,,,,,826
,,,,,,,2901
,,,,,,,2708
,,,,,,,4432
,,,,,,,4500
,,,,,,,2237
,,,,,,,1
,,,,,,,3269
,,,,,,,508
,,,,,,,3775
,,,,,,,461
,,,,,,,1934
,,,,,,,3925
,,,,,,,4891
,,,,,,,3822
,,,,,,,3281
,,,,,,,3663
,,,,,,,450
,,,,,,,4074
,,,,,,,781
,,,,,,,4001
,,,,,,,3999
,,,,,,,3600
,,,,,,,1918
,,,,,,,4718
,,,,,,,416
,,,,,,,1357
,,,,,,,2099
,,,,,,,1869
,,,,,,,2325
,,,,,,,1832
,,,,,,,4152
,,,,,,,1144
,,,,,,,1017
,,,,,,,1565
,,,,,,,1561
,,,,,,,3450
,,,,,,,972
,,,,,,,4771
,,,,,,,71
,,,,,,,2614
,,,,,,,4576
,,,,,,,1592
,,,,,,,1052
,,,,,,,250
,,,,,,,1988
,,,,,,,4276
,,,,,,,1334
,,,,,,,1715
,,,,,,,4183
,,,,,,,549
,,,,,,,4005
,,,,,,,3954
,,,,,,,4357
,,,,,,,2517
,,,,,,,3021
,,,,,,,995
,,,,,,,4847
,,,,,,,3420
,,,,,,,4097
,,,,,,,3576
,,,,,,,4682
,,,,,,,768
,,,,,,,1611
,,,,,,,204
,,,,,,,2522
,,,,,,,1749
,,,,,,,4800
,,,,,,,1431
,,,,,,,3210
,,,,,,,4029
,,,,,,,11
,,,,,,,1806
,,,,,,,679
,,,,,,,3431
,,,,,,,1410
,,,,,,,1769
,,,,,,,3067
,,,,,,,245
,,,,,,,2112
,,,,,,,1144
,,,,,,,3190
,,,,,,,3592
,,,,,,,4667
,,,,,,,1135
,,,,,,,4901
,,,,,,,3514
,,,,,,,2013
,,,,,,,691
,,,,,,,18
,,,,,,,3128
,,,,,,,4730
,,,,,,,2650
,,,,,,,4827
,,,,,,,4208
,,,,,,,386
,,,,,,,3590
,,,,,,,961
,,,,,,,2407
,,,,,,,3233
,,,,,,,4279
,,,,,,,3432
,,,,,,,4252
,,,,,,,4890
,,,,,,,4113
,,,,,,,4277
,,,,,,,3058
,,,,,,,1139
,,,,,,,3279
,,,,,,,3275
,,,,,,,2767
,,,,,,,1120
,,,,,,,4908
,,,,,,,4331
,,,,,,,759
,,,,,,,2132
,,,,,,,850
,,,,,,,4529
,,,,,,,187
,,,,,,,14
,,,,,,,4649
,,,,,,,2439
,,,,,,,3938
,,,,,,,2853
,,,,,,,1747
,,,,,,,15
,,,,,,,383
,,,,,,,2605
,,,,,,,1400
,,,,,,,1456
,,,,,,,3981
,,,,,,,2656
,,,,,,,3560
,,,,,,,4068
,,,,,,,4499
,,,,,,,2598
,,,,,,,4133
,,,,,,,3260
,,,,,,,1581
,,,,,,,1718
,,,,,,,4225
,,,,,,,2922
,,,,,,,188
,,,,,,,2259
,,,,,,,1516
,,,,,,,2187
,,,,,,,1328
,,,,,,,1805
,,,,,,,83
,,,,,,,733
,,,,,,,2215
,,,,,,,3681
,,,,,,,3907
,,,,,,,2477
,,,,,,,2149
,,,,,,,1
,,,,,,,203
,,,,,,,2986
,,,,,,,1785
,,,,,,,2459
,,,,,,,1379
,,,,,,,4283
,,,,,,,1919
,,,,,,,1042
,,,,,,,661
,,,,,,,1089
,,,,,,,411
,,,,,,,1073
,,,,,,,544
,,,,,,,1388
,,,,,,,4858
,,,,,,,2867
,,,,,,,1971
,,,,,,,2077
,,,,,,,1139
,,,,,,,3401
,,,,,,,1353
,,,,,,,1276
,,,,,,,4100
,,,,,,,1716
,,,,,,,558
,,,,,,,3234
,,,,,,,3814
,,,,,,,937
,,,,,,,4464
,,,,,,,3525
,,,,,,,4677
,,,,,,,2519
,,,,,,,631
,,,,,,,4370
,,,,,,,933
,,,,,,,1837
,,,,,,,1244
,,,,,,,4480
,,,,,,,729
,,,,,,,44
,,,,,,,4202
,,,,,,,4504
,,,,,,,3307
,,,,,,,3644
,,,,,,,3953
,,,,,,,3649
,,,,,,,3473
,,,,,,,3868
,,,,,,,2638
,,,,,,,4105
,,,,,,,4405
,,,,,,,4414
,,,,,,,71
,,,,,,,2279
,,,,,,,190
,,,,,,,3854
,,,,,,,1201
,,,,,,,2922
,,,,,,,3118
,,,,,,,2055
,,,,,,,1446
,,,,,,,2264
,,,,,,,914
,,,,,,,572
,,,,,,,2103
,,,,,,,3872
,,,,,,,260
,,,,,,,2064
,,,,,,,3126
,,,,,,,1732
,,,,,,,1528
,,,,,,,2292
,,,,,,,4600
,,,,,,,4837
,,,,,,,4007
,,,,,,,312
,,,,,,,2370
,,,,,,,213
,,,,,,,3415
,,,,,,,2571
,,,,,,,1804
,,,,,,,4910
,,,,,,,2529
,,,,,,,2186
,,,,,,,54
,,,,,,,3965
,,,,,,,3848
,,,,,,,2730
,,,,,,,2127
,,,,,,,392
,,,,,,,4515
,,,,,,,1611
,,,,,,,4644
,,,,,,,3142
,,,,,,,3623
,,,,,,,3550
,,,,,,,1385
,,,,,,,3062
,,,,,,,102
,,,,,,,4669
,,,,,,,2511
,,,,,,,2967
,,,,,,,4170
,,,,,,,948
,,,,,,,784
,,,,,,,2582
,,,,,,,3303
,,,,,,,2563
,,,,,,,3187
,,,,,,,4285
,,,,,,,4424
,,,,,,,4850
,,,,,,,3719
,,,,,,,4177
,,,,,,,1831
,,,,,,,4312
,,,,,,,2269
,,,,,,,1243
,,,,,,,3280
,,,,,,,4723
,,,,,,,2147
,,,,,,,1426
,,,,,,,3217
,,,,,,,2928
,,,,,,,3940
,,,,,,,2200
,,,,,,,4958
,,,,,,,1936
,,,,,,,2449
,,,,,,,1637
,,,,,,,90
,,,,,,,868
,,,,,,,3483
,,,,,,,1761
,,,,,,,3187
,,,,,,,97
,,,,,,,3469
,,,,,,,1507
,,,,,,,2953
,,,,,,,2726
,,,,,,,3944
,,,,,,,4408
,,,,,,,3387
,,,,,,,667
,,,,,,,3771
,,,,,,,113
,,,,,,,4451
,,,,,,,4686
,,,,,,,2789
,,,,,,,2971
,,,,,,,3689
,,,,,,,1192
,,,,,,,4348
,,,,,,,4405
,,,,,,,1783
,,,,,,,1439
,,,,,,,976
,,,,,,,1480
,,,,,,,2431
,,,,,,,1750
,,,,,,,3219
,,,,,,,851
,,,,,,,867
,,,,,,,4531
,,,,,,,2311
,,,,,,,2706
,,,,,,,1700
,,,,,,,1937
,,,,,,,4844
,,,,,,,606
,,,,,,,971
,,,,,,,4344
,,,,,,,760
,,,,,,,2220
,,,,,,,3078
,,,,,,,2854
,,,,,,,130
,,,,,,,1767
,,,,,,,1774
,,,,,,,3040
,,,,,,,2854
,,,,,,,1034
,,,,,,,1167
,,,,,,,2934
,,,,,,,3469
,,,,,,,2426
,,,,,,,724
,,,,,,,3680
,,,,,,,451
,,,,,,,4331
,,,,,,,1376
,,,,,,,588
,,,,,,,1629
,,,,,,,49
,,,,,,,1038
,,,,,,,3934
,,,,,,,4005
,,,,,,,2598
,,,,,,,2704
,,,,,,,946
,,,,,,,3475
,,,,,,,1660
,,,,,,,1808
,,,,,,,707
,,,,,,,2320
,,,,,,,1490
,,,,,,,4866
,,,,,,,1115
,,,,,,,1271
,,,,,,,4093
,,,,,,,3549
,,,,,,,476
,,,,,,,1232
,,,,,,,2243
,,,,,,,699
,,,,,,,769
,,,,,,,4013
,,,,,,,4902
,,,,,,,1797
,,,,,,,1378
,,,,,,,1885
,,,,,,,3058
,,,,,,,4314
,,,,,,,1212
,,,,,,,3092
,,,,,,,1059
,,,,,,,4550
,,,,,,,2256
,,,,,,,3138
,,,,,,,141
,,,,,,,1726
,,,,,,,531
,,,,,,,2947
,,,,,,,4956
,,,,,,,2072
,,,,,,,359
,,,,,,,2878
,,,,,,,1579
,,,,,,,490
,,,,,,,2446
,,,,,,,3085
,,,,,,,2686
,,,,,,,1184
,,,,,,,2520
,,,,,,,2763
,,,,,,,2587
,,,,,,,3232
,,,,,,,4006
,,,,,,,3969
,,,,,,,2634
,,,,,,,1234
,,,,,,,1739
,,,,,,,4741
,,,,,,,1218
,,,,,,,1759
,,,,,,,4740
,,,,,,,959
,,,,,,,4079
,,,,,,,1517
,,,,,,,3067
,,,,,,,1579
,,,,,,,3447
,,,,,,,103
,,,,,,,3726
,,,,,,,1438
,,,,,,,3707
,,,,,,,4050
,,,,,,,1233
,,,,,,,2630
,,,,,,,4547
,,,,,,,1194
,,,,,,,4169
,,,,,,,2230
,,,,,,,3954
,,,,,,,2422
,,,,,,,344
,,,,,,,2244
,,,,,,,2098
,,,,,,,2318
,,,,,,,2492
,,,,,,,2555
,,,,,,,386
,,,,,,,842
,,,,,,,3042
,,,,,,,3139
,,,,,,,35
,,,,,,,3872
,,,,,,,3512
,,,,,,,4586
,,,,,,,3060
,,,,,,,676
,,,,,,,1610
,,,,,,,3610
,,,,,,,2194
,,,,,,,2087
,,,,,,,2224
,,,,,,,893
,,,,,,,3469
,,,,,,,2192
,,,,,,,1285
,,,,,,,4901
,,,,,,,817
,,,,,,,4384
,,,,,,,2304
,,,,,,,4048
,,,,,,,2029
,,,,,,,1807
,,,,,,,3513
,,,,,,,23
,,,,,,,2986
,,,,,,,2668
,,,,,,,4626
,,,,,,,870
,,,,,,,515
,,,,,,,4760
,,,,,,,2177
,,,,,,,819
,,,,,,,2820
,,,,,,,1786
,,,,,,,467
,,,,,,,4696
,,,,,,,2187
,,,,,,,1730
,,,,,,,3184
,,,,,,,4966
,,,,,,,3072
,,,,,,,3741
,,,,,,,3403
,,,,,,,201
,,,,,,,277
,,,,,,,2941
,,,,,,,399
,,,,,,,1984
,,,,,,,4076
,,,,,,,2015
,,,,,,,1484
,,,,,,,4705
,,,,,,,657
,,,,,,,2088
,,,,,,,1278
,,,,,,,4353
,,,,,,,226
,,,,,,,2508
,,,,,,,2307
,,,,,,,130
,,,,,,,3893
,,,,,,,1785
,,,,,,,1851
,,,,,,,4259
,,,,,,,3543
,,,,,,,3316
,,,,,,,2091
,,,,,,,3723
,,,,,,,1041
,,,,,,,1951
,,,,,,,626
,,,,,,,3461
,,,,,,,559
,,,,,,,639
,,,,,,,2024
,,,,,,,4955
,,,,,,,1414
,,,,,,,2344
,,,,,,,4179
,,,,,,,201
,,,,,,,2048
,,,,,,,897
,,,,,,,534
,,,,,,,3608
,,,,,,,262
,,,,,,,3784
,,,,,,,3445
,,,,,,,3031
,,,,,,,4346
,,,,,,,137
,,,,,,,856
,,,,,,,245
,,,,,,,1708
,,,,,,,1078
,,,,,,,588
,,,,,,,925
,,,,,,,345
,,,,,,,1840
,,,,,,,838
,,,,,,,268
,,,,,,,3326
,,,,,,,1012
,,,,,,,3671
,,,,,,,639
,,,,,,,1699
,,,,,,,317
,,,,,,,2345
,,,,,,,326
,,,,,,,1245
,,,,,,,2313
,,,,,,,4370
,,,,,,,4359
,,,,,,,3285
,,,,,,,4425
,,,,,,,1518
,,,,,,,1108
,,,,,,,2441
,,,,,,,4094
,,,,,,,1483
,,,,,,,2290
,,,,,,,2715
,,,,,,,1110
,,,,,,,842
,,,,,,,639
,,,,,,,2138
,,,,,,,4905
,,,,,,,3881
,,,,,,,1302
,,,,,,,230
,,,,,,,1043
,,,,,,,4083
,,,,,,,4858
,,,,,,,2123
,,,,,,,2034
,,,,,,,4074
,,,,,,,4097
,,,,,,,852
,,,,,,,2902
,,,,,,,1912
,,,,,,,2098
,,,,,,,4601
,,,,,,,1518
,,,,,,,2473
,,,,,,,4597
,,,,,,,623
,,,,,,,2593
,,,,,,,2809
,,,,,,,4622
,,,,,,,3304
,,,,,,,3849
,,,,,,,3799
,,,,,,,3835
,,,,,,,3021
,,,,,,,1127
,,,,,,,2521
,,,,,,,3619
,,,,,,,3694
,,,,,,,4032
,,,,,,,4494
,,,,,,,582
,,,,,,,2474
,,,,,,,1306
,,,,,,,4887
,,,,,,,656
,,,,,,,3711
,,,,,,,2528
,,,,,,,2638
,,,,,,,4947
,,,,,,,837
,,,,,,,1335
,,,,,,,50
,,,,,,,2247
,,,,,,,1120
,,,,,,,974
,,,,,,,2856
,,,,,,,3045
,,,,,,,99
,,,,,,,4545
,,,,,,,2881
,,,,,,,3942
,,,,,,,1934
,,,,,,,4604
,,,,,,,1404
,,,,,,,1674
,,,,,,,4642
,,,,,,,4289
,,,,,,,617
,,,,,,,2037
,,,,,,,4430
,,,,,,,2903
,,,,,,,1108
,,,,,,,339
,,,,,,,4840
,,,,,,,3211
,,,,,,,27
,,,,,,,374
,,,,,,,4695
,,,,,,,4977
,,,,,,,2738
,,,,,,,452
,,,,,,,851
,,,,,,,1873
,,,,,,,4151
,,,,,,,3105
,,,,,,,2165
,,,,,,,2115
,,,,,,,2179
,,,,,,,3162
,,,,,,,4154
,,,,,,,1152
,,,,,,,4875
,,,,,,,1144
,,,,,,,412
,,,,,,,431
,,,,,,,4370
,,,,,,,3406
,,,,,,,571
,,,,,,,1933
,,,,,,,3340
,,,,,,,3082
,,,,,,,847
,,,,,,,1643
,,,,,,,2054
,,,,,,,2167
,,,,,,,4606
,,,,,,,2359
,,,,,,,1523
,,,,,,,673
,,,,,,,344
,,,,,,,3343
,,,,,,,724
,,,,,,,1047
,,,,,,,2752
,,,,,,,2572
,,,,,,,4263
,,,,,,,3787
,,,,,,,2713
,,,,,,,3028
,,,,,,,1925
,,,,,,,2149
,,,,,,,517
,,,,,,,2154
,,,,,,,3313
,,,,,,,2613
,,,,,,,1138
,,,,,,,822
,,,,,,,2627
,,,,,,,2002
,,,,,,,1094
,,,,,,,1070
,,,,,,,2301
,,,,,,,706
,,,,,,,2903
,,,,,,,3189
,,,,,,,325
,,,,,,,3065
,,,,,,,2245
,,,,,,,4856
,,,,,,,4579
,,,,,,,4729
,,,,,,,2220
,,,,,,,3408
,,,,,,,403
,,,,,,,1987
,,,,,,,1846
,,,,,,,3708
,,,,,,,2400
,,,,,,,1395
,,,,,,,4595
,,,,,,,3448
,,,,,,,1009
,,,,,,,561
,,,,,,,2058
,,,,,,,1828
,,,,,,,1912
,,,,,,,4028
,,,,,,,3091
,,,,,,,4933
,,,,,,,4326
,,,,,,,291
,,,,,,,3884
,,,,,,,163
,,,,,,,2769
,,,,,,,265
,,,,,,,4631
,,,,,,,4765
,,,,,,,1589
,,,,,,,776
,,,,,,,4096
,,,,,,,2877
,,,,,,,3287
,,,,,,,4101
,,,,,,,4955
,,,,,,,42
,,,,,,,276
,,,,,,,1814
,,,,,,,4266
,,,,,,,3930
,,,,,,,711
,,,,,,,2656
,,,,,,,2665
,,,,,,,3408
,,,,,,,3505
,,,,,,,1116
,,,,,,,2023
,,,,,,,1260
,,,,,,,3605
,,,,,,,4174
,,,,,,,4024
,,,,,,,477
,,,,,,,4445
,,,,,,,4959
,,,,,,,1994
,,,,,,,515
,,,,,,,589
,,,,,,,2869
,,,,,,,4676
,,,,,,,318
,,,,,,,2993
,,,,,,,2023
,,,,,,,2004
,,,,,,,4445
,,,,,,,4669
,,,,,,,4266
,,,,,,,4695
,,,,,,,3317
,,,,,,,126
,,,,,,,4054
,,,,,,,2429
,,,,,,,2875
,,,,,,,704
,,,,,,,3318
,,,,,,,2658
,,,,,,,2480
,,,,,,,173
,,,,,,,4576
,,,,,,,1958
,,,,,,,1387
,,,,,,,3787
,,,,,,,2111
,,,,,,,4188
,,,,,,,3578
,,,,,,,46
,,,,,,,3144
,,,,,,,3738
,,,,,,,1520
,,,,,,,4779
,,,,,,,4238
,,,,,,,262
,,,,,,,1716
,,,,,,,4263
,,,,,,,3004
,,,,,,,4656
,,,,,,,377
,,,,,,,2638
,,,,,,,1863
,,,,,,,260
,,,,,,,2894
,,,,,,,258
,,,,,,,2583
,,,,,,,2188
,,,,,,,1738
,,,,,,,480
,,,,,,,2752
,,,,,,,1270
,,,,,,,4275
,,,,,,,290
,,,,,,,1479
,,,,,,,3512
,,,,,,,1207
,,,,,,,1484
,,,,,,,1857
,,,,,,,3955
,,,,,,,3564
,,,,,,,4524
,,,,,,,2842
,,,,,,,1580
,,,,,,,708
,,,,,,,2981
,,,,,,,3497
,,,,,,,3355
,,,,,,,3489
,,,,,,,2783
,,,,,,,2595
,,,,,,,2018
,,,,,,,2625
,,,,,,,3865
,,,,,,,1767
,,,,,,,2725
,,,,,,,4265
,,,,,,,1973
,,,,,,,3016
,,,,,,,4384
,,,,,,,2551
,,,,,,,211
,,,,,,,820
,,,,,,,1779
,,,,,,,2926
,,,,,,,3808
,,,,,,,4121
,,,,,,,2241
,,,,,,,4597
,,,,,,,780
,,,,,,,1180
,,,,,,,2106
,,,,,,,4895
,,,,,,,2074
,,,,,,,2551
,,,,,,,2913
,,,,,,,4127
,,,,,,,2786
,,,,,,,189
,,,,,,,2516
,,,,,,,2282
,,,,,,,1972
,,,,,,,1975
,,,,,,,667
,,,,,,,462
,,,,,,,3769
,,,,,,,559
,,,,,,,691
,,,,,,,628
,,,,,,,2931
,,,,,,,3221
,,,,,,,4605
,,,,,,,2156
,,,,,,,3802
,,,,,,,285
,,,,,,,1180
,,,,,,,2955
,,,,,,,4069
,,,,,,,4295
,,,,,,,440
,,,,,,,2077
,,,,,,,1615
,,,,,,,3490
,,,,,,,4415
,,,,,,,2295
,,,,,,,1811
,,,,,,,4522
,,,,,,,3099
,,,,,,,1679
,,,,,,,3970
,,,,,,,1227
,,,,,,,1682
,,,,,,,4206
,,,,,,,304
,,,,,,,4752
,,,,,,,2507
,,,,,,,1246
,,,,,,,3224
,,,,,,,1719
,,,,,,,4936
,,,,,,,4984
,,,,,,,249
,,,,,,,4499
,,,,,,,4887
,,,,,,,4131
,,,,,,,4362
,,,,,,,1959
,,,,,,,3000
,,,,,,,245
,,,,,,,4477
,,,,,,,2593
,,,,,,,4518
,,,,,,,603
,,,,,,,629
,,,,,,,3157
,,,,,,,3365
,,,,,,,1181
,,,,,,,2774
,,,,,,,4883
,,,,,,,1140
,,,,,,,790
,,,,,,,2642
,,,,,,,615
,,,,,,,3717
,,,,,,,3064
,,,,,,,3238
,,,,,,,1637
,,,,,,,2800
,,,,,,,2678
,,,,,,,2714
,,,,,,,1258
,,,,,,,1847
,,,,,,,4983
,,,,,,,2459
,,,,,,,3587
,,,,,,,497
,,,,,,,1441
,,,,,,,3487
,,,,,,,3907
,,,,,,,4036
,,,,,,,1235
,,,,,,,4598
,,,,,,,381
,,,,,,,3160
,,,,,,,4928
,,,,,,,2090
,,,,,,,1846
,,,,,,,3465
,,,,,,,3470
,,,,,,,3789
,,,,,,,2980
,,,,,,,1540
,,,,,,,2232
,,,,,,,795
,,,,,,,249
,,,,,,,1608
,,,,,,,2852
,,,,,,,346
,,,,,,,2190
,,,,,,,4535
,,,,,,,1574
,,,,,,,4753
,,,,,,,2332
,,,,,,,1727
,,,,,,,2626
,,,,,,,4892
,,,,,,,3870
,,,,,,,3203
,,,,,,,2766
,,,,,,,3522
,,,,,,,2333
,,,,,,,3704
,,,,,,,1145
,,,,,,,4910
,,,,,,,2877
,,,,,,,3196
,,,,,,,4594
,,,,,,,2906
,,,,,,,81
,,,,,,,2894
,,,,,,,4232
,,,,,,,3360
,,,,,,,2512
,,,,,,,2752
,,,,,,,4559
,,,,,,,4626
,,,,,,,1142
,,,,,,,1795
,,,,,,,4833
,,,,,,,26
,,,,,,,4577
,,,,,,,2952
,,,,,,,2122
,,,,,,,10
,,,,,,,1697
,,,,,,,2036
,,,,,,,285
,,,,,,,850
,,,,,,,1358
,,,,,,,4602
,,,,,,,721
,,,,,,,3248
,,,,,,,3380
,,,,,,,4293
,,,,,,,1236
,,,,,,,2835
,,,,,,,2558
,,,,,,,1983
,,,,,,,1142
,,,,,,,56
,,,,,,,1210
,,,,,,,174
,,,,,,,3224
,,,,,,,3753
,,,,,,,159
,,,,,,,2769
,,,,,,,752
,,,,,,,4858
,,,,,,,1298
,,,,,,,133
,,,,,,,1496
,,,,,,,843
,,,,,,,1286
,,,,,,,198
,,,,,,,842
,,,,,,,4758
,,,,,,,3814
,,,,,,,3246
,,,,,,,1158
,,,,,,,1946
,,,,,,,3791
,,,,,,,390
,,,,,,,2926
,,,,,,,2296
,,,,,,,753
,,,,,,,2027
,,,,,,,3536
,,,,,,,1581
,,,,,,,2425
,,,,,,,1320
,,,,,,,1495
,,,,,,,2392
,,,,,,,4034
,,,,,,,1855
,,,,,,,4957
,,,,,,,2975
,,,,,,,4724
,,,,,,,961
,,,,,,,3404
,,,,,,,3916
,,,,,,,798
,,,,,,,156
,,,,,,,1902
,,,,,,,3882
,,,,,,,3215
,,,,,,,489
,,,,,,,2547
,,,,,,,4529
,,,,,,,2437
,,,,,,,3929
,,,,,,,842
,,,,,,,4899
,,,,,,,3949
,,,,,,,5
,,,,,,,3234
,,,,,,,3962
,,,,,,,2638
,,,,,,,2147
,,,,,,,2018
,,,,,,,128
,,,,,,,3788
,,,,,,,1727
,,,,,,,2975
,,,,,,,1594
,,,,,,,2352
,,,,,,,1283
,,,,,,,4857
,,,,,,,3936
,,,,,,,4498
,,,,,,,3757
,,,,,,,3461
,,,,,,,1457
,,,,,,,3038
,,,,,,,4991
,,,,,,,1380
,,,,,,,837
,,,,,,,1067
,,,,,,,2046
,,,,,,,4981
,,,,,,,3577
,,,,,,,3995
,,,,,,,4949
,,,,,,,2325
,,,,,,,4180
,,,,,,,2337
,,,,,,,3758
,,,,,,,3999
,,,,,,,4138
,,,,,,,1240
,,,,,,,4502
,,,,,,,2223
,,,,,,,980
,,,,,,,351
,,,,,,,1913
,,,,,,,2821
,,,,,,,1783
,,,,,,,2556
,,,,,,,134
,,,,,,,4586
,,,,,,,1982
,,,,,,,1648
,,,,,,,8
,,,,,,,696
,,,,,,,4030
,,,,,,,2699
,,,,,,,2493
,,,,,,,4230
,,,,,,,1604
,,,,,,,3616
,,,,,,,1863
,,,,,,,515
,,,,,,,1215
,,,,,,,4592
,,,,,,,1291
,,,,,,,2940
,,,,,,,4637
,,,,,,,938
,,,,,,,2925
,,,,,,,339
,,,,,,,2005
,,,,,,,4269
,,,,,,,2332
,,,,,,,4692
,,,,,,,4084
,,,,,,,2868
,,,,,,,4785
,,,,,,,2894
,,,,,,,2719
,,,,,,,405
,,,,,,,4785
,,,,,,,4941
,,,,,,,1490
,,,,,,,2749
,,,,,,,998
,,,,,,,4095
,,,,,,,2480
,,,,,,,4492
,,,,,,,587
,,,,,,,871
,,,,,,,4808
,,,,,,,1069
,,,,,,,1041
,,,,,,,2689
,,,,,,,4807
,,,,,,,4915
,,,,,,,1489
,,,,,,,2921
,,,,,,,2206
,,,,,,,380
,,,,,,,4444
,,,,,,,1113
,,,,,,,4411
,,,,,,,1436
,,,,,,,904
,,,,,,,1255
,,,,,,,3593
,,,,,,,1433
,,,,,,,103
,,,,,,,2439
,,,,,,,2541
,,,,,,,1800
,,,,,,,3574
,,,,,,,461
,,,,,,,4344
,,,,,,,2924
,,,,,,,3096
,,,,,,,778
,,,,,,,1502
,,,,,,,1609
,,,,,,,2555
,,,,,,,3301
,,,,,,,38
,,,,,,,200
,,,,,,,1908
,,,,,,,2343
,,,,,,,4218
,,,,,,,2080
,,,,,,,4756
,,,,,,,4090
,,,,,,,3992
,,,,,,,3231
,,,,,,,4931
,,,,,,,4685
,,,,,,,4861
,,,,,,,3861
,,,,,,,2794
,,,,,,,2290
,,,,,,,217
,,,,,,,2332
,,,,,,,3020
,,,,,,,3099
,,,,,,,3581
,,,,,,,3774
,,,,,,,2206
,,,,,,,585
,,,,,,,48
,,,,,,,538
,,,,,,,884
,,,,,,,915
,,,,,,,810
,,,,,,,2143
,,,,,,,4988
,,,,,,,2467
,,,,,,,3838
,,,,,,,348
,,,,,,,617
,,,,,,,2244
,,,,,,,4595
,,,,,,,4968
,,,,,,,1752
,,,,,,,2531
,,,,,,,1422
,,,,,,,2376
,,,,,,,1885
,,,,,,,990
,,,,,,,283
,,,,,,,1178
,,,,,,,4417
,,,,,,,2628
,,,,,,,2052
,,,,,,,4204
,,,,,,,3157
,,,,,,,2615
,,,,,,,4776
,,,,,,,2046
,,,,,,,866
,,,,,,,554
,,,,,,,2093
,,,,,,,185
,,,,,,,3663
,,,,,,,2902
,,,,,,,3890
,,,,,,,4715
,,,,,,,1393
,,,,,,,3996
,,,,,,,1773
,,,,,,,4501
,,,,,,,181
,,,,,,,25
,,,,,,,2926
,,,,,,,3000
,,,,,,,4203
,,,,,,,424
,,,,,,,4337
,,,,,,,4926
,,,,,,,2212
,,,,,,,516
,,,,,,,2219
,,,,,,,3396
,,,,,,,4569
,,,,,,,4467
,,,,,,,3890
,,,,,,,1474
,,,,,,,2554
,,,,,,,4135
,,,,,,,1104
,,,,,,,1769
,,,,,,,2718
,,,,,,,410
,,,,,,,3330
,,,,,,,563
,,,,,,,3466
,,,,,,,4802
,,,,,,,2893
,,,,,,,1353
,,,,,,,2692
,,,,,,,2254
,,,,,,,2476
,,,,,,,3798
,,,,,,,3505
,,,,,,,646
,,,,,,,4652
,,,,,,,1203
,,,,,,,371
,,,,,,,4139
,,,,,,,1203
,,,,,,,3576
,,,,,,,3955
,,,,,,,2454
,,,,,,,4769
,,,,,,,4501
,,,,,,,1218
,,,,,,,1399
,,,,,,,4084
,,,,,,,2093
,,,,,,,4145
,,,,,,,2831
,,,,,,,2922
,,,,,,,2807
,,,,,,,256
,,,,,,,3836
,,,,,,,2605
,,,,,,,4243
,,,,,,,1806
,,,,,,,3504
,,,,,,,2633
,,,,,,,4557
,,,,,,,2601
,,,,,,,3576
,,,,,,,3441
,,,,,,,4308
,,,,,,,3778
,,,,,,,4924
,,,,,,,2948
,,,,,,,3761
,,,,,,,3758
,,,,,,,246
,,,,,,,1694
,,,,,,,3108
,,,,,,,2182
,,,,,,,89
,,,,,,,1584
,,,,,,,1244
,,,,,,,2166
,,,,,,,426
,,,,,,,3672
,,,,,,,4891
,,,,,,,1989
,,,,,,,567
,,,,,,,884
,,,,,,,4515
,,,,,,,2164
,,,,,,,1202
,,,,,,,3011
,,,,,,,1219
,,,,,,,4642
,,,,,,,1177
,,,,,,,1795
,,,,,,,2745
,,,,,,,579
,,,,,,,2948
,,,,,,,3980
,,,,,,,2957
,,,,,,,1347
,,,,,,,2075
,,,,,,,3100
,,,,,,,951
,,,,,,,739
,,,,,,,3929
,,,,,,,206
,,,,,,,4616
,,,,,,,1998
,,,,,,,869
,,,,,,,1446
,,,,,,,4253
,,,,,,,1895
,,,,,,,3714
,,,,,,,1803
,,,,,,,4259
,,,,,,,4636
,,,,,,,3576
,,,,,,,60
,,,,,,,1507
,,,,,,,1198
,,,,,,,3705
,,,,,,,4211
,,,,,,,1535
,,,,,,,2406
,,,,,,,3051
,,,,,,,1299
,,,,,,,4268
,,,,,,,3273
,,,,,,,1365
,,,,,,,4083
,,,,,,,4802
,,,,,,,2323
,,,,,,,4357
,,,,,,,2399
,,,,,,,4225
,,,,,,,4321
,,,,,,,2925
,,,,,,,4413
,,,,,,,4228
,,,,,,,2779
,,,,,,,4524
,,,,,,,4583
,,,,,,,2686
,,,,,,,4869
,,,,,,,1575
,,,,,,,3103
,,,,,,,3550
,,,,,,,2070
,,,,,,,3795
,,,,,,,2665
,,,,,,,4904
,,,,,,,2662
,,,,,,,2990
,,,,,,,824
,,,,,,,2918
,,,,,,,192
,,,,,,,3943
,,,,,,,4481
,,,,,,,3973
,,,,,,,4470
,,,,,,,1730
,,,,,,,3997
,,,,,,,3380
,,,,,,,2565
,,,,,,,4384
,,,,,,,4695
,,,,,,,2727
,,,,,,,3609
,,,,,,,3605
,,,,,,,1093
,,,,,,,2359
,,,,,,,2523
,,,,,,,704
,,,,,,,1333
,,,,,,,2408
,,,,,,,4601
,,,,,,,2285
,,,,,,,3769
,,,,,,,483
,,,,,,,1483
,,,,,,,1872
,,,,,,,4646
,,,,,,,2313
,,,,,,,4886
,,,,,,,3453
,,,,,,,1546
,,,,,,,2875
,,,,,,,1910
,,,,,,,352
,,,,,,,3897
,,,,,,,1785
,,,,,,,1473
,,,,,,,4255
,,,,,,,517
,,,,,,,4675
,,,,,,,1596
,,,,,,,4565
,,,,,,,353
,,,,,,,2781
,,,,,,,3129
,,,,,,,2661
,,,,,,,349
,,,,,,,2798
,,,,,,,562
,,,,,,,3362
,,,,,,,2500
,,,,,,,2230
,,,,,,,1950
,,,,,,,4075
,,,,,,,1326
,,,,,,,3773
,,,,,,,307
,,,,,,,1372
,,,,,,,282
,,,,,,,640
,,,,,,,3523
,,,,,,,1732
,,,,,,,1356
,,,,,,,2243
,,,,,,,4058
,,,,,,,2160
,,,,,,,2498
,,,,,,,4994
,,,,,,,490
,,,,,,,1953
,,,,,,,1865
,,,,,,,1324
,,,,,,,1885
,,,,,,,1074
,,,,,,,2610
,,,,,,,3758
,,,,,,,3160
,,,,,,,3174
,,,,,,,2370
,,,,,,,168
,,,,,,,4377
,,,,,,,3852
,,,,,,,3187
,,,,,,,4498
,,,,,,,3917
,,,,,,,4093
,,,,,,,1953
,,,,,,,4809
,,,,,,,3986
,,,,,,,1892
,,,,,,,117
,,,,,,,1145
,,,,,,,991
,,,,,,,758
,,,,,,,226
,,,,,,,771
,,,,,,,768
,,,,,,,1948
,,,,,,,1336
,,,,,,,1591
,,,,,,,1253
,,,,,,,3601
,,,,,,,400
,,,,,,,3583
,,,,,,,363
,,,,,,,623
,,,,,,,2819
,,,,,,,3835
,,,,,,,4659
,,,,,,,30
,,,,,,,2905
,,,,,,,1779
,,,,,,,2453
,,,,,,,2188
,,,,,,,3133
,,,,,,,688
,,,,,,,3429
,,,,,,,1966
,,,,,,,1648
,,,,,,,1444
,,,,,,,1806
,,,,,,,462
,,,,,,,3085
,,,,,,,4812
,,,,,,,737
,,,,,,,2290
,,,,,,,4104
,,,,,,,2849
,,,,,,,1432
,,,,,,,1876
,,,,,,,214
,,,,,,,3863
,,,,,,,4523
,,,,,,,182
,,,,,,,1767
,,,,,,,2837
,,,,,,,2727
,,,,,,,4909
,,,,,,,3095
,,,,,,,4033
,,,,,,,4673
,,,,,,,1493
,,,,,,,4579
,,,,,,,4312
,,,,,,,233
,,,,,,,3535
,,,,,,,2169
,,,,,,,375
,,,,,,,3408
,,,,,,,770
,,,,,,,3987
,,,,,,,4853
,,,,,,,255
,,,,,,,2895
,,,,,,,2499
,,,,,,,1349
,,,,,,,4691
,,,,,,,319
,,,,,,,3084
,,,,,,,1466
,,,,,,,4491
,,,,,,,266
,,,,,,,4769
,,,,,,,2130
,,,,,,,1677
,,,,,,,1682
,,,,,,,1691
,,,,,,,4060
,,,,,,,3028
,,,,,,,235
,,,,,,,4643
,,,,,,,4706
,,,,,,,3874
,,,,,,,4164
,,,,,,,4113
,,,,,,,4702
,,,,,,,758
,,,,,,,1847
,,,,,,,2110
,,,,,,,353
,,,,,,,1148
,,,,,,,2447
,,,,,,,64
,,,,,,,2559
,,,,,,,254
,,,,,,,2787
,,,,,,,4762
,,,,,,,4565
,,,,,,,1512
,,,,,,,4159
,,,,,,,665
,,,,,,,3170
,,,,,,,3379
,,,,,,,1695
,,,,,,,3259
,,,,,,,541
,,,,,,,3288
,,,,,,,4999
,,,,,,,4404
,,,,,,,4202
,,,,,,,4416
,,,,,,,1352
,,,,,,,2265
,,,,,,,2128
,,,,,,,2742
,,,,,,,2617
,,,,,,,2250
,,,,,,,3299
,,,,,,,4999
,,,,,,,4946
,,,,,,,2678
,,,,,,,4796
,,,,,,,3864
,,,,,,,4370
,,,,,,,262
,,,,,,,1151
,,,,,,,3228
,,,,,,,4291
,,,,,,,1738
,,,,,,,2976
,,,,,,,2950
,,,,,,,2652
,,,,,,,2187
,,,,,,,44
,,,,,,,626
,,,,,,,590
,,,,,,,349
,,,,,,,3688
,,,,,,,153
,,,,,,,2228
,,,,,,,2484
,,,,,,,4837
,,,,,,,4288
,,,,,,,4223
,,,,,,,1086
,,,,,,,561
,,,,,,,637
,,,,,,,396
,,,,,,,39
,,,,,,,3108
,,,,,,,1171
,,,,,,,4171
,,,,,,,3259
,,,,,,,595
,,,,,,,4009
,,,,,,,164
,,,,,,,4498
,,,,,,,2209
,,,,,,,456
,,,,,,,3717
,,,,,,,4855
,,,,,,,66
,,,,,,,3990
,,,,,,,3976
,,,,,,,1357
,,,,,,,1960
,,,,,,,3743
,,,,,,,934
,,,,,,,3090
,,,,,,,1836
,,,,,,,1304
,,,,,,,2410
,,,,,,,2270
,,,,,,,1508
,,,,,,,1990
,,,,,,,505
,,,,,,,996
,,,,,,,4882
,,,,,,,1424
,,,,,,,1560
,,,,,,,1501
,,,,,,,3235
,,,,,,,3441
,,,,,,,4865
,,,,,,,1314
,,,,,,,3487
,,,,,,,1584
,,,,,,,1766
,,,,,,,4674
,,,,,,,3133
,,,,,,,2897
,,,,,,,990
,,,,,,,593
,,,,,,,4622
,,,,,,,4663
,,,,,,,3491
,,,,,,,3224
,,,,,,,892
,,,,,,,1139
,,,,,,,2057
,,,,,,,1785
,,,,,,,3849
,,,,,,,4353
,,,,,,,2539
,,,,,,,2408
,,,,,,,2962
,,,,,,,4101
,,,,,,,3346
,,,,,,,5
,,,,,,,1923
,,,,,,,2532
,,,,,,,4973
,,,,,,,4582
,,,,,,,695
,,,,,,,2180
,,,,,,,2975
,,,,,,,2866
,,,,,,,3912
,,,,,,,4678
,,,,,,,1539
,,,,,,,3805
,,,,,,,2908
,,,,,,,246
,,,,,,,1981
,,,,,,,1357
,,,,,,,329
,,,,,,,1755
,,,,,,,4866
,,,,,,,3254
,,,,,,,3181
,,,,,,,482
,,,,,,,39
,,,,,,,3678
,,,,,,,3258
,,,,,,,589
,,,,,,,2537
,,,,,,,365
,,,,,,,756
,,,,,,,3670
,,,,,,,518
,,,,,,,3205
,,,,,,,4867
,,,,,,,4357
,,,,,,,1519
,,,,,,,2102
,,,,,,,1458
,,,,,,,947
,,,,,,,3454
,,,,,,,3126
,,,,,,,744
,,,,,,,491
,,,,,,,1950
,,,,,,,3465
,,,,,,,2590
,,,,,,,793
,,,,,,,1310
,,,,,,,3754
,,,,,,,2692
,,,,,,,4580
,,,,,,,527
,,,,,,,521
,,,,,,,4342
,,,,,,,4110
,,,,,,,2431
,,,,,,,4078
,,,,,,,4542
,,,,,,,4631
,,,,,,,1011
,,,,,,,2566
,,,,,,,372
,,,,,,,4162
,,,,,,,2087
,,,,,,,647
,,,,,,,3748
,,,,,,,4298
,,,,,,,4771
,,,,,,,1586
,,,,,,,915
,,,,,,,2282
,,,,,,,2507
,,,,,,,4692
,,,,,,,1624
,,,,,,,4320
,,,,,,,267
,,,,,,,275
,,,,,,,3425
,,,,,,,4856
,,,,,,,931
,,,,,,,276
,,,,,,,1160
,,,,,,,1498
,,,,,,,3433
,,,,,,,3209
,,,,,,,3899
,,,,,,,2196
,,,,,,,4464
,,,,,,,4045
,,,,,,,4788
,,,,,,,2697
,,,,,,,4574
,,,,,,,1304
,,,,,,,3976
,,,,,,,2134
,,,,,,,4406
,,,,,,,742
,,,,,,,1455
,,,,,,,909
,,,,,,,491
,,,,,,,1466
,,,,,,,3134
,,,,,,,3901
,,,,,,,3879
,,,,,,,4375
,,,,,,,2274
,,,,,,,4760
,,,,,,,3593
,,,,,,,3745
,,,,,,,3115
,,,,,,,1750
,,,,,,,1234
,,,,,,,4151
,,,,,,,1768
,,,,,,,946
,,,,,,,2306
,,,,,,,169
,,,,,,,1408
,,,,,,,4214
,,,,,,,3724
,,,,,,,2128
,,,,,,,4046
,,,,,,,321
,,,,,,,3457
,,,,,,,4076
,,,,,,,3245
,,,,,,,3809
,,,,,,,1102
,,,,,,,668
,,,,,,,2134
,,,,,,,2615
,,,,,,,311
,,,,,,,434
,,,,,,,3809
,,,,,,,2550
,,,,,,,96
,,,,,,,2094
,,,,,,,3427
,,,,,,,38
,,,,,,,203
,,,,,,,270
,,,,,,,4467
,,,,,,,3809
,,,,,,,1245
,,,,,,,1372
,,,,,,,1984
,,,,,,,244
,,,,,,,519
,,,,,,,740
,,,,,,,938
,,,,,,,3555
,,,,,,,4733
,,,,,,,3452
,,,,,,,3417
,,,,,,,3664
,,,,,,,2392
,,,,,,,2610
,,,,,,,2606
,,,,,,,4934
,,,,,,,4237
,,,,,,,3834
,,,,,,,4288
,,,,,,,3568
,,,,,,,3640
,,,,,,,2793
,,,,,,,1971
,,,,,,,2176
,,,,,,,1964
,,,,,,,4368
,,,,,,,1735
,,,,,,,4658
,,,,,,,1965
,,,,,,,4433
,,,,,,,3655
,,,,,,,1693
,,,,,,,4625
,,,,,,,4281
,,,,,,,3731
,,,,,,,1362
,,,,,,,412
,,,,,,,4452
,,,,,,,1934
,,,,,,,1217
,,,,,,,365
,,,,,,,1888
,,,,,,,2012
,,,,,,,3455
,,,,,,,3230
,,,,,,,610
,,,,,,,4502
,,,,,,,3427
,,,,,,,1422
,,,,,,,4830
,,,,,,,4950
,,,,,,,4468
,,,,,,,3193
,,,,,,,1458
,,,,,,,2753
,,,,,,,4343
,,,,,,,4442
,,,,,,,4650
,,,,,,,204
,,,,,,,2519
,,,,,,,4720
,,,,,,,2296
,,,,,,,2855
,,,,,,,3955
,,,,,,,2309
,,,,,,,3404
,,,,,,,1397
,,,,,,,1009
,,,,,,,4060
,,,,,,,856
,,,,,,,4782
,,,,,,,476
,,,,,,,1980
,,,,,,,4978
,,,,,,,1358
,,,,,,,1095
,,,,,,,4846
,,,,,,,1875
,,,,,,,1231
,,,,,,,2006
,,,,,,,928
,,,,,,,589
,,,,,,,462
,,,,,,,4948
,,,,,,,3857
,,,,,,,3377
,,,,,,,3811
,,,,,,,2800
,,,,,,,942
,,,,,,,4331
,,,,,,,173
,,,,,,,601
,,,,,,,4933
,,,,,,,992
,,,,,,,4407
,,,,,,,971
,,,,,,,2930
,,,,,,,3941
,,,,,,,3279
,,,,,,,1670
,,,,,,,2127
,,,,,,,2959
,,,,,,,32
,,,,,,,4300
,,,,,,,1171
,,,,,,,2288
,,,,,,,1058
,,,,,,,844
,,,,,,,4398
,,,,,,,3517
,,,,,,,4502
,,,,,,,1127
,,,,,,,175
,,,,,,,4331
,,,,,,,3894
,,,,,,,3394
,,,,,,,862
,,,,,,,1326
,,,,,,,3806
,,,,,,,2250
,,,,,,,465
,,,,,,,2304
,,,,,,,2627
,,,,,,,3361
,,,,,,,3411
,,,,,,,1043
,,,,,,,2947
,,,,,,,732
,,,,,,,2870
,,,,,,,3823
,,,,,,,2315
,,,,,,,3402
,,,,,,,4312
,,,,,,,4618
,,,,,,,2128
,,,,,,,2586
,,,,,,,48
,,,,,,,387
,,,,,,,4772
,,,,,,,3847
,,,,,,,4522
,,,,,,,1679
,,,,,,,1345
,,,,,,,4772
,,,,,,,4361
,,,,,,,190
,,,,,,,1759
,,,,,,,1635
,,,,,,,2708
,,,,,,,920
,,,,,,,2444
,,,,,,,258
,,,,,,,1317
,,,,,,,1927
,,,,,,,1102
,,,,,,,2438
,,,,,,,3963
,,,,,,,4280
,,,,,,,3801
,,,,,,,504
,,,,,,,1839
,,,,,,,3104
,,,,,,,605
,,,,,,,3445
,,,,,,,1027
,,,,,,,3570
,,,,,,,2892
,,,,,,,1536
,,,,,,,2499
,,,,,,,254
,,,,,,,2239
,,,,,,,2824
,,,,,,,371
,,,,,,,477
,,,,,,,1870
,,,,,,,3746
,,,,,,,4523
,,,,,,,2030
,,,,,,,1137
,,,,,,,973
,,,,,,,4761
,,,,,,,4963
,,,,,,,1281
,,,,,,,3249
,,,,,,,1327
,,,,,,,296
,,,,,,,3648
,,,,,,,4980
,,,,,,,2828
,,,,,,,2902
,,,,,,,3630
,,,,,,,3911
,,,,,,,3056
,,,,,,,3261
,,,,,,,3895
,,,,,,,1253
,,,,,,,1257
,,,,,,,864
,,,,,,,3415
,,,,,,,2350
,,,,,,,4212
,,,,,,,2165
,,,,,,,320
,,,,,,,1598
,,,,,,,123
,,,,,,,3482
,,,,,,,2536
,,,,,,,1243
,,,,,,,521
,,,,,,,2962
,,,,,,,1076
,,,,,,,2085
,,,,,,,3022
,,,,,,,3126
,,,,,,,2445
,,,,,,,374
,,,,,,,743
,,,,,,,4032
,,,,,,,2282
,,,,,,,308
,,,,,,,4554
,,,,,,,1044
,,,,,,,679
,,,,,,,4160
,,,,,,,50
,,,,,,,1775
,,,,,,,65
,,,,,,,4727
,,,,,,,897
,,,,,,,1679
,,,,,,,4828
,,,,,,,4264
,,,,,,,523
,,,,,,,4429
,,,,,,,3090
,,,,,,,101
,,,,,,,1209
,,,,,,,2348
,,,,,,,337
,,,,,,,4361
,,,,,,,142
,,,,,,,3546
,,,,,,,503
,,,,,,,4697
,,,,,,,1452
,,,,,,,4835
,,,,,,,4979
,,,,,,,1434
,,,,,,,3410
,,,,,,,4597
,,,,,,,3186
,,,,,,,4979
,,,,,,,1701
,,,,,,,2232
,,,,,,,3043
,,,,,,,2528
,,,,,,,1935
,,,,,,,2999
,,,,,,,1529
,,,,,,,1250
,,,,,,,4648
,,,,,,,2147
,,,,,,,1008
,,,,,,,2389
,,,,,,,4707
,,,,,,,3505
,,,,,,,2521
,,,,,,,4521
,,,,,,,3736
,,,,,,,2723
,,,,,,,3309
,,,,,,,4154
,,,,,,,3819
,,,,,,,4693
,,,,,,,1733
,,,,,,,2999
,,,,,,,3296
,,,,,,,1597
,,,,,,,1352
,,,,,,,3011
,,,,,,,814
,,,,,,,4316
,,,,,,,3832
,,,,,,,2593
,,,,,,,2835
,,,,,,,2349
,,,,,,,1571
,,,,,,,4069
,,,,,,,1113
,,,,,,,4684
,,,,,,,883
,,,,,,,3554
,,,,,,,1620
,,,,,,,1182
,,,,,,,2994
,,,,,,,3879
,,,,,,,2887
,,,,,,,889
,,,,,,,522
,,,,,,,714
,,,,,,,4767
,,,,,,,2465
,,,,,,,1402
,,,,,,,4776
,,,,,,,2659
,,,,,,,2380
,,,,,,,2071
,,,,,,,625
,,,,,,,305
,,,,,,,1126
,,,,,,,3188
,,,,,,,274
,,,,,,,1306
,,,,,,,2360
,,,,,,,3357
,,,,,,,4959
,,,,,,,1375
,,,,,,,4233
,,,,,,,487
,,,,,,,4451
,,,,,,,2561
,,,,,,,1687
,,,,,,,1768
,,,,,,,3134
,,,,,,,3242
,,,,,,,1166
,,,,,,,2112
,,,,,,,3266
,,,,,,,4034
,,,,,,,3114
,,,,,,,1878
,,,,,,,2040
,,,,,,,858
,,,,,,,1073
,,,,,,,1414
,,,,,,,275
,,,,,,,4313
,,,,,,,3838
,,,,,,,3510
,,,,,,,119
,,,,,,,50
,,,,,,,1690
,,,,,,,2562
,,,,,,,2329
,,,,,,,4429
,,,,,,,3018
,,,,,,,2002
,,,,,,,3061
,,,,,,,300
,,,,,,,222
,,,,,,,4841
,,,,,,,1069
,,,,,,,4686
,,,,,,,2729
,,,,,,,1244
,,,,,,,4540
,,,,,,,915
,,,,,,,4280
,,,,,,,4243
,,,,,,,1933
,,,,,,,4071
,,,,,,,2741
,,,,,,,805
,,,,,,,1378
,,,,,,,658
,,,,,,,803
,,,,,,,3587
,,,,,,,1613
,,,,,,,480
,,,,,,,35
,,,,,,,4819
,,,,,,,2208
,,,,,,,3485
,,,,,,,1977
,,,,,,,116
,,,,,,,4949
,,,,,,,1613
,,,,,,,2285
,,,,,,,463
,,,,,,,3454
,,,,,,,4242
,,,,,,,2289
,,,,,,,2663
,,,,,,,1147
,,,,,,,1311
,,,,,,,3905
,,,,,,,3093
,,,,,,,3342
,,,,,,,4094
,,,,,,,1257
,,,,,,,81
,,,,,,,4391
,,,,,,,159
,,,,,,,1771
,,,,,,,2861
,,,,,,,2617
,,,,,,,2814
,,,,,,,2298
,,,,,,,3737
,,,,,,,516
,,,,,,,550
,,,,,,,1347
,,,,,,,1326
,,,,,,,448
,,,,,,,2568
,,,,,,,871
,,,,,,,2978
,,,,,,,3758
,,,,,,,219
,,,,,,,511
,,,,,,,3856
,,,,,,,2814
,,,,,,,4600
,,,,,,,4282
,,,,,,,2148
,,,,,,,867
,,,,,,,487
,,,,,,,4245
,,,,,,,2476
,,,,,,,571
,,,,,,,3140
,,,,,,,1209
,,,,,,,3617
,,,,,,,4887
,,,,,,,1609
,,,,,,,3103
,,,,,,,4600
,,,,,,,4293
,,,,,,,4192
,,,,,,,4241
,,,,,,,742
,,,,,,,3761
,,,,,,,514
,,,,,,,3462
,,,,,,,1379
,,,,,,,1740
,,,,,,,3678
,,,,,,,3627
,,,,,,,3577
,,,,,,,806
,,,,,,,3186
,,,,,,,3316
,,,,,,,4490
,,,,,,,1781
,,,,,,,2702
,,,,,,,2632
,,,,,,,415
,,,,,,,244
,,,,,,,4255
,,,,,,,1421
,,,,,,,4003
,,,,,,,1688
,,,,,,,2415
,,,,,,,1519
,,,,,,,1949
,,,,,,,1404
,,,,,,,4182
,,,,,,,2751
,,,,,,,3054
,,,,,,,4330
,,,,,,,2736
,,,,,,,2349
,,,,,,,4397
,,,,,,,3135
,,,,,,,1808
,,,,,,,1440
,,,,,,,2228
,,,,,,,4120
,,,,,,,3624
,,,,,,,1344
,,,,,,,408
,,,,,,,484
,,,,,,,3431
,,,,,,,599
,,,,,,,359
,,,,,,,3776
,,,,,,,2694
,,,,,,,3273
,,,,,,,4607
,,,,,,,1016
,,,,,,,3016
,,,,,,,1174
,,,,,,,955
,,,,,,,946
,,,,,,,394
,,,,,,,1714
,,,,,,,1292
,,,,,,,1270
,,,,,,,166
,,,,,,,1014
,,,,,,,3348
,,,,,,,706
,,,,,,,3203
,,,,,,,1425
,,,,,,,301
,,,,,,,576
,,,,,,,2895
,,,,,,,4476
,,,,,,,519
,,,,,,,3623
,,,,,,,4762
,,,,,,,4641
,,,,,,,676
,,,,,,,4223
,,,,,,,1915
,,,,,,,4225
,,,,,,,3229
,,,,,,,4034
,,,,,,,2123
,,,,,,,2607
,,,,,,,2710
,,,,,,,4586
,,,,,,,637
,,,,,,,4214
,,,,,,,1959
,,,,,,,3666
,,,,,,,236
,,,,,,,2416
,,,,,,,733
,,,,,,,3940
,,,,,,,4405
,,,,,,,4069
,,,,,,,4747
,,,,,,,316
,,,,,,,2689
,,,,,,,2057
,,,,,,,2566
,,,,,,,3491
,,,,,,,393
,,,,,,,1566
,,,,,,,840
,,,,,,,1012
,,,,,,,4027
,,,,,,,4992
,,,,,,,4717
,,,,,,,1805
,,,,,,,532
,,,,,,,4679
,,,,,,,4353
,,,,,,,183
,,,,,,,4402
,,,,,,,1119
,,,,,,,2738
,,,,,,,2763
,,,,,,,1937
,,,,,,,2739
,,,,,,,4097
,,,,,,,2803
,,,,,,,1289
,,,,,,,3500
,,,,,,,1916
,,,,,,,4381
,,,,,,,27
,,,,,,,545
,,,,,,,1366
,,,,,,,4407
,,,,,,,2886
,,,,,,,852
,,,,,,,4571
,,,,,,,888
,,,,,,,2127
,,,,,,,3739
,,,,,,,3347
,,,,,,,1265
,,,,,,,2297
,,,,,,,87
,,,,,,,3753
,,,,,,,2936
,,,,,,,3428
,,,,,,,1777
,,,,,,,2972
,,,,,,,4381
,,,,,,,2615
,,,,,,,685
,,,,,,,278
,,,,,,,3208
,,,,,,,1838
,,,,,,,3640
,,,,,,,426
,,,,,,,1320
,,,,,,,2247
,,,,,,,324
,,,,,,,1804
,,,,,,,2322
,,,,,,,4218
,,,,,,,3319
,,,,,,,3417
,,,,,,,2586
,,,,,,,1908
,,,,,,,3998
,,,,,,,722
,,,,,,,4747
,,,,,,,907
,,,,,,,3225
,,,,,,,2256
,,,,,,,1194
,,,,,,,4207
,,,,,,,4398
,,,,,,,2791
,,,,,,,587
,,,,,,,562
,,,,,,,2273
,,,,,,,1014
,,,,,,,1303
,,,,,,,4512
,,,,,,,4198
,,,,,,,648
,,,,,,,802
,,,,,,,1957
,,,,,,,2203
,,,,,,,2482
,,,,,,,723
,,,,,,,884
,,,,,,,3191
,,,,,,,934
,,,,,,,4614
,,,,,,,3348
,,,,,,,969
,,,,,,,4948
,,,,,,,3336
,,,,,,,4795
,,,,,,,4699
,,,,,,,4412
,,,,,,,1384
,,,,,,,1913
,,,,,,,2753
,,,,,,,1503
,,,,,,,4924
,,,,,,,1977
,,,,,,,2035
,,,,,,,2026
,,,,,,,3809
,,,,,,,2382
,,,,,,,1680
,,,,,,,1038
,,,,,,,4823
,,,,,,,1204
,,,,,,,1224
,,,,,,,4422
,,,,,,,1003
,,,,,,,4327
,,,,,,,1776
,,,,,,,608
,,,,,,,2319
,,,,,,,3812
,,,,,,,1961
,,,,,,,3460
,,,,,,,4228
,,,,,,,2462
,,,,,,,1268
,,,,,,,2759
,,,,,,,3769
,,,,,,,3106
,,,,,,,1967
,,,,,,,1294
,,,,,,,2722
,,,,,,,3467
,,,,,,,328
,,,,,,,2817
,,,,,,,1048
,,,,,,,2887
,,,,,,,775
,,,,,,,172
,,,,,,,3689
,,,,,,,2065
,,,,,,,4819
,,,,,,,2123
,,,,,,,2137
,,,,,,,2756
,,,,,,,4472
,,,,,,,1551
,,,,,,,968
,,,,,,,4010
,,,,,,,692
,,,,,,,3301
,,,,,,,2502
,,,,,,,2583
,,,,,,,3657
,,,,,,,741
,,,,,,,4722
,,,,,,,438
,,,,,,,130
,,,,,,,4842
,,,,,,,383
,,,,,,,2112
,,,,,,,2156
,,,,,,,4392
,,,,,,,1141
,,,,,,,4895
,,,,,,,3114
,,,,,,,1401
,,,,,,,640
,,,,,,,398
,,,,,,,2566
,,,,,,,3046
,,,,,,,4433
,,,,,,,4799
,,,,,,,2381
,,,,,,,114
,,,,,,,3906
,,,,,,,4109
,,,,,,,2379
,,,,,,,4739
,,,,,,,1503
,,,,,,,2139
,,,,,,,1257
,,,,,,,2591
,,,,,,,640
,,,,,,,4572
,,,,,,,1367
,,,,,,,3599
,,,,,,,3481
,,,,,,,3912
,,,,,,,534
,,,,,,,1619
,,,,,,,1221
,,,,,,,4835
,,,,,,,4951
,,,,,,,1487
,,,,,,,4927
,,,,,,,287
,,,,,,,3295
,,,,,,,3097
,,,,,,,685
,,,,,,,2943
,,,,,,,999
,,,,,,,1527
,,,,,,,2119
,,,,,,,2017
,,,,,,,3513
,,,,,,,2409
,,,,,,,2470
,,,,,,,1663
,,,,,,,2232
,,,,,,,823
,,,,,,,1597
,,,,,,,4328
,,,,,,,4081
,,,,,,,1929
,,,,,,,1607
,,,,,,,854
,,,,,,,3622
,,,,,,,3911
,,,,,,,2280
,,,,,,,13
,,,,,,,2018
,,,,,,,3542
,,,,,,,3772
,,,,,,,4526
,,,,,,,4185
,,,,,,,1131
,,,,,,,4697
,,,,,,,2718
,,,,,,,4348
,,,,,,,700
,,,,,,,4645
,,,,,,,659
,,,,,,,3506
,,,,,,,129
,,,,,,,4800
,,,,,,,2704
,,,,,,,2254
,,,,,,,1641
,,,,,,,3374
,,,,,,,4554
,,,,,,,2353
,,,,,,,2032
,,,,,,,1287
,,,,,,,3754
,,,,,,,277
,,,,,,,2840
,,,,,,,3605
,,,,,,,2640
,,,,,,,1249
,,,,,,,2494
,,,,,,,4423
,,,,,,,2430
,,,,,,,3285
,,,,,,,342
,,,,,,,3255
,,,,,,,1780
,,,,,,,332
,,,,,,,514
,,,,,,,3128
,,,,,,,1008
,,,,,,,183
,,,,,,,2550
,,,,,,,3576
,,,,,,,1284
,,,,,,,4607
,,,,,,,360
,,,,,,,2775
,,,,,,,1589
,,,,,,,4041
,,,,,,,2023
,,,,,,,3953
,,,,,,,1394
,,,,,,,2264
,,,,,,,4959
,,,,,,,204
,,,,,,,30
,,,,,,,4582
,,,,,,,1799
,,,,,,,1257
,,,,,,,120
,,,,,,,2556
,,,,,,,1086
,,,,,,,281
,,,,,,,1098
,,,,,,,417
,,,,,,,534
,,,,,,,218
,,,,,,,2396
,,,,,,,2839
,,,,,,,4119
,,,,,,,3164
,,,,,,,2551
,,,,,,,222
,,,,,,,2858
,,,,,,,2670
,,,,,,,1272
,,,,,,,3140
,,,,,,,1553
,,,,,,,2466
,,,,,,,3290
,,,,,,,524
,,,,,,,2632
,,,,,,,3210
,,,,,,,2018
,,,,,,,1603
,,,,,,,1226
,,,,,,,4827
,,,,,,,498
,,,,,,,2171
,,,,,,,400
,,,,,,,4259
,,,,,,,1638
,,,,,,,4707
,,,,,,,4042
,,,,,,,1213
,,,,,,,1318
,,,,,,,4007
,,,,,,,4022
,,,,,,,4409
,,,,,,,4580
,,,,,,,12
,,,,,,,4215
,,,,,,,3617
,,,,,,,3305
,,,,,,,1943
,,,,,,,839
,,,,,,,683
,,,,,,,4913
,,,,,,,2186
,,,,,,,3609
,,,,,,,4746
,,,,,,,4365
,,,,,,,2841
,,,,,,,2497
,,,,,,,4363
,,,,,,,2610
,,,,,,,3032
,,,,,,,3893
,,,,,,,2214
,,,,,,,2567
,,,,,,,1565
,,,,,,,4497
,,,,,,,4226
,,,,,,,1871
,,,,,,,1049
,,,,,,,4015
,,,,,,,222
,,,,,,,2180
,,,,,,,2635
,,,,,,,4690
,,,,,,,1174
,,,,,,,126
,,,,,,,4467
,,,,,,,729
,,,,,,,2077
,,,,,,,4166
,,,,,,,2610
,,,,,,,3833
,,,,,,,1618
,,,,,,,4705
,,,,,,,4651
,,,,,,,1285
,,,,,,,4461
,,,,,,,2715
,,,,,,,4274
,,,,,,,946
,,,,,,,2876
,,,,,,,2301
,,,,,,,902
,,,,,,,1347
,,,,,,,3251
,,,,,,,1606
,,,,,,,1667
,,,,,,,3944
,,,,,,,284
,,,,,,,4545
,,,,,,,4567
,,,,,,,461
,,,,,,,786
,,,,,,,2227
,,,,,,,1683
,,,,,,,3738
,,,,,,,2988
,,,,,,,3096
,,,,,,,57
,,,,,,,3048
,,,,,,,3683
,,,,,,,3297
,,,,,,,880
,,,,,,,2561
,,,,,,,2653
,,,,,,,1516
,,,,,,,3106
,,,,,,,2295
,,,,,,,460
,,,,,,,1757
,,,,,,,4028
,,,,,,,283
,,,,,,,1976
,,,,,,,1694
,,,,,,,2233
,,,,,,,4367
,,,,,,,2482
,,,,,,,1643
,,,,,,,3376
,,,,,,,1102
,,,,,,,1827
,,,,,,,1119
,,,,,,,327
,,,,,,,1034
,,,,,,,2889
,,,,,,,4015
,,,,,,,2348
,,,,,,,1309
,,,,,,,627
,,,,,,,957
,,,,,,,2492
,,,,,,,620
,,,,,,,627
,,,,,,,3101
,,,,,,,2112
,,,,,,,2848
,,,,,,,2790
,,,,,,,489
,,,,,,,2728
,,,,,,,2761
,,,,,,,869
,,,,,,,3623
,,,,,,,4095
,,,,,,,2946
,,,,,,,1883
,,,,,,,4829
,,,,,,,2049
,,,,,,,3266
,,,,,,,4027
,,,,,,,3425
,,,,,,,2827
,,,,,,,4939
,,,,,,,813
,,,,,,,1886
,,,,,,,4803
,,,,,,,1075
,,,,,,,1933
,,,,,,,4176
,,,,,,,215
,,,,,,,4194
,,,,,,,3291
,,,,,,,1937
,,,,,,,88
,,,,,,,3164
,,,,,,,779
,,,,,,,243
,,,,,,,264
,,,,,,,1010
,,,,,,,393
,,,,,,,1367
,,,,,,,2712
,,,,,,,128
,,,,,,,4836
,,,,,,,3748
,,,,,,,4907
,,,,,,,2264
,,,,,,,4254
,,,,,,,3778
,,,,,,,4033
,,,,,,,2577
,,,,,,,1793
,,,,,,,1663
,,,,,,,4421
,,,,,,,3303
,,,,,,,4741
,,,,,,,1707
,,,,,,,507
,,,,,,,2541
,,,,,,,2836
,,,,,,,4618
,,,,,,,2594
,,,,,,,3202
,,,,,,,944
,,,,,,,4443
,,,,,,,3273
,,,,,,,3231
,,,,,,,647
,,,,,,,1151
,,,,,,,440
,,,,,,,2603
,,,,,,,1569
,,,,,,,3518
,,,,,,,541
,,,,,,,305
,,,,,,,3780
,,,,,,,2405
,,,,,,,2869
,,,,,,,1504
,,,,,,,4720
,,,,,,,2099
,,,,,,,3538
,,,,,,,3145
,,,,,,,890
,,,,,,,3881
,,,,,,,405
,,,,,,,4882
,,,,,,,2069
,,,,,,,2420
,,,,,,,805
,,,,,,,185
,,,,,,,3847
,,,,,,,3287
,,,,,,,1108
,,,,,,,3833
,,,,,,,4982
,,,,,,,3133
,,,,,,,3669
,,,,,,,513
,,,,,,,1723
,,,,,,,1490
,,,,,,,2890
,,,,,,,233
,,,,,,,4989
,,,,,,,2633
,,,,,,,3610
,,,,,,,4740
,,,,,,,785
,,,,,,,2903
,,,,,,,1068
,,,,,,,309
,,,,,,,3151
,,,,,,,4614
,,,,,,,4343
,,,,,,,527
,,,,,,,662
,,,,,,,3535
,,,,,,,2069
,,,,,,,1156
,,,,,,,195
,,,,,,,4689
,,,,,,,1318
,,,,,,,2885
,,,,,,,4071
,,,,,,,4725
,,,,,,,3447
,,,,,,,3683
,,,,,,,3898
,,,,,,,1711
,,,,,,,875
,,,,,,,4394
,,,,,,,3865
,,,,,,,1184
,,,,,,,2955
,,,,,,,2761
,,,,,,,3523
,,,,,,,389
,,,,,,,2064
,,,,,,,406
,,,,,,,1622
,,,,,,,1993
,,,,,,,2763
,,,,,,,3014
,,,,,,,4104
,,,,,,,3787
,,,,,,,2738
,,,,,,,3522
,,,,,,,4703
,,,,,,,482
,,,,,,,2291
,,,,,,,4808
,,,,,,,3122
,,,,,,,4828
,,,,,,,4565
,,,,,,,3760
,,,,,,,2223
,,,,,,,2127
,,,,,,,58
,,,,,,,529
,,,,,,,1257
,,,,,,,1143
,,,,,,,2517
,,,,,,,285
,,,,,,,2325
,,,,,,,712
,,,,,,,491
,,,,,,,1402
,,,,,,,4922
,,,,,,,1054
,,,,,,,171
,,,,,,,925
,,,,,,,1959
,,,,,,,903
,,,,,,,4046
,,,,,,,2587
,,,,,,,1621
,,,,,,,4782
,,,,,,,1941
,,,,,,,234
,,,,,,,2316
,,,,,,,4380
,,,,,,,4348
,,,,,,,1020
,,,,,,,1740
,,,,,,,3067
,,,,,,,1110
,,,,,,,524
,,,,,,,1733
,,,,,,,2878
,,,,,,,512
,,,,,,,800
,,,,,,,1828
,,,,,,,253
,,,,,,,346
,,,,,,,408
,,,,,,,660
,,,,,,,86
,,,,,,,2568
,,,,,,,3001
,,,,,,,4635
,,,,,,,2853
,,,,,,,922
,,,,,,,1434
,,,,,,,1161
,,,,,,,2349
,,,,,,,2124
,,,,,,,4493
,,,,,,,3542
,,,,,,,2646
,,,,,,,4238
,,,,,,,679
,,,,,,,163
,,,,,,,3065
,,,,,,,3991
,,,,,,,2369
,,,,,,,1622
,,,,,,,4072
,,,,,,,1683
,,,,,,,2033
,,,,,,,713
,,,,,,,847
,,,,,,,1816
,,,,,,,4219
,,,,,,,1296
,,,,,,,3524
,,,,,,,3020
,,,,,,,185
,,,,,,,3475
,,,,,,,3802
,,,,,,,3426
,,,,,,,637
,,,,,,,4992
,,,,,,,1233
,,,,,,,978
,,,,,,,3836
,,,,,,,3290
,,,,,,,2140
,,,,,,,250
,,,,,,,2891
,,,,,,,3578
,,,,,,,2415
,,,,,,,3770
,,,,,,,3437
,,,,,,,621
,,,,,,,1050
,,,,,,,1612
,,,,,,,1778
,,,,,,,1378
,,,,,,,4915
,,,,,,,3259
,,,,,,,4302
,,,,,,,2992
,,,,,,,1011
,,,,,,,3724
,,,,,,,1440
,,,,,,,4818
,,,,,,,454
,,,,,,,3379
,,,,,,,1268
,,,,,,,312
,,,,,,,538
,,,,,,,185
,,,,,,,4675
,,,,,,,1420
,,,,,,,1514
,,,,,,,2813
,,,,,,,3407
,,,,,,,1128
,,,,,,,335
,,,,,,,891
,,,,,,,1789
,,,,,,,2579
,,,,,,,1731
,,,,,,,2799
,,,,,,,954
,,,,,,,2574
,,,,,,,545
,,,,,,,2479
,,,,,,,2635
,,,,,,,1968
,,,,,,,2838
,,,,,,,2551
,,,,,,,4261
,,,,,,,861
,,,,,,,2122
,,,,,,,1343
,,,,,,,1899
,,,,,,,4985
,,,,,,,2014
,,,,,,,413
,,,,,,,2865
,,,,,,,3211
,,,,,,,4563
,,,,,,,3490
,,,,,,,1502
,,,,,,,3188
,,,,,,,4070
,,,,,,,4571
,,,,,,,4145
,,,,,,,20
,,,,,,,3331
,,,,,,,3290
,,,,,,,3041
,,,,,,,2824
,,,,,,,2660
,,,,,,,174
,,,,,,,3516
,,,,,,,2717
,,,,,,,30
,,,,,,,3390
,,,,,,,3720
,,,,,,,2092
,,,,,,,3081
,,,,,,,3626
,,,,,,,858
,,,,,,,69
,,,,,,,1458
,,,,,,,520
,,,,,,,1203
,,,,,,,4439
,,,,,,,2787
,,,,,,,507
,,,,,,,4461
,,,,,,,3724
,,,,,,,4554
,,,,,,,1681
,,,,,,,585
,,,,,,,2292
,,,,,,,2014
,,,,,,,1259
,,,,,,,1701
,,,,,,,3633
,,,,,,,4512
,,,,,,,3085
,,,,,,,1021
,,,,,,,4628
,,,,,,,2359
,,,,,,,1472
,,,,,,,3073
,,,,,,,3862
,,,,,,,4831
,,,,,,,938
,,,,,,,3344
,,,,,,,1265
,,,,,,,1780
,,,,,,,4124
,,,,,,,2639
,,,,,,,3616
,,,,,,,1456
,,,,,,,4902
,,,,,,,1102
,,,,,,,3738
,,,,,,,1964
,,,,,,,4218
,,,,,,,590
,,,,,,,3227
,,,,,,,369
,,,,,,,3315
,,,,,,,3070
,,,,,,,2615
,,,,,,,1377
,,,,,,,3877
,,,,,,,2473
,,,,,,,258
,,,,,,,1928
,,,,,,,1347
,,,,,,,1922
,,,,,,,2792
,,,,,,,557
,,,,,,,2166
,,,,,,,2434
,,,,,,,3215
,,,,,,,1647
,,,,,,,4880
,,,,,,,344
,,,,,,,875
,,,,,,,4946
,,,,,,,3722
,,,,,,,74
,,,,,,,1792
,,,,,,,3374
,,,,,,,3198
,,,,,,,2042
,,,,,,,1278
,,,,,,,4100
,,,,,,,2818
,,,,,,,4869
,,,,,,,1529
,,,,,,,2049
,,,,,,,1
,,,,,,,3372
,,,,,,,3280
,,,,,,,4985
,,,,,,,3676
,,,,,,,2121
,,,,,,,3901
,,,,,,,1140
,,,,,,,3665
,,,,,,,1694
,,,,,,,1713
,,,,,,,3888
,,,,,,,3580
,,,,,,,2998
,,,,,,,3410
,,,,,,,2302
,,,,,,,4380
,,,,,,,225
,,,,,,,129
,,,,,,,3850
,,,,,,,3123
,,,,,,,2286
,,,,,,,1504
,,,,,,,2705
,,,,,,,329
,,,,,,,3401
,,,,,,,512
,,,,,,,2308
,,,,,,,1902
,,,,,,,2314
,,,,,,,908
,,,,,,,808
,,,,,,,4330
,,,,,,,4336
,,,,,,,762
,,,,,,,3475
,,,,,,,4545
,,,,,,,1334
,,,,,,,4213
,,,,,,,3761
,,,,,,,2215
,,,,,,,3036
,,,,,,,563
,,,,,,,499
,,,,,,,3471
,,,,,,,4168
,,,,,,,1982
,,,,,,,3920
,,,,,,,1739
,,,,,,,822
,,,,,,,4623
,,,,,,,456
,,,,,,,2944
,,,,,,,3593
,,,,,,,4298
,,,,,,,155
,,,,,,,2515
,,,,,,,3513
,,,,,,,4630
,,,,,,,3978
,,,,,,,4181
,,,,,,,2650
,,,,,,,3528
,,,,,,,2336
,,,,,,,356
,,,,,,,641
,,,,,,,2411
,,,,,,,1990
,,,,,,,3377
,,,,,,,4681
,,,,,,,2034
,,,,,,,942
,,,,,,,2783
,,,,,,,4627
,,,,,,,906
,,,,,,,2802
,,,,,,,3743
,,,,,,,2801
,,,,,,,4693
,,,,,,,3778
,,,,,,,2353
,,,,,,,3641
,,,,,,,1894
,,,,,,,244
,,,,,,,3079
,,,,,,,2746
,,,,,,,2891
,,,,,,,1607
,,,,,,,4800
,,,,,,,827
,,,,,,,3158
,,,,,,,4184
,,,,,,,2330
,,,,,,,3799
,,,,,,,972
,,,,,,,3362
,,,,,,,1163
,,,,,,,440
,,,,,,,180
,,,,,,,200
,,,,,,,1973
,,,,,,,2422
,,,,,,,4444
,,,,,,,4983
,,,,,,,1838
,,,,,,,3097
,,,,,,,4543
,,,,,,,3936
,,,,,,,3209
,,,,,,,3538
,,,,,,,1072
,,,,,,,4976
,,,,,,,1649
,,,,,,,4223
,,,,,,,4200
,,,,,,,2574
,,,,,,,4740
,,,,,,,3570
,,,,,,,1166
,,,,,,,2945
,,,,,,,2847
,,,,,,,3032
,,,,,,,3787
,,,,,,,1464
,,,,,,,4659
,,,,,,,2461
,,,,,,,2453
,,,,,,,2179
,,,,,,,1980
,,,,,,,1191
,,,,,,,690
,,,,,,,2528
,,,,,,,159
,,,,,,,2570
,,,,,,,1231
,,,,,,,4137
,,,,,,,4067
,,,,,,,1802
,,,,,,,1930
,,,,,,,1117
,,,,,,,1458
,,,,,,,3178
,,,,,,,20
,,,,,,,1544
,,,,,,,4416
,,,,,,,450
,,,,,,,208
,,,,,,,4818
,,,,,,,2805
,,,,,,,2119
,,,,,,,1078
,,,,,,,4013
,,,,,,,919
,,,,,,,4901
,,,,,,,1544
,,,,,,,2837
,,,,,,,4810
,,,,,,,732
,,,,,,,3551
,,,,,,,630
,,,,,,,1540
,,,,,,,2676
,,,,,,,4178
,,,,,,,3471
,,,,,,,1810
,,,,,,,2128
,,,,,,,3856
,,,,,,,842
,,,,,,,757
,,,,,,,3190
,,,,,,,28
,,,,,,,415
,,,,,,,3467
,,,,,,,3768
,,,,,,,3874
,,,,,,,1187
,,,,,,,449
,,,,,,,4049
,,,,,,,2139
,,,,,,,1946
,,,,,,,1396
,,,,,,,4342
,,,,,,,4342
,,,,,,,2860
,,,,,,,1758
,,,,,,,2751
,,,,,,,1814
,,,,,,,2989
,,,,,,,4195
,,,,,,,3399
,,,,,,,4717
,,,,,,,3242
,,,,,,,3407
,,,,,,,3988
,,,,,,,790
,,,,,,,1861
,,,,,,,1054
,,,,,,,1497
,,,,,,,3386
,,,,,,,1726
,,,,,,,2317
,,,,,,,693
,,,,,,,540
,,,,,,,4981
,,,,,,,1111
,,,,,,,3041
,,,,,,,4908
,,,,,,,1384
,,,,,,,3289
,,,,,,,3148
,,,,,,,4409
,,,,,,,1953
,,,,,,,4376
,,,,,,,731
,,,,,,,883
,,,,,,,2380
,,,,,,,1093
,,,,,,,788
,,,,,,,2798
,,,,,,,3802
,,,,,,,1010
,,,,,,,3261
,,,,,,,3046
,,,,,,,4528
,,,,,,,3592
,,,,,,,2945
,,,,,,,786
,,,,,,,4755
,,,,,,,2939
,,,,,,,1384
,,,,,,,4902
,,,,,,,2404
,,,,,,,3307
,,,,,,,2660
,,,,,,,1051
,,,,,,,2919
,,,,,,,2287
,,,,,,,1840
,,,,,,,1776
,,,,,,,1606
,,,,,,,3992
,,,,,,,1570
,,,,,,,1544
,,,,,,,4202
,,,,,,,982
,,,,,,,2333
,,,,,,,2682
,,,,,,,4918
,,,,,,,4764
,,,,,,,4379
,,,,,,,2108
,,,,,,,991
,,,,,,,1032
,,,,,,,1314
,,,,,,,4113
,,,,,,,270
,,,,,,,3186
,,,,,,,1303
,,,,,,,4803
,,,,,,,517
,,,,,,,3311
,,,,,,,2602
,,,,,,,3286
,,,,,,,699
,,,,,,,1159
,,,,,,,2757
,,,,,,,3106
,,,,,,,3809
,,,,,,,4020
,,,,,,,564
,,,,,,,4284
,,,,,,,1293
,,,,,,,4265
,,,,,,,2729
,,,,,,,4064
,,,,,,,1885
,,,,,,,3307
,,,,,,,3541
,,,,,,,4927
,,,,,,,3723
,,,,,,,3575
,,,,,,,4002
,,,,,,,1556
,,,,,,,4715
,,,,,,,1259
,,,,,,,1401
,,,,,,,1907
,,,,,,,1352
,,,,,,,149
,,,,,,,1386
,,,,,,,864
,,,,,,,524
,,,,,,,585
,,,,,,,3298
,,,,,,,2371
,,,,,,,2304
,,,,,,,2985
,,,,,,,817
,,,,,,,3965
,,,,,,,2880
,,,,,,,77
,,,,,,,1174
,,,,,,,2574
,,,,,,,2183
,,,,,,,3978
,,,,,,,4623
,,,,,,,1489
,,,,,,,560
,,,,,,,31
,,,,,,,1213
,,,,,,,1881
,,,,,,,133
,,,,,,,3400
,,,,,,,4688
,,,,,,,3582
,,,,,,,1708
,,,,,,,3786
,,,,,,,3108
,,,,,,,832
,,,,,,,3621
,,,,,,,3860
,,,,,,,2430
,,,,,,,2837
,,,,,,,584
,,,,,,,975
,,,,,,,3285
,,,,,,,1054
,,,,,,,3770
,,,,,,,4421
,,,,,,,3125
,,,,,,,2271
,,,,,,,3522
,,,,,,,1170
,,,,,,,3169
,,,,,,,1565
,,,,,,,2564
,,,,,,,3212
,,,,,,,67
,,,,,,,337
,,,,,,,2198
,,,,,,,4243
,,,,,,,1752
,,,,,,,954
,,,,,,,623
,,,,,,,4348
,,,,,,,4129
,,,,,,,1870
,,,,,,,4306
,,,,,,,2333
,,,,,,,3109
,,,,,,,2241
,,,,,,,621
,,,,,,,3880
,,,,,,,119
,,,,,,,4043
,,,,,,,3831
,,,,,,,3936
,,,,,,,1380
,,,,,,,1867
,,,,,,,2420
,,,,,,,647
,,,,,,,106
,,,,,,,2670
,,,,,,,4078
,,,,,,,2494
,,,,,,,2974
,,,,,,,3004
,,,,,,,4794
,,,,,,,2710
,,,,,,,3829
,,,,,,,1738
,,,,,,,2000
,,,,,,,3195
,,,,,,,4284
,,,,,,,2839
,,,,,,,4663
,,,,,,,736
,,,,,,,791
,,,,,,,4702
,,,,,,,2647
,,,,,,,2725
,,,,,,,1072
,,,,,,,4456
,,,,,,,3386
,,,,,,,1907
,,,,,,,1764
,,,,,,,3729
,,,,,,,3292
,,,,,,,2300
,,,,,,,3970
,,,,,,,3946
,,,,,,,2651
,,,,,,,511
,,,,,,,4471
,,,,,,,3585
,,,,,,,1572
,,,,,,,4563
,,,,,,,4374
,,,,,,,4305
,,,,,,,3764
,,,,,,,3785
,,,,,,,1239
,,,,,,,2395
,,,,,,,3162
,,,,,,,1493
,,,,,,,4269
,,,,,,,3559
,,,,,,,2188
,,,,,,,4262
,,,,,,,2872
,,,,,,,4076
,,,,,,,430
,,,,,,,1021
,,,,,,,4805
,,,,,,,1325
,,,,,,,4810
,,,,,,,2853
,,,,,,,4236
,,,,,,,2937
,,,,,,,4505
,,,,,,,4798
,,,,,,,3824
,,,,,,,3469
,,,,,,,466
,,,,,,,1345
,,,,,,,1034
,,,,,,,129
,,,,,,,4147
,,,,,,,1802
,,,,,,,819
,,,,,,,2913
,,,,,,,322
,,,,,,,3030
,,,,,,,3505
,,,,,,,4492
,,,,,,,1567
,,,,,,,3460
,,,,,,,4828
,,,,,,,1302
,,,,,,,3881
,,,,,,,4338
,,,,,,,3375
,,,,,,,2097
,,,,,,,4755
,,,,,,,258
,,,,,,,4731
,,,,,,,2762
,,,,,,,3995
,,,,,,,4531
,,,,,,,3228
,,,,,,,4539
,,,,,,,2692
,,,,,,,792
,,,,,,,1452
,,,,,,,3041
,,,,,,,1166
,,,,,,,1488
,,,,,,,4960
,,,,,,,505
,,,,,,,1417
,,,,,,,1956
,,,,,,,483
,,,,,,,3727
,,,,,,,1821
,,,,,,,4034
,,,,,,,2389
,,,,,,,288
,,,,,,,589
,,,,,,,886
,,,,,,,3693
,,,,,,,432
,,,,,,,1730
,,,,,,,3043
,,,,,,,3790
,,,,,,,2706
,,,,,,,3272
,,,,,,,4777
,,,,,,,1755
,,,,,,,3593
,,,,,,,1010
,,,,,,,3202
,,,,,,,771
,,,,,,,2580
,,,,,,,3452
,,,,,,,3027
,,,,,,,2889
,,,,,,,978
,,,,,,,4548
,,,,,,,1655
,,,,,,,3103
,,,,,,,3228
,,,,,,,4109
,,,,,,,2906
,,,,,,,2593
,,,,,,,4722
,,,,,,,4887
,,,,,,,971
,,,,,,,1260
,,,,,,,1406
,,,,,,,2322
,,,,,,,2737
,,,,,,,4566
,,,,,,,813
,,,,,,,4263
,,,,,,,2733
,,,,,,,4081
,,,,,,,3830
,,,,,,,4486
,,,,,,,471
,,,,,,,3841
,,,,,,,264
,,,,,,,4921
,,,,,,,2046
,,,,,,,596
,,,,,,,2917
,,,,,,,1196
,,,,,,,3780
,,,,,,,4299
,,,,,,,1972
,,,,,,,2332
,,,,,,,2354
,,,,,,,3642
,,,,,,,4936
,,,,,,,4804
,,,,,,,2594
,,,,,,,1402
,,,,,,,1886
,,,,,,,1088
,,,,,,,4736
,,,,,,,2577
,,,,,,,4736
,,,,,,,457
,,,,,,,2124
,,,,,,,1942
,,,,,,,1795
,,,,,,,3268
,,,,,,,573
,,,,,,,3234
,,,,,,,1151
,,,,,,,897
,,,,,,,2778
,,,,,,,801
,,,,,,,223
,,,,,,,3856
,,,,,,,3181
,,,,,,,3096
,,,,,,,3579
,,,,,,,528
,,,,,,,1297
,,,,,,,1176
,,,,,,,2782
,,,,,,,4155
,,,,,,,1809
,,,,,,,3151
,,,,,,,3060
,,,,,,,513
,,,,,,,1377
,,,,,,,3179
,,,,,,,879
,,,,,,,222
,,,,,,,3300
,,,,,,,1610
,,,,,,,426
,,,,,,,4958
,,,,,,,2286
,,,,,,,122
,,,,,,,2949
,,,,,,,2620
,,,,,,,4770
,,,,,,,4185
,,,,,,,2027
,,,,,,,453
,,,,,,,1596
,,,,,,,4718
,,,,,,,380
,,,,,,,4492
,,,,,,,1935
,,,,,,,2896
,,,,,,,4992
,,,,,,,28
,,,,,,,676
,,,,,,,4700
,,,,,,,2787
,,,,,,,1960
,,,,,,,981
,,,,,,,3072
,,,,,,,2716
,,,,,,,427
,,,,,,,2019
,,,,,,,3143
,,,,,,,1204
,,,,,,,3582
,,,,,,,1541
,,,,,,,2877
,,,,,,,3999
,,,,,,,3445
,,,,,,,1856
,,,,,,,63
,,,,,,,676
,,,,,,,2423
,,,,,,,3884
,,,,,,,2481
,,,,,,,741
,,,,,,,3467
,,,,,,,3995
,,,,,,,1697
,,,,,,,3578
,,,,,,,978
,,,,,,,380
,,,,,,,1140
,,,,,,,2304
,,,,,,,3139
,,,,,,,1392
,,,,,,,1483
,,,,,,,2747
,,,,,,,138
,,,,,,,4364
,,,,,,,3859
,,,,,,,607
,,,,,,,2792
,,,,,,,3250
,,,,,,,4823
,,,,,,,3653
,,,,,,,4148
,,,,,,,2519
,,,,,,,4743
,,,,,,,4233
,,,,,,,2480
,,,,,,,2551
,,,,,,,1875
,,,,,,,1129
,,,,,,,3413
,,,,,,,4902
,,,,,,,1394
,,,,,,,4612
,,,,,,,2176
,,,,,,,694
,,,,,,,3837
,,,,,,,877
,,,,,,,4227
,,,,,,,2143
,,,,,,,1183
,,,,,,,2923
,,,,,,,2895
,,,,,,,2433
,,,,,,,1980
,,,,,,,4542
,,,,,,,721
,,,,,,,4179
,,,,,,,907
,,,,,,,507
,,,,,,,4434
,,,,,,,3092
,,,,,,,2116
,,,,,,,106
,,,,,,,859
,,,,,,,1495
,,,,,,,180
,,,,,,,3041
,,,,,,,1834
,,,,,,,433
,,,,,,,3577
,,,,,,,4354
,,,,,,,1149
,,,,,,,2390
,,,,,,,4384
,,,,,,,1091
,,,,,,,2383
,,,,,,,3455
,,,,,,,124
,,,,,,,4635
,,,,,,,2661
,,,,,,,4986
,,,,,,,3865
,,,,,,,986
,,,,,,,843
,,,,,,,2077
,,,,,,,773
,,,,,,,854
,,,,,,,500
,,,,,,,592
,,,,,,,2159
,,,,,,,4281
,,,,,,,2040
,,,,,,,920
,,,,,,,2998
,,,,,,,2982
,,,,,,,4487
,,,,,,,3226
,,,,,,,865
,,,,,,,2962
,,,,,,,2028
,,,,,,,2515
,,,,,,,3763
,,,,,,,3976
,,,,,,,2048
,,,,,,,1343
,,,,,,,4442
,,,,,,,1241
,,,,,,,2986
,,,,,,,4132
,,,,,,,1029
,,,,,,,2251
,,,,,,,905
,,,,,,,2253
,,,,,,,3553
,,,,,,,2328
,,,,,,,3005
,,,,,,,2735
,,,,,,,1120
,,,,,,,1687
,,,,,,,791
,,,,,,,1831
,,,,,,,1233
,,,,,,,4870
,,,,,,,2501
,,,,,,,34
,,,,,,,2731
,,,,,,,2546
,,,,,,,4116
,,,,,,,1989
,,,,,,,3176
,,,,,,,2883
,,,,,,,1671
,,,,,,,3503
,,,,,,,856
,,,,,,,2762
,,,,,,,4736
,,,,,,,753
,,,,,,,2848
,,,,,,,3735
,,,,,,,1250
,,,,,,,1634
,,,,,,,2155
,,,,,,,3925
,,,,,,,608
,,,,,,,1474
,,,,,,,282
,,,,,,,2573
,,,,,,,3131
,,,,,,,2133
,,,,,,,2309
,,,,,,,3952
,,,,,,,1875
,,,,,,,4357
,,,,,,,3868
,,,,,,,2962
,,,,,,,705
,,,,,,,4277
,,,,,,,1136
,,,,,,,2536
,,,,,,,3421
,,,,,,,4820
,,,,,,,872
,,,,,,,1516
,,,,,,,939
,,,,,,,4347
,,,,,,,4707
,,,,,,,1512
,,,,,,,2947
,,,,,,,2364
,,,,,,,4734
,,,,,,,4778
,,,,,,,1279
,,,,,,,3438
,,,,,,,3974
,,,,,,,3313
,,,,,,,412
,,,,,,,1341
,,,,,,,3411
,,,,,,,1575
,,,,,,,4443
,,,,,,,1592
,,,,,,,1215
,,,,,,,4510
,,,,,,,376
,,,,,,,4308
,,,,,,,4441
,,,,,,,2837
,,,,,,,578
,,,,,,,811
,,,,,,,370
,,,,,,,2087
,,,,,,,2479
,,,,,,,3596
,,,,,,,4846
,,,,,,,919
,,,,,,,4237
,,,,,,,3760
,,,,,,,3687
,,,,,,,2131
,,,,,,,2962
,,,,,,,1397
,,,,,,,2596
,,,,,,,4411
,,,,,,,846
,,,,,,,4351
,,,,,,,186
,,,,,,,139
,,,,,,,47
,,,,,,,2034
,,,,,,,4698
,,,,,,,771
,,,,,,,2967
,,,,,,,64
,,,,,,,2420
,,,,,,,4928
,,,,,,,4126
,,,,,,,100
,,,,,,,2461
,,,,,,,3672
,,,,,,,1123
,,,,,,,1801
,,,,,,,2280
,,,,,,,1902
,,,,,,,3101
,,,,,,,215
,,,,,,,2106
,,,,,,,1577
,,,,,,,183
,,,,,,,367
,,,,,,,580
,,,,,,,2133
,,,,,,,1508
,,,,,,,4057
,,,,,,,651
,,,,,,,429
,,,,,,,4916
,,,,,,,4360
,,,,,,,934
,,,,,,,4221
,,,,,,,2403
,,,,,,,2404
,,,,,,,1966
,,,,,,,3158
,,,,,,,508
,,,,,,,1355
,,,,,,,688
,,,,,,,2208
,,,,,,,4539
,,,,,,,668
,,,,,,,1867
,,,,,,,4470
,,,,,,,3268
,,,,,,,2019
,,,,,,,4891
,,,,,,,3010
,,,,,,,3778
,,,,,,,1288
,,,,,,,1445
,,,,,,,1249
,,,,,,,4752
,,,,,,,4359
,,,,,,,1118
,,,,,,,2820
,,,,,,,3095
,,,,,,,1499
,,,,,,,4371
,,,,,,,1783
,,,,,,,722
,,,,,,,2632
,,,,,,,1611
,,,,,,,3781
,,,,,,,1322
,,,,,,,4287
,,,,,,,496
,,,,,,,111
,,,,,,,1595
,,,,,,,3380
,,,,,,,2340
,,,,,,,4352
,,,,,,,1483
,,,,,,,2828
,,,,,,,2878
,,,,,,,3473
,,,,,,,3574
,,,,,,,4936
,,,,,,,1005
,,,,,,,2540
,,,,,,,2224
,,,,,,,3113
,,,,,,,3266
,,,,,,,2871
,,,,,,,4072
,,,,,,,1478
,,,,,,,4892
,,,,,,,2097
,,,,,,,497
,,,,,,,849
,,,,,,,2015
,,,,,,,1012
,,,,,,,4075
,,,,,,,469
,,,,,,,2108
,,,,,,,1996
,,,,,,,4191
,,,,,,,1461
,,,,,,,4910
,,,,,,,4227
,,,,,,,4682
,,,,,,,408
,,,,,,,4714
,,,,,,,172
,,,,,,,784
,,,,,,,4699
,,,,,,,3024
,,,,,,,2891
,,,,,,,451
,,,,,,,677
,,,,,,,890
,,,,,,,3752
,,,,,,,151
,,,,,,,3879
,,,,,,,159
,,,,,,,1364
,,,,,,,316
,,,,,,,792
,,,,,,,1137
,,,,,,,4487
,,,,,,,2395
,,,,,,,3695
,,,,,,,1661
,,,,,,,1772
,,,,,,,3581
,,,,,,,2366
,,,,,,,721
,,,,,,,2433
,,,,,,,1009
,,,,,,,3319
,,,,,,,948
,,,,,,,1756
,,,,,,,450
,,,,,,,2747
,,,,,,,1002
,,,,,,,1498
,,,,,,,640
,,,,,,,1527
,,,,,,,1597
,,,,,,,3254
,,,,,,,706
,,,,,,,2731
,,,,,,,2524
,,,,,,,30
,,,,,,,2733
,,,,,,,582
,,,,,,,4891
,,,,,,,2661
,,,,,,,3320
,,,,,,,2689
,,,,,,,104
,,,,,,,1221
,,,,,,,852
,,,,,,,4540
,,,,,,,602
,,,,,,,2726
,,,,,,,3551
,,,,,,,578
,,,,,,,2076
,,,,,,,2372
,,,,,,,1154
,,,,,,,4918
,,,,,,,3159
,,,,,,,3840
,,,,,,,380
,,,,,,,2651
,,,,,,,1867
,,,,,,,2197
,,,,,,,4986
,,,,,,,1957
,,,,,,,2671
,,,,,,,3929
,,,,,,,4118
,,,,,,,3528
,,,,,,,1837
,,,,,,,389
,,,,,,,1034
,,,,,,,2979
,,,,,,,4784
,,,,,,,80
,,,,,,,4054
,,,,,,,1962
,,,,,,,4684
,,,,,,,3676
,,,,,,,972
,,,,,,,1271
,,,,,,,3253
,,,,,,,4758
,,,,,,,3107
,,,,,,,3854
,,,,,,,3225
,,,,,,,1089
,,,,,,,2946
,,,,,,,3064
,,,,,,,2602
,,,,,,,152
,,,,,,,3740
,,,,,,,4262
,,,,,,,3534
,,,,,,,3271
,,,,,,,3214
,,,,,,,1211
,,,,,,,2037
,,,,,,,1719
,,,,,,,3096
,,,,,,,2323
,,,,,,,4229
,,,,,,,608
,,,,,,,2540
,,,,,,,807
,,,,,,,3070
,,,,,,,3854
,,,,,,,2034
,,,,,,,2807
,,,,,,,4846
,,,,,,,890
,,,,,,,4368
,,,,,,,1388
,,,,,,,3409
,,,,,,,3007
,,,,,,,3596
,,,,,,,4519
,,,,,,,1621
,,,,,,,2210
,,,,,,,2413
,,,,,,,3938
,,,,,,,4158
,,,,,,,2934
,,,,,,,4179
,,,,,,,958
,,,,,,,4809
,,,,,,,1454
,,,,,,,245
,,,,,,,649
,,,,,,,570
,,,,,,,3205
,,,,,,,1223
,,,,,,,1688
,,,,,,,1083
,,,,,,,2928
,,,,,,,4478
,,,,,,,4758
,,,,,,,1347
,,,,,,,1833
,,,,,,,302
,,,,,,,1142
,,,,,,,4991
,,,,,,,3268
,,,,,,,1335
,,,,,,,1621
,,,,,,,964
,,,,,,,1893
,,,,,,,390
,,,,,,,2149
,,,,,,,700
,,,,,,,4763
,,,,,,,1626
,,,,,,,1119
,,,,,,,1055
,,,,,,,3948
,,,,,,,2103
,,,,,,,4080
,,,,,,,3934
,,,,,,,3473
,,,,,,,1921
,,,,,,,2455
,,,,,,,4974
,,,,,,,3525
,,,,,,,4027
,,,,,,,4988
,,,,,,,3199
,,,,,,,3367
,,,,,,,1189
,,,,,,,3002
,,,,,,,2091
,,,,,,,3384
,,,,,,,2305
,,,,,,,4063
,,,,,,,890
,,,,,,,4200
,,,,,,,2354
,,,,,,,138
,,,,,,,990
,,,,,,,4788
,,,,,,,1399
,,,,,,,4303
,,,,,,,1725
,,,,,,,1035
,,,,,,,1877
,,,,,,,2567
,,,,,,,933
,,,,,,,2653
,,,,,,,3045
,,,,,,,4190
,,,,,,,4210
,,,,,,,316
,,,,,,,3785
,,,,,,,3676
,,,,,,,266
,,,,,,,2831
,,,,,,,1507
,,,,,,,2846
,,,,,,,4088
,,,,,,,854
,,,,,,,1036
,,,,,,,3387
,,,,,,,3340
,,,,,,,3172
,,,,,,,3976
,,,,,,,1518
,,,,,,,330
,,,,,,,4316
,,,,,,,1782
,,,,,,,3635
,,,,,,,2574
,,,,,,,4642
,,,,,,,492
,,,,,,,1276
,,,,,,,1221
,,,,,,,4054
,,,,,,,814
,,,,,,,4675
,,,,,,,3424
,,,,,,,521
,,,,,,,4420
,,,,,,,3458
,,,,,,,82
,,,,,,,4331
,,,,,,,4716
,,,,,,,4516
,,,,,,,1296
,,,,,,,1544
,,,,,,,3289
,,,,,,,509
,,,,,,,105
,,,,,,,4805
,,,,,,,1904
,,,,,,,4790
,,,,,,,2944
,,,,,,,2952
,,,,,,,604
,,,,,,,815
,,,,,,,956
,,,,,,,2516
,,,,,,,887
,,,,,,,3080
,,,,,,,4807
,,,,,,,55
,,,,,,,1401
,,,,,,,2683
,,,,,,,1170
,,,,,,,2542
,,,,,,,433
,,,,,,,2196
,,,,,,,3630
,,,,,,,3835
,,,,,,,3104
,,,,,,,1998
,,,,,,,352
,,,,,,,1950
,,,,,,,1177
,,,,,,,2665
,,,,,,,2597
,,,,,,,1403
,,,,,,,1381
,,,,,,,3435
,,,,,,,2444
,,,,,,,4861
,,,,,,,3111
,,,,,,,1883
,,,,,,,1334
,,,,,,,1163
,,,,,,,3672
,,,,,,,2864
,,,,,,,4663
,,,,,,,1874
,,,,,,,1313
,,,,,,,495
,,,,,,,2720
,,,,,,,2959
,,,,,,,2458
,,,,,,,4959
,,,,,,,1097
,,,,,,,4723
,,,,,,,4087
,,,,,,,4869
,,,,,,,1188
,,,,,,,1576
,,,,,,,2654
,,,,,,,2264
,,,,,,,1696
,,,,,,,1619
,,,,,,,1379
,,,,,,,2106
,,,,,,,3997
,,,,,,,4083
,,,,,,,711
,,,,,,,3923
,,,,,,,708
,,,,,,,4469
,,,,,,,3495
,,,,,,,3744
,,,,,,,3588
,,,,,,,4974
,,,,,,,14
,,,,,,,4014
,,,,,,,191
,,,,,,,4265
,,,,,,,2785
,,,,,,,3330
,,,,,,,179
,,,,,,,1304
,,,,,,,4548
,,,,,,,807
,,,,,,,1430
,,,,,,,2428
,,,,,,,1722
,,,,,,,1777
,,,,,,,627
,,,,,,,1467
,,,,,,,4746
,,,,,,,756
,,,,,,,1799
,,,,,,,2770
,,,,,,,1525
,,,,,,,3963
,,,,,,,4536
,,,,,,,4032
,,,,,,,211
,,,,,,,1984
,,,,,,,3107
,,,,,,,2487
,,,,,,,4836
,,,,,,,4956
,,,,,,,854
,,,,,,,3521
,,,,,,,2010
,,,,,,,4202
,,,,,,,368
,,,,,,,3719
,,,,,,,2066
,,,,,,,1813
,,,,,,,2679
,,,,,,,2038
,,,,,,,2340
,,,,,,,3400
,,,,,,,373
,,,,,,,4083
,,,,,,,119
,,,,,,,544
,,,,,,,885
,,,,,,,329
,,,,,,,4506
,,,,,,,4388
,,,,,,,1808
,,,,,,,3016
,,,,,,,827
,,,,,,,1056
,,,,,,,1513
,,,,,,,949
,,,,,,,951
,,,,,,,2200
,,,,,,,3706
,,,,,,,2768
,,,,,,,4789
,,,,,,,458
,,,,,,,1560
,,,,,,,4961
,,,,,,,856
,,,,,,,4283
,,,,,,,2125
,,,,,,,936
,,,,,,,608
,,,,,,,2607
,,,,,,,2025
,,,,,,,4704
,,,,,,,2586
,,,,,,,4643
,,,,,,,3906
,,,,,,,1863
,,,,,,,2500
,,,,,,,2438
,,,,,,,3126
,,,,,,,1926
,,,,,,,3965
,,,,,,,4534
,,,,,,,1439
,,,,,,,3456
,,,,,,,1571
,,,,,,,1099
,,,,,,,1191
,,,,,,,1002
,,,,,,,2866
,,,,,,,4379
,,,,,,,2769
,,,,,,,760
,,,,,,,997
,,,,,,,213
,,,,,,,1064
,,,,,,,675
,,,,,,,4551
,,,,,,,977
,,,,,,,2932
,,,,,,,2515
,,,,,,,2150
,,,,,,,3389
,,,,,,,2425
,,,,,,,1144
,,,,,,,3529
,,,,,,,4047
,,,,,,,4832
,,,,,,,4872
,,,,,,,735
,,,,,,,3890
,,,,,,,2794
,,,,,,,2599
,,,,,,,1603
,,,,,,,261
,,,,,,,3491
,,,,,,,144
,,,,,,,3645
,,,,,,,2355
,,,,,,,1160
,,,,,,,2044
,,,,,,,1571
,,,,,,,51
,,,,,,,2926
,,,,,,,1710
,,,,,,,4301
,,,,,,,150
,,,,,,,1691
,,,,,,,3382
,,,,,,,2314
,,,,,,,3892
,,,,,,,4649
,,,,,,,569
,,,,,,,1135
,,,,,,,4798
,,,,,,,3398
,,,,,,,2274
,,,,,,,3916
,,,,,,,3903
,,,,,,,2452
,,,,,,,3078
,,,,,,,4975
,,,,,,,1237
,,,,,,,4062
,,,,,,,3620
,,,,,,,578
,,,,,,,2966
,,,,,,,4094
,,,,,,,2521
,,,,,,,4494
,,,,,,,844
,,,,,,,2560
,,,,,,,1409
,,,,,,,2883
,,,,,,,4142
,,,,,,,4710
,,,,,,,2825
,,,,,,,2971
,,,,,,,225
,,,,,,,3860
,,,,,,,4861
,,,,,,,4952
,,,,,,,1449
,,,,,,,2386
,,,,,,,3784
,,,,,,,2911
,,,,,,,4313
,,,,,,,2583
,,,,,,,43
,,,,,,,2558
,,,,,,,1926
,,,,,,,3461
,,,,,,,2182
,,,,,,,1602
,,,,,,,1970
,,,,,,,76
,,,,,,,3357
,,,,,,,2352
,,,,,,,2414
,,,,,,,969
,,,,,,,2534
,,,,,,,1249
,,,,,,,163
,,,,,,,948
,,,,,,,1224
,,,,,,,4150
,,,,,,,834
,,,,,,,1030
,,,,,,,2952
,,,,,,,3941
,,,,,,,2251
,,,,,,,1974
,,,,,,,4837
,,,,,,,49
,,,,,,,1943
,,,,,,,1143
,,,,,,,2811
,,,,,,,1531
,,,,,,,46
,,,,,,,47
,,,,,,,3694
,,,,,,,3147
,,,,,,,2777
,,,,,,,3763
,,,,,,,4802
,,,,,,,1716
,,,,,,,4950
,,,,,,,2498
,,,,,,,1400
,,,,,,,2547
,,,,,,,2508
,,,,,,,2132
,,,,,,,2820
,,,,,,,4651
,,,,,,,1455
,,,,,,,2595
,,,,,,,2633
,,,,,,,4548
,,,,,,,2425
,,,,,,,326
,,,,,,,3912
,,,,,,,3381
,,,,,,,2503
,,,,,,,2658
,,,,,,,4984
,,,,,,,4450
,,,,,,,4606
,,,,,,,3890
,,,,,,,596
,,,,,,,3001
,,,,,,,4238
,,,,,,,4140
,,,,,,,4071
,,,,,,,3872
,,,,,,,4569
,,,,,,,779
,,,,,,,632
,,,,,,,4764
,,,,,,,388
,,,,,,,4402
,,,,,,,2345
,,,,,,,960
,,,,,,,2044
,,,,,,,1590
,,,,,,,2132
,,,,,,,2268
,,,,,,,2288
,,,,,,,2884
,,,,,,,3559
,,,,,,,1244
,,,,,,,2557
,,,,,,,4425
,,,,,,,3040
,,,,,,,917
,,,,,,,3509
,,,,,,,3639
,,,,,,,1118
,,,,,,,1749
,,,,,,,4032
,,,,,,,4175
,,,,,,,18
,,,,,,,2655
,,,,,,,1290
,,,,,,,2846
,,,,,,,204
,,,,,,,4246
,,,,,,,500
,,,,,,,2554
,,,,,,,1371
,,,,,,,433
,,,,,,,14
,,,,,,,4993
,,,,,,,806
,,,,,,,4150
,,,,,,,2258
,,,,,,,4726
,,,,,,,2422
,,,,,,,2910
,,,,,,,1405
,,,,,,,2188
,,,,,,,1478
,,,,,,,4667
,,,,,,,277
,,,,,,,1475
,,,,,,,551
,,,,,,,1223
,,,,,,,1048
,,,,,,,2451
,,,,,,,1505
,,,,,,,1090
,,,,,,,4845
,,,,,,,894
,,,,,,,4950
,,,,,,,288
,,,,,,,4674
,,,,,,,1465
,,,,,,,3216
,,,,,,,389
,,,,,,,2773
,,,,,,,999
,,,,,,,4167
,,,,,,,1426
,,,,,,,3089
,,,,,,,3603
,,,,,,,3755
,,,,,,,3837
,,,,,,,3554
,,,,,,,3023
,,,,,,,1364
,,,,,,,2717
,,,,,,,2777
,,,,,,,1163
,,,,,,,3657
,,,,,,,537
,,,,,,,4910
,,,,,,,3913
,,,,,,,2625
,,,,,,,986
,,,,,,,4079
,,,,,,,4274
,,,,,,,3586
,,,,,,,2592
,,,,,,,176
,,,,,,,1010
,,,,,,,678
,,,,,,,1741
,,,,,,,93
,,,,,,,1687
,,,,,,,2235
,,,,,,,4080
,,,,,,,2285
,,,,,,,486
,,,,,,,4136
,,,,,,,4184
,,,,,,,3646
,,,,,,,3950
,,,,,,,632
,,,,,,,640
,,,,,,,4064
,,,,,,,1401
,,,,,,,2208
,,,,,,,1969
,,,,,,,408
,,,,,,,525
,,,,,,,2618
,,,,,,,895
,,,,,,,4351
,,,,,,,1743
,,,,,,,2530
,,,,,,,4733
,,,,,,,2566
,,,,,,,1889
,,,,,,,4080
,,,,,,,4225
,,,,,,,544
,,,,,,,3376
,,,,,,,386
,,,,,,,537
,,,,,,,3551
,,,,,,,3056
,,,,,,,4684
,,,,,,,411
,,,,,,,4336
,,,,,,,4961
,,,,,,,2692
,,,,,,,3893
,,,,,,,1573
,,,,,,,621
,,,,,,,1771
,,,,,,,2830
,,,,,,,2216
,,,,,,,3111
,,,,,,,4815
,,,,,,,2276
,,,,,,,4367
,,,,,,,2664
,,,,,,,4768
,,,,,,,782
,,,,,,,3128
,,,,,,,3412
,,,,,,,550
,,,,,,,1772
,,,,,,,3580
,,,,,,,4165
,,,,,,,2037
,,,,,,,4709
,,,,,,,4444
,,,,,,,4135
,,,,,,,1776
,,,,,,,4661
,,,,,,,1002
,,,,,,,4302
,,,,,,,1144
,,,,,,,1679
,,,,,,,3978
,,,,,,,1502
,,,,,,,466
,,,,,,,266
,,,,,,,4417
,,,,,,,4623
,,,,,,,3264
,,,,,,,2821
,,,,,,,4068
,,,,,,,3648
,,,,,,,679
,,,,,,,905
,,,,,,,3085
,,,,,,,2301
,,,,,,,1634
,,,,,,,4099
,,,,,,,1832
,,,,,,,85
,,,,,,,742
,,,,,,,1362
,,,,,,,4715
,,,,,,,4601
,,,,,,,2277
,,,,,,,4752
,,,,,,,4150
,,,,,,,891
,,,,,,,2757
,,,,,,,1859
,,,,,,,2849
,,,,,,,869
,,,,,,,4658
,,,,,,,4925
,,,,,,,418
,,,,,,,518
,,,,,,,1147
,,,,,,,3257
,,,,,,,3336
,,,,,,,3080
,,,,,,,663
,,,,,,,142
,,,,,,,3242
,,,,,,,2281
,,,,,,,2807
,,,,,,,176
,,,,,,,3650
,,,,,,,1545
,,,,,,,2472
,,,,,,,4884
,,,,,,,2284
,,,,,,,353
,,,,,,,342
,,,,,,,4923
,,,,,,,3671
,,,,,,,525
,,,,,,,1198
,,,,,,,3895
,,,,,,,4745
,,,,,,,1965
,,,,,,,2534
,,,,,,,3257
,,,,,,,4939
,,,,,,,567
,,,,,,,2665
,,,,,,,2224
,,,,,,,1590
,,,,,,,3653
,,,,,,,2130
,,,,,,,4468
,,,,,,,2844
,,,,,,,4306
,,,,,,,4160
,,,,,,,4948
,,,,,,,3102
,,,,,,,4529
,,,,,,,3925
,,,,,,,291
,,,,,,,3952
,,,,,,,3789
,,,,,,,1320
,,,,,,,4556
,,,,,,,1065
,,,,,,,4437
,,,,,,,485
,,,,,,,1838
,,,,,,,4015
,,,,,,,207
,,,,,,,3974
,,,,,,,3658
,,,,,,,311
,,,,,,,1582
,,,,,,,299
,,,,,,,1694
,,,,,,,2729
,,,,,,,3935
,,,,,,,2419
,,,,,,,2833
,,,,,,,4609
,,,,,,,3990
,,,,,,,1006
,,,,,,,3607
,,,,,,,1820
,,,,,,,2726
,,,,,,,2916
,,,,,,,2733
,,,,,,,1300
,,,,,,,2268
,,,,,,,4530
,,,,,,,3928
,,,,,,,3835
,,,,,,,3802
,,,,,,,3241
,,,,,,,1021
,,,,,,,4011
,,,,,,,2280
,,,,,,,1930
,,,,,,,518
,,,,,,,3333
,,,,,,,792
,,,,,,,1569
,,,,,,,3385
,,,,,,,4200
,,,,,,,1140
,,,,,,,4417
,,,,,,,3212
,,,,,,,2477
,,,,,,,3707
,,,,,,,3028
,,,,,,,3295
,,,,,,,1183
,,,,,,,4735
,,,,,,,2773
,,,,,,,1689
,,,,,,,223
,,,,,,,3589
,,,,,,,1569
,,,,,,,3790
,,,,,,,4511
,,,,,,,906
,,,,,,,980
,,,,,,,3082
,,,,,,,1402
,,,,,,,3886
,,,,,,,3850
,,,,,,,4431
,,,,,,,1187
,,,,,,,509
,,,,,,,537
,,,,,,,2203
,,,,,,,4800
,,,,,,,2454
,,,,,,,1241
,,,,,,,1648
,,,,,,,278
,,,,,,,2295
,,,,,,,2781
,,,,,,,1670
,,,,,,,3033
,,,,,,,4243
,,,,,,,2083
,,,,,,,4657
,,,,,,,503
,,,,,,,3301
,,,,,,,1000
,,,,,,,767
,,,,,,,3374
,,,,,,,1526
,,,,,,,3118
,,,,,,,3146
,,,,,,,3976
,,,,,,,3682
,,,,,,,3389
,,,,,,,186
,,,,,,,2276
,,,,,,,1270
,,,,,,,2350
,,,,,,,4198
,,,,,,,4472
,,,,,,,3012
,,,,,,,2313
,,,,,,,3387
,,,,,,,1352
,,,,,,,4265
,,,,,,,4361
,,,,,,,4931
,,,,,,,2270
,,,,,,,1730
,,,,,,,1836
,,,,,,,1051
,,,,,,,3123
,,,,,,,1196
,,,,,,,2831
,,,,,,,4846
,,,,,,,644
,,,,,,,132
,,,,,,,2890
,,,,,,,1792
,,,,,,,2609
,,,,,,,975
,,,,,,,2006
,,,,,,,983
,,,,,,,2825
,,,,,,,3100
,,,,,,,1660
,,,,,,,3462
,,,,,,,386
,,,,,,,1276
,,,,,,,1240
,,,,,,,1069
,,,,,,,1738
,,,,,,,859
,,,,,,,2770
,,,,,,,4840
,,,,,,,1609
,,,,,,,3998
,,,,,,,1892
,,,,,,,4068
,,,,,,,4275
,,,,,,,742
,,,,,,,3580
,,,,,,,3882
,,,,,,,2003
,,,,,,,1367
,,,,,,,105
,,,,,,,965
,,,,,,,4487
,,,,,,,3013
,,,,,,,922
,,,,,,,82
,,,,,,,3817
,,,,,,,1324
,,,,,,,4821
,,,,,,,854
,,,,,,,1237
,,,,,,,3481
,,,,,,,3442
,,,,,,,1902
,,,,,,,4654
,,,,,,,2318
,,,,,,,326
,,,,,,,4807
,,,,,,,1179
,,,,,,,3579
,,,,,,,1571
,,,,,,,405
,,,,,,,4642
,,,,,,,425
,,,,,,,976
,,,,,,,2930
,,,,,,,551
,,,,,,,3355
,,,,,,,2365
,,,,,,,2312
,,,,,,,3133
,,,,,,,481
,,,,,,,4328
,,,,,,,202
,,,,,,,4952
,,,,,,,639
,,,,,,,1619
,,,,,,,4388
,,,,,,,2631
,,,,,,,4040
,,,,,,,1642
,,,,,,,16
,,,,,,,3154
,,,,,,,3760
,,,,,,,3825
,,,,,,,2623
,,,,,,,2120
,,,,,,,3711
,,,,,,,1834
,,,,,,,4511
,,,,,,,3894
,,,,,,,3130
,,,,,,,1002
,,,,,,,3745
,,,,,,,4030
,,,,,,,1204
,,,,,,,329
,,,,,,,4195
,,,,,,,3340
,,,,,,,842
,,,,,,,1503
,,,,,,,1006
,,,,,,,2901
,,,,,,,3698
,,,,,,,4613
,,,,,,,3557
,,,,,,,732
,,,,,,,153
,,,,,,,4778
,,,,,,,606
,,,,,,,149
,,,,,,,1390
,,,,,,,4222
,,,,,,,3697
,,,,,,,3319
,,,,,,,3439
,,,,,,,2285
,,,,,,,1556
,,,,,,,4692
,,,,,,,3539
,,,,,,,1021
,,,,,,,1286
,,,,,,,3935
,,,,,,,3732
,,,,,,,2148
,,,,,,,1709
,,,,,,,2495
,,,,,,,4994
,,,,,,,1091
,,,,,,,4240
,,,,,,,3980
,,,,,,,3296
,,,,,,,602
,,,,,,,1323
,,,,,,,3604
,,,,,,,2721
,,,,,,,3005
,,,,,,,2002
,,,,,,,2969
,,,,,,,4549
,,,,,,,1393
,,,,,,,1357
,,,,,,,3326
,,,,,,,4874
,,,,,,,2714
,,,,,,,546
,,,,,,,4178
,,,,,,,4625
,,,,,,,2453
,,,,,,,2769
,,,,,,,2127
,,,,,,,1688
,,,,,,,924
,,,,,,,281
,,,,,,,4291
,,,,,,,3349
,,,,,,,2688
,,,,,,,4697
,,,,,,,380
,,,,,,,3973
,,,,,,,3370
,,,,,,,4386
,,,,,,,2193
,,,,,,,2491
,,,,,,,3463
,,,,,,,1339
,,,,,,,2498
,,,,,,,4456
,,,,,,,1327
,,,,,,,2912
,,,,,,,3670
,,,,,,,4017
,,,,,,,1491
,,,,,,,251
,,,,,,,3065
,,,,,,,3358
,,,,,,,2750
,,,,,,,4237
,,,,,,,3108
,,,,,,,1585
,,,,,,,2671
,,,,,,,4228
,,,,,,,1059
,,,,,,,1569
,,,,,,,4934
,,,,,,,1405
,,,,,,,2665
,,,,,,,3111
,,,,,,,3690
,,,,,,,1674
,,,,,,,3640
,,,,,,,3460
,,,,,,,249
,,,,,,,3038
,,,,,,,1411
,,,,,,,2866
,,,,,,,4498
,,,,,,,4412
,,,,,,,1313
,,,,,,,3862
,,,,,,,4682
,,,,,,,2477
,,,,,,,2256
,,,,,,,2341
,,,,,,,2205
,,,,,,,432
,,,,,,,1611
,,,,,,,1729
,,,,,,,914
,,,,,,,3875
,,,,,,,155
,,,,,,,3539
,,,,,,,4722
,,,,,,,1827
,,,,,,,2941
,,,,,,,4224
,,,,,,,4982
,,,,,,,434
,,,,,,,2845
,,,,,,,3731
,,,,,,,3575
,,,,,,,4348
,,,,,,,1394
,,,,,,,996
,,,,,,,743
,,,,,,,3681
,,,,,,,2251
,,,,,,,4331
,,,,,,,1268
,,,,,,,2572
,,,,,,,2431
,,,,,,,1715
,,,,,,,3930
,,,,,,,3832
,,,,,,,2560
,,,,,,,2728
,,,,,,,3932
,,,,,,,1509
,,,,,,,282
,,,,,,,2523
,,,,,,,3628
,,,,,,,2079
,,,,,,,699
,,,,,,,3774
,,,,,,,3750
,,,,,,,3149
,,,,,,,4236
,,,,,,,2247
,,,,,,,4623
,,,,,,,2321
,,,,,,,1600
,,,,,,,1373
,,,,,,,4552
,,,,,,,30
,,,,,,,1550
,,,,,,,1611
,,,,,,,1068
,,,,,,,3993
,,,,,,,4351
,,,,,,,2917
,,,,,,,1526
,,,,,,,2852
,,,,,,,4733
,,,,,,,1432
,,,,,,,110
,,,,,,,4327
,,,,,,,2852
,,,,,,,999
,,,,,,,3283
,,,,,,,4851
,,,,,,,1903
,,,,,,,4433
,,,,,,,3214
,,,,,,,4252
,,,,,,,3019
,,,,,,,2181
,,,,,,,4902
,,,,,,,101
,,,,,,,3410
,,,,,,,1847
,,,,,,,2168
,,,,,,,3460
,,,,,,,4861
,,,,,,,125
,,,,,,,122
,,,,,,,3874
,,,,,,,1033
,,,,,,,3177
,,,,,,,1455
,,,,,,,3711
,,,,,,,108
,,,,,,,2357
,,,,,,,4885
,,,,,,,80
,,,,,,,3486
,,,,,,,2492
,,,,,,,3048
,,,,,,,3573
,,,,,,,3260
,,,,,,,1656
,,,,,,,2827
,,,,,,,4916
,,,,,,,4357
,,,,,,,4736
,,,,,,,3884
,,,,,,,2111
,,,,,,,1928
,,,,,,,2351
,,,,,,,2283
,,,,,,,1083
,,,,,,,311
,,,,,,,3347
,,,,,,,3245
,,,,,,,3491
,,,,,,,77
,,,,,,,640
,,,,,,,1096
,,,,,,,3277
,,,,,,,1512
,,,,,,,1770
,,,,,,,2616
,,,,,,,1400
,,,,,,,808
,,,,,,,3754
,,,,,,,3193
,,,,,,,3606
,,,,,,,3049
,,,,,,,2077
,,,,,,,4273
,,,,,,,3230
,,,,,,,1989
,,,,,,,2340
,,,,,,,683
,,,,,,,4580
,,,,,,,1706
,,,,,,,4956
,,,,,,,2583
,,,,,,,1754
,,,,,,,326
,,,,,,,144
,,,,,,,3656
,,,,,,,4405
,,,,,,,4002
,,,,,,,2166
,,,,,,,2728
,,,,,,,4545
,,,,,,,1466
,,,,,,,1628
,,,,,,,1831
,,,,,,,2688
,,,,,,,1009
,,,,,,,504
,,,,,,,2856
,,,,,,,1078
,,,,,,,1898
,,,,,,,1198
,,,,,,,852
,,,,,,,3765
,,,,,,,4554
,,,,,,,3625
,,,,,,,4976
,,,,,,,3454
,,,,,,,3763
,,,,,,,3210
,,,,,,,4542
,,,,,,,886
,,,,,,,2768
,,,,,,,84
,,,,,,,4237
,,,,,,,3159
,,,,,,,1373
,,,,,,,2983
,,,,,,,2811
,,,,,,,3778
,,,,,,,994
,,,,,,,3812
,,,,,,,3727
,,,,,,,607
,,,,,,,964
,,,,,,,220
,,,,,,,1929
,,,,,,,1707
,,,,,,,1475
,,,,,,,4166
,,,,,,,2480
,,,,,,,1485
,,,,,,,4760
,,,,,,,1574
,,,,,,,996
,,,,,,,4664
,,,,,,,3372
,,,,,,,52
,,,,,,,2606
,,,,,,,1621
,,,,,,,3227
,,,,,,,2414
,,,,,,,2015
,,,,,,,322
,,,,,,,3004
,,,,,,,1600
,,,,,,,4432
,,,,,,,1120
,,,,,,,1424
,,,,,,,1801
,,,,,,,436
,,,,,,,4735
,,,,,,,3639
,,,,,,,958
,,,,,,,4869
,,,,,,,699
,,,,,,,2018
,,,,,,,2720
,,,,,,,2963
,,,,,,,4207
,,,,,,,2025
,,,,,,,3072
,,,,,,,2966
,,,,,,,3045
,,,,,,,1927
,,,,,,,4819
,,,,,,,3332
,,,,,,,562
,,,,,,,1330
,,,,,,,3437
,,,,,,,3412
,,,,,,,3568
,,,,,,,4660
,,,,,,,1785
,,,,,,,4749
,,,,,,,1474
,,,,,,,801
,,,,,,,2744
,,,,,,,323
,,,,,,,140
,,,,,,,2726
,,,,,,,4247
,,,,,,,2113
,,,,,,,26
,,,,,,,4360
,,,,,,,3663
,,,,,,,1072
,,,,,,,2959
,,,,,,,3759
,,,,,,,2024
,,,,,,,1175
,,,,,,,1297
,,,,,,,4467
,,,,,,,4079
,,,,,,,4081
,,,,,,,1855
,,,,,,,2571
,,,,,,,2991
,,,,,,,4087
,,,,,,,681
,,,,,,,1312
,,,,,,,876
,,,,,,,3862
,,,,,,,2013
,,,,,,,1479
,,,,,,,3008
,,,,,,,3832
,,,,,,,2288
,,,,,,,4396
,,,,,,,4049
,,,,,,,1698
,,,,,,,4019
,,,,,,,3972
,,,,,,,2459
,,,,,,,4622
,,,,,,,3239
,,,,,,,192
,,,,,,,2159
,,,,,,,3404
,,,,,,,2882
,,,,,,,127
,,,,,,,3224
,,,,,,,863
,,,,,,,4657
,,,,,,,958
,,,,,,,3253
,,,,,,,3173
,,,,,,,3370
,,,,,,,1037
,,,,,,,2056
,,,,,,,376
,,,,,,,1190
,,,,,,,3979
,,,,,,,4615
,,,,,,,967
,,,,,,,3840
,,,,,,,2391
,,,,,,,2436
,,,,,,,516
,,,,,,,3257
,,,,,,,1233
,,,,,,,1767
,,,,,,,2269
,,,,,,,1582
,,,,,,,4084
,,,,,,,4877
,,,,,,,391
,,,,,,,16
,,,,,,,4747
,,,,,,,3329
,,,,,,,1400
,,,,,,,2293
,,,,,,,1984
,,,,,,,4066
,,,,,,,3129
,,,,,,,3466
,,,,,,,4753
,,,,,,,2944
,,,,,,,4156
,,,,,,,186
,,,,,,,2972
,,,,,,,4702
,,,,,,,1779
,,,,,,,4719
,,,,,,,1923
,,,,,,,395
,,,,,,,2094
,,,,,,,4257
,,,,,,,2820
,,,,,,,3272
,,,,,,,3011
,,,,,,,3648
,,,,,,,3626
,,,,,,,4385
,,,,,,,518
,,,,,,,2919
,,,,,,,3807
,,,,,,,1504
,,,,,,,285
,,,,,,,4787
,,,,,,,776
,,,,,,,4808
,,,,,,,1844
,,,,,,,1343
,,,,,,,46
,,,,,,,3324
,,,,,,,2159
,,,,,,,3169
,,,,,,,776
,,,,,,,1384
,,,,,,,1060
,,,,,,,358
,,,,,,,4673
,,,,,,,1288
,,,,,,,2575
,,,,,,,3671
,,,,,,,3448
,,,,,,,2062
,,,,,,,1333
,,,,,,,3181
,,,,,,,4564
,,,,,,,3802
,,,,,,,1306
,,,,,,,1549
,,,,,,,403
,,,,,,,2414
,,,,,,,1511
,,,,,,,4564
,,,,,,,2815
,,,,,,,1248
,,,,,,,3014
,,,,,,,2571
,,,,,,,412
,,,,,,,3300
,,,,,,,4722
,,,,,,,3198
,,,,,,,4562
,,,,,,,2084
,,,,,,,464
,,,,,,,1914
,,,,,,,3656
,,,,,,,4881
,,,,,,,3697
,,,,,,,3572
,,,,,,,980
,,,,,,,219
,,,,,,,517
,,,,,,,1566
,,,,,,,3591
,,,,,,,1902
,,,,,,,4453
,,,,,,,1924
,,,,,,,2764
,,,,,,,3287
,,,,,,,3365
,,,,,,,1870
,,,,,,,2008
,,,,,,,309
,,,,,,,3979
,,,,,,,1293
,,,,,,,3987
,,,,,,,2142
,,,,,,,957
,,,,,,,586
,,,,,,,1183
,,,,,,,101
,,,,,,,4040
,,,,,,,1016
,,,,,,,4146
,,,,,,,3721
,,,,,,,1749
,,,,,,,2584
,,,,,,,2146
,,,,,,,1573
,,,,,,,1075
,,,,,,,4622
,,,,,,,2598
,,,,,,,3530
,,,,,,,22
,,,,,,,2439
,,,,,,,426
,,,,,,,3590
,,,,,,,410
,,,,,,,870
,,,,,,,1238
,,,,,,,3177
,,,,,,,4683
,,,,,,,230
,,,,,,,3715
,,,,,,,4959
,,,,,,,3121
,,,,,,,2139
,,,,,,,4936
,,,,,,,56
,,,,,,,2148
,,,,,,,4780
,,,,,,,532
,,,,,,,3090
,,,,,,,635
,,,,,,,2996
,,,,,,,3135
,,,,,,,4896
,,,,,,,1009
,,,,,,,4694
,,,,,,,3934
,,,,,,,506
,,,,,,,1862
,,,,,,,710
,,,,,,,1022
,,,,,,,614
,,,,,,,3242
,,,,,,,3426
,,,,,,,2486
,,,,,,,1905
,,,,,,,4442
,,,,,,,1615
,,,,,,,2120
,,,,,,,302
,,,,,,,733
,,,,,,,2530
,,,,,,,3581
,,,,,,,4828
,,,,,,,643
,,,,,,,3134
,,,,,,,3562
,,,,,,,3885
,,,,,,,4334
,,,,,,,3524
,,,,,,,4595
,,,,,,,4229
,,,,,,,1175
,,,,,,,4680
,,,,,,,3172
,,,,,,,2407
,,,,,,,2425
,,,,,,,72
,,,,,,,3521
,,,,,,,4147
,,,,,,,729
,,,,,,,1973
,,,,,,,2983
,,,,,,,145
,,,,,,,3676
,,,,,,,4971
,,,,,,,4787
,,,,,,,1147
,,,,,,,4172
,,,,,,,3617
,,,,,,,4665
,,,,,,,2239
,,,,,,,2454
,,,,,,,3906
,,,,,,,2669
,,,,,,,2215
,,,,,,,1566
,,,,,,,3466
,,,,,,,2274
,,,,,,,4228
,,,,,,,4076
,,,,,,,3730
,,,,,,,1212
,,,,,,,4290
,,,,,,,1209
,,,,,,,4930
,,,,,,,1569
,,,,,,,1128
,,,,,,,1380
,,,,,,,2115
,,,,,,,3206
,,,,,,,2624
,,,,,,,1912
,,,,,,,3946
,,,,,,,2346
,,,,,,,2583
,,,,,,,1474
,,,,,,,1663
,,,,,,,2478
,,,,,,,911
,,,,,,,2191
,,,,,,,560
,,,,,,,4919
,,,,,,,1516
,,,,,,,623
,,,,,,,1266
,,,,,,,1030
,,,,,,,3545
,,,,,,,235
,,,,,,,3793
,,,,,,,2766
,,,,,,,2013
,,,,,,,923
,,,,,,,3319
,,,,,,,1149
,,,,,,,3432
,,,,,,,2094
,,,,,,,2819
,,,,,,,4325
,,,,,,,1915
,,,,,,,1520
,,,,,,,4309
,,,,,,,741
,,,,,,,4070
,,,,,,,2787
,,,,,,,2523
,,,,,,,4773
,,,,,,,4635
,,,,,,,2913
,,,,,,,907
,,,,,,,4107
,,,,,,,770
,,,,,,,4843
,,,,,,,2434
,,,,,,,2187
,,,,,,,2119
,,,,,,,2886
,,,,,,,831
,,,,,,,3929
,,,,,,,4684
,,,,,,,1905
,,,,,,,2818
,,,,,,,2446
,,,,,,,4327
,,,,,,,3692
,,,,,,,581
,,,,,,,3821
,,,,,,,2708
,,,,,,,1698
,,,,,,,3224
,,,,,,,1007
,,,,,,,4601
,,,,,,,4418
,,,,,,,1383
,,,,,,,4819
,,,,,,,3530
,,,,,,,3031
,,,,,,,963
,,,,,,,4887
,,,,,,,1266
,,,,,,,2091
,,,,,,,3646
,,,,,,,4163
,,,,,,,3920
,,,,,,,2611
,,,,,,,3153
,,,,,,,4494
,,,,,,,2700
,,,,,,,926
,,,,,,,4416
,,,,,,,2275
,,,,,,,1605
,,,,,,,2292
,,,,,,,3807
,,,,,,,3612
,,,,,,,3662
,,,,,,,3424
,,,,,,,80
,,,,,,,4238
,,,,,,,3603
,,,,,,,4407
,,,,,,,3188
,,,,,,,635
,,,,,,,3962
,,,,,,,3284
,,,,,,,923
,,,,,,,3687
,,,,,,,3779
,,,,,,,2296
,,,,,,,709
,,,,,,,3619
,,,,,,,4356
,,,,,,,4367
,,,,,,,1799
,,,,,,,1379
,,,,,,,2520
,,,,,,,1145
,,,,,,,1970
,,,,,,,3268
,,,,,,,3161
,,,,,,,3336
,,,,,,,1630
,,,,,,,2801
,,,,,,,1311
,,,,,,,824
,,,,,,,3659
,,,,,,,2820
,,,,,,,950
,,,,,,,1431
,,,,,,,3857
,,,,,,,1481
,,,,,,,2718
,,,,,,,3777
,,,,,,,646
,,,,,,,948
,,,,,,,4531
,,,,,,,1040
,,,,,,,2231
,,,,,,,1951
,,,,,,,1519
,,,,,,,3386
,,,,,,,2068
,,,,,,,1155
,,,,,,,1444
,,,,,,,2642
,,,,,,,354
,,,,,,,987
,,,,,,,3008
,,,,,,,3212
,,,,,,,1867
,,,,,,,4504
,,,,,,,1878
,,,,,,,3355
,,,,,,,4741
,,,,,,,4829
,,,,,,,2867
,,,,,,,2693
,,,,,,,4574
,,,,,,,3802
,,,,,,,4014
,,,,,,,3509
,,,,,,,3041
,,,,,,,4376
,,,,,,,4367
,,,,,,,2118
,,,,,,,3220
,,,,,,,1148
,,,,,,,816
,,,,,,,1103
,,,,,,,4132
,,,,,,,2252
,,,,,,,477
,,,,,,,4779
,,,,,,,1446
,,,,,,,1534
,,,,,,,1731
,,,,,,,4735
,,,,,,,1487
,,,,,,,1327
,,,,,,,1955
,,,,,,,1087
,,,,,,,4597
,,,,,,,1914
,,,,,,,3967
,,,,,,,1653
,,,,,,,835
,,,,,,,1286
,,,,,,,3027
,,,,,,,2827
,,,,,,,4252
,,,,,,,4616
,,,,,,,730
,,,,,,,4785
,,,,,,,3029
,,,,,,,3248
,,,,,,,1274
,,,,,,,1112
,,,,,,,4349
,,,,,,,2530
,,,,,,,3080
,,,,,,,1324
,,,,,,,2787
,,,,,,,1166
,,,,,,,3948
,,,,,,,953
,,,,,,,4164
,,,,,,,1608
,,,,,,,1258
,,,,,,,4437
,,,,,,,2648
,,,,,,,4650
,,,,,,,1207
,,,,,,,2475
,,,,,,,2657
,,,,,,,4575
,,,,,,,3131
,,,,,,,1917
,,,,,,,1529
,,,,,,,2840
,,,,,,,789
,,,,,,,644
,,,,,,,1214
,,,,,,,1974
,,,,,,,3208
,,,,,,,1202
,,,,,,,4726
,,,,,,,1391
,,,,,,,2865
,,,,,,,710
,,,,,,,2380
,,,,,,,2646
,,,,,,,4954
,,,,,,,538
,,,,,,,3804
,,,,,,,1758
,,,,,,,3869
,,,,,,,3527
,,,,,,,1987
,,,,,,,2354
,,,,,,,549
,,,,,,,4548
,,,,,,,3635
,,,,,,,633
,,,,,,,672
,,,,,,,757
,,,,,,,1702
,,,,,,,2108
,,,,,,,3711
,,,,,,,3839
,,,,,,,2105
,,,,,,,1229
,,,,,,,1245
,,,,,,,3156
,,,,,,,2733
,,,,,,,2601
,,,,,,,3040
,,,,,,,4804
,,,,,,,2455
,,,,,,,2014
,,,,,,,1193
,,,,,,,3737
,,,,,,,3221
,,,,,,,3473
,,,,,,,1377
,,,,,,,1870
,,,,,,,3148
,,,,,,,3717
,,,,,,,1413
,,,,,,,1003
,,,,,,,102
,,,,,,,445
,,,,,,,609
,,,,,,,3415
,,,,,,,557
,,,,,,,2500
,,,,,,,3499
,,,,,,,2861
,,,,,,,1488
,,,,,,,949
,,,,,,,1315
,,,,,,,4769
,,,,,,,117
,,,,,,,978
,,,,,,,1119
,,,,,,,4739
,,,,,,,1441
,,,,,,,4260
,,,,,,,697
,,,,,,,1791
,,,,,,,1655
,,,,,,,2228
,,,,,,,376
,,,,,,,4512
,,,,,,,1777
,,,,,,,2658
,,,,,,,268
,,,,,,,2531
,,,,,,,1519
,,,,,,,3113
,,,,,,,3262
,,,,,,,4595
,,,,,,,3671
,,,,,,,3745
,,,,,,,3670
,,,,,,,2225
,,,,,,,522
,,,,,,,3971
,,,,,,,542
,,,,,,,3823
,,,,,,,4906
,,,,,,,3966
,,,,,,,953
,,,,,,,1594
,,,,,,,4215
,,,,,,,1991
,,,,,,,1194
,,,,,,,2517
,,,,,,,4792
,,,,,,,442
,,,,,,,286
,,,,,,,2499
,,,,,,,333
,,,,,,,3277
,,,,,,,2144
,,,,,,,4284
,,,,,,,468
,,,,,,,4270
,,,,,,,1137
,,,,,,,1132
,,,,,,,4801
,,,,,,,3244
,,,,,,,4235
,,,,,,,2396
,,,,,,,2261
,,,,,,,2539
,,,,,,,4021
,,,,,,,4291
,,,,,,,3089
,,,,,,,2608
,,,,,,,3968
,,,,,,,4683
,,,,,,,773
,,,,,,,3348
,,,,,,,4885
,,,,,,,4381
,,,,,,,3666
,,,,,,,2194
,,,,,,,2944
,,,,,,,970
,,,,,,,1175
,,,,,,,2917
,,,,,,,4660
,,,,,,,217
,,,,,,,2393
,,,,,,,1742
,,,,,,,2787
,,,,,,,4812
,,,,,,,4175
,,,,,,,2187
,,,,,,,4360
,,,,,,,3440
,,,,,,,4256
,,,,,,,4999
,,,,,,,4576
,,,,,,,423
,,,,,,,1515
,,,,,,,1919
,,,,,,,4294
,,,,,,,4934
,,,,,,,1798
,,,,,,,4794
,,,,,,,2053
,,,,,,,3614
,,,,,,,4680
,,,,,,,2197
,,,,,,,1597
,,,,,,,110
,,,,,,,3989
,,,,,,,455
,,,,,,,236
,,,,,,,3230
,,,,,,,735
,,,,,,,1001
,,,,,,,1359
,,,,,,,2416
,,,,,,,1338
,,,,,,,621
,,,,,,,3683
,,,,,,,3733
,,,,,,,4377
,,,,,,,349
,,,,,,,2440
,,,,,,,4106
,,,,,,,2144
,,,,,,,3873
,,,,,,,4407
,,,,,,,2266
,,,,,,,4898
,,,,,,,3424
,,,,,,,1869
,,,,,,,3460
,,,,,,,2905
,,,,,,,3093
,,,,,,,2474
,,,,,,,2676
,,,,,,,3359
,,,,,,,4193
,,,,,,,1009
,,,,,,,1108
,,,,,,,3862
,,,,,,,2599
,,,,,,,1962
,,,,,,,105
,,,,,,,3208
,,,,,,,3763
,,,,,,,2850
,,,,,,,3794
,,,,,,,1771
,,,,,,,2947
,,,,,,,496
,,,,,,,3103
,,,,,,,4409
,,,,,,,1502
,,,,,,,4265
,,,,,,,1399
,,,,,,,3917
,,,,,,,2543
,,,,,,,1447
,,,,,,,1541
,,,,,,,2181
,,,,,,,1729
,,,,,,,1578
,,,,,,,1879
,,,,,,,2358
,,,,,,,4888
,,,,,,,2888
,,,,,,,3136
,,,,,,,4913
,,,,,,,714
,,,,,,,3887
,,,,,,,146
,,,,,,,4331
,,,,,,,2401
,,,,,,,4674
,,,,,,,805
,,,,,,,4681
,,,,,,,987
,,,,,,,1466
,,,,,,,4377
,,,,,,,2814
,,,,,,,1779
,,,,,,,1190
,,,,,,,939
,,,,,,,834
,,,,,,,3471
,,,,,,,1714
,,,,,,,4478
,,,,,,,4225
,,,,,,,2844
,,,,,,,2052
,,,,,,,1317
,,,,,,,2506
,,,,,,,1259
,,,,,,,1274
,,,,,,,3058
,,,,,,,2231
,,,,,,,4171
,,,,,,,2481
,,,,,,,1182
,,,,,,,2205
,,,,,,,1076
,,,,,,,3869
,,,,,,,3468
,,,,,,,2287
,,,,,,,4306
,,,,,,,1079
,,,,,,,2465
,,,,,,,1319
,,,,,,,4376
,,,,,,,4658
,,,,,,,1583
,,,,,,,4015
,,,,,,,2045
,,,,,,,3005
,,,,,,,1951
,,,,,,,83
,,,,,,,764
,,,,,,,2349
,,,,,,,4708
,,,,,,,414
,,,,,,,2406
,,,,,,,3092
,,,,,,,4868
,,,,,,,2263
,,,,,,,2066
,,,,,,,3395
,,,,,,,3019
,,,,,,,1041
,,,,,,,1516
,,,,,,,3276
,,,,,,,1969
,,,,,,,4607
,,,,,,,4178
,,,,,,,3200
,,,,,,,1672
,,,,,,,2637
,,,,,,,175
,,,,,,,4060
,,,,,,,414
,,,,,,,4355
,,,,,,,2390
,,,,,,,3003
,,,,,,,1764
,,,,,,,2097
,,,,,,,2664
,,,,,,,2060
,,,,,,,341
,,,,,,,2937
,,,,,,,400
,,,,,,,3147
,,,,,,,4020
,,,,,,,659
,,,,,,,3784
,,,,,,,2268
,,,,,,,697
,,,,,,,4865
,,,,,,,823
,,,,,,,888
,,,,,,,2050
,,,,,,,4601
,,,,,,,4137
,,,,,,,292
,,,,,,,3572
,,,,,,,3143
,,,,,,,3318
,,,,,,,4351
,,,,,,,162
,,,,,,,922
,,,,,,,1849
,,,,,,,3396
,,,,,,,1555
,,,,,,,1712
,,,,,,,4977
,,,,,,,1281
,,,,,,,4483
,,,,,,,3789
,,,,,,,728
,,,,,,,252
,,,,,,,4251
,,,,,,,3694
,,,,,,,4394
,,,,,,,3542
,,,,,,,2264
,,,,,,,1042
,,,,,,,2394
,,,,,,,1143
,,,,,,,3458
,,,,,,,4378
,,,,,,,2181
,,,,,,,3686
,,,,,,,713
,,,,,,,968
,,,,,,,3025
,,,,,,,1837
,,,,,,,1465
,,,,,,,232
,,,,,,,1595
,,,,,,,1724
,,,,,,,45
,,,,,,,3464
,,,,,,,3519
,,,,,,,279
,,,,,,,3482
,,,,,,,3569
,,,,,,,361
,,,,,,,4176
,,,,,,,453
,,,,,,,4084
,,,,,,,862
,,,,,,,4836
,,,,,,,3051
,,,,,,,2938
,,,,,,,3753
,,,,,,,2469
,,,,,,,3753
,,,,,,,1812
,,,,,,,4943
,,,,,,,2125
,,,,,,,3416
,,,,,,,4378
,,,,,,,1862
,,,,,,,3308
,,,,,,,4291
,,,,,,,3329
,,,,,,,755
,,,,,,,3763
,,,,,,,675
,,,,,,,4013
,,,,,,,2984
,,,,,,,1845
,,,,,,,695
,,,,,,,184
,,,,,,,3835
,,,,,,,711
,,,,,,,4137
,,,,,,,3473
,,,,,,,4467
,,,,,,,3004
,,,,,,,2020
,,,,,,,4449
,,,,,,,779
,,,,,,,2630
,,,,,,,4891
,,,,,,,4369
,,,,,,,2510
,,,,,,,3897
,,,,,,,3441
,,,,,,,3844
,,,,,,,1908
,,,,,,,3504
,,,,,,,4595
,,,,,,,3280
,,,,,,,791
,,,,,,,879
,,,,,,,2894
,,,,,,,1939
,,,,,,,2214
,,,,,,,1225
,,,,,,,2975
,,,,,,,2035
,,,,,,,560
,,,,,,,2799
,,,,,,,1568
,,,,,,,1268
,,,,,,,2484
,,,,,,,4462
,,,,,,,3583
,,,,,,,722
,,,,,,,2464
,,,,,,,2254
,,,,,,,869
,,,,,,,2656
,,,,,,,1886
,,,,,,,53
,,,,,,,825
,,,,,,,1851
,,,,,,,2254
,,,,,,,48
,,,,,,,848
,,,,,,,3502
,,,,,,,2197
,,,,,,,2454
,,,,,,,182
,,,,,,,4839
,,,,,,,4488
,,,,,,,3060
,,,,,,,3507
,,,,,,,3118
,,,,,,,1595
,,,,,,,72
,,,,,,,2271
,,,,,,,2663
,,,,,,,3183
,,,,,,,1789
,,,,,,,627
,,,,,,,821
,,,,,,,691
,,,,,,,356
,,,,,,,1685
,,,,,,,4162
,,,,,,,2218
,,,,,,,421
,,,,,,,2721
,,,,,,,4986
,,,,,,,2668
,,,,,,,2028
,,,,,,,4512
,,,,,,,1969
,,,,,,,3741
,,,,,,,2417
,,,,,,,4710
,,,,,,,1867
,,,,,,,3879
,,,,,,,2542
,,,,,,,717
,,,,,,,1199
,,,,,,,358
,,,,,,,2300
,,,,,,,3102
,,,,,,,2160
,,,,,,,541
,,,,,,,751
,,,,,,,3008
,,,,,,,3880
,,,,,,,3185
,,,,,,,4736
,,,,,,,1685
,,,,,,,3519
,,,,,,,3695
,,,,,,,372
,,,,,,,1977
,,,,,,,2056
,,,,,,,2461
,,,,,,,3133
,,,,,,,4927
,,,,,,,4219
,,,,,,,3316
,,,,,,,3592
,,,,,,,353
,,,,,,,2203
,,,,,,,1659
,,,,,,,4147
,,,,,,,3740
,,,,,,,1431
,,,,,,,3228
,,,,,,,2221
,,,,,,,4760
,,,,,,,670
,,,,,,,2535
,,,,,,,1990
,,,,,,,469
,,,,,,,4714
,,,,,,,4670
,,,,,,,2399
,,,,,,,684
,,,,,,,4499
,,,,,,,2751
,,,,,,,468
,,,,,,,2130
,,,,,,,1767
,,,,,,,596
,,,,,,,2046
,,,,,,,3375
,,,,,,,1926
,,,,,,,2050
,,,,,,,864
,,,,,,,2064
,,,,,,,4439
,,,,,,,1161
,,,,,,,653
,,,,,,,4270
,,,,,,,3108
,,,,,,,1506
,,,,,,,2076
,,,,,,,2700
,,,,,,,2597
,,,,,,,2547
,,,,,,,1275
,,,,,,,4667
,,,,,,,3181
,,,,,,,2803
,,,,,,,312
,,,,,,,351
,,,,,,,2773
,,,,,,,3030
,,,,,,,1142
,,,,,,,1926
,,,,,,,1027
,,,,,,,2796
,,,,,,,4418
,,,,,,,4881
,,,,,,,538
,,,,,,,2572
,,,,,,,2294
,,,,,,,4426
,,,,,,,1489
,,,,,,,925
,,,,,,,2336
,,,,,,,2552
,,,,,,,442
,,,,,,,3651
,,,,,,,3684
,,,,,,,1013
,,,,,,,3794
,,,,,,,1710
,,,,,,,839
,,,,,,,1636
,,,,,,,1893
,,,,,,,407
,,,,,,,2816
,,,,,,,3803
,,,,,,,954
,,,,,,,3350
,,,,,,,1759
,,,,,,,1330
,,,,,,,2624
,,,,,,,179
,,,,,,,1765
,,,,,,,4088
,,,,,,,3408
,,,,,,,4151
,,,,,,,2809
,,,,,,,8
,,,,,,,379
,,,,,,,1801
,,,,,,,4843
,,,,,,,2338
,,,,,,,2836
,,,,,,,2667
,,,,,,,412
,,,,,,,3367
,,,,,,,3217
,,,,,,,2916
,,,,,,,3790
,,,,,,,2033
,,,,,,,2397
,,,,,,,4193
,,,,,,,1959
,,,,,,,55
,,,,,,,1066
,,,,,,,4571
,,,,,,,4834
,,,,,,,949
,,,,,,,767
,,,,,,,3257
,,,,,,,4812
,,,,,,,1562
,,,,,,,1100
,,,,,,,4754
,,,,,,,2449
,,,,,,,4369
,,,,,,,1882
,,,,,,,3905
,,,,,,,440
,,,,,,,602
,,,,,,,2556
,,,,,,,1706
,,,,,,,4668
,,,,,,,704
,,,,,,,681
,,,,,,,2563
,,,,,,,145
,,,,,,,1002
,,,,,,,460
,,,,,,,4489
,,,,,,,2042
,,,,,,,2428
,,,,,,,2090
,,,,,,,1157
,,,,,,,7
,,,,,,,340
,,,,,,,525
,,,,,,,4225
,,,,,,,1070
,,,,,,,4661
,,,,,,,3929
,,,,,,,444
,,,,,,,144
,,,,,,,164
,,,,,,,468
,,,,,,,1331
,,,,,,,2226
,,,,,,,436
,,,,,,,868
,,,,,,,569
,,,,,,,2247
,,,,,,,4885
,,,,,,,2219
,,,,,,,2356
,,,,,,,1509
,,,,,,,3332
,,,,,,,735
,,,,,,,4402
,,,,,,,3515
,,,,,,,1320
,,,,,,,2620
,,,,,,,2575
,,,,,,,2797
,,,,,,,3634
,,,,,,,770
,,,,,,,4018
,,,,,,,1193
,,,,,,,766
,,,,,,,1997
,,,,,,,3573
,,,,,,,1618
,,,,,,,2382
,,,,,,,4996
,,,,,,,2170
,,,,,,,3240
,,,,,,,4595
,,,,,,,1698
,,,,,,,88
,,,,,,,1420
,,,,,,,3921
,,,,,,,4945
,,,,,,,2352
,,,,,,,1045
,,,,,,,4447
,,,,,,,1683
,,,,,,,4819
,,,,,,,4952
,,,,,,,250
,,,,,,,1941
,,,,,,,3835
,,,,,,,10
,,,,,,,1465
,,,,,,,1570
,,,,,,,2848
,,,,,,,1209
,,,,,,,4807
,,,,,,,4657
,,,,,,,900
,,,,,,,70
,,,,,,,4395
,,,,,,,3138
,,,,,,,4478
,,,,,,,3610
,,,,,,,2837
,,,,,,,4854
,,,,,,,3604
,,,,,,,2623
,,,,,,,759
,,,,,,,1767
,,,,,,,3447
,,,,,,,1060
,,,,,,,681
,,,,,,,2821
,,,,,,,4828
,,,,,,,1680
,,,,,,,1529
,,,,,,,4611
,,,,,,,4911
,,,,,,,2210
,,,,,,,4593
,,,,,,,4503
,,,,,,,1478
,,,,,,,3198
,,,,,,,1356
,,,,,,,1741
,,,,,,,1636
,,,,,,,1185
,,,,,,,1383
,,,,,,,3887
,,,,,,,1593
,,,,,,,856
,,,,,,,3119
,,,,,,,1605
,,,,,,,3325
,,,,,,,928
,,,,,,,3840
,,,,,,,1509
,,,,,,,2990
,,,,,,,2343
,,,,,,,2175
,,,,,,,2341
,,,,,,,4275
,,,,,,,1490
,,,,,,,1182
,,,,,,,4053
,,,,,,,612
,,,,,,,3266
,,,,,,,2868
,,,,,,,2088
,,,,,,,1265
,,,,,,,3879
,,,,,,,710
,,,,,,,3259
,,,,,,,4932
,,,,,,,1999
,,,,,,,4959
,,,,,,,1482
,,,,,,,4068
,,,,,,,3755
,,,,,,,3240
,,,,,,,3712
,,,,,,,1695
,,,,,,,4459
,,,,,,,3965
,,,,,,,4480
,,,,,,,2564
,,,,,,,1374
,,,,,,,3297
,,,,,,,2205
,,,,,,,755
,,,,,,,2301
,,,,,,,3175
,,,,,,,446
,,,,,,,1881
,,,,,,,1730
,,,,,,,887
,,,,,,,3521
,,,,,,,3222
,,,,,,,461
,,,,,,,4846
,,,,,,,237
,,,,,,,1678
,,,,,,,1408
,,,,,,,4189
,,,,,,,4280
,,,,,,,4130
,,,,,,,4206
,,,,,,,2467
,,,,,,,3460
,,,,,,,2101
,,,,,,,1046
,,,,,,,3827
,,,,,,,460
,,,,,,,892
,,,,,,,1777
,,,,,,,668
,,,,,,,3814
,,,,,,,2056
,,,,,,,3192
,,,,,,,2908
,,,,,,,3694
,,,,,,,2320
,,,,,,,1958
,,,,,,,2489
,,,,,,,184
,,,,,,,3498
,,,,,,,1100
,,,,,,,4906
,,,,,,,3718
,,,,,,,2866
,,,,,,,1855
,,,,,,,1971
,,,,,,,1710
,,,,,,,2622
,,,,,,,4085
,,,,,,,1143
,,,,,,,3562
,,,,,,,3602
,,,,,,,3721
,,,,,,,4262
,,,,,,,664
,,,,,,,4614
,,,,,,,4
,,,,,,,4553
,,,,,,,4371
,,,,,,,569
,,,,,,,1379
,,,,,,,1600
,,,,,,,1898
,,,,,,,4807
,,,,,,,1735
,,,,,,,846
,,,,,,,3533
,,,,,,,62
,,,,,,,3535
,,,,,,,450
,,,,,,,2794
,,,,,,,2024
,,,,,,,3265
,,,,,,,2103
,,,,,,,2219
,,,,,,,601
,,,,,,,506
,,,,,,,2337
,,,,,,,2981
,,,,,,,564
,,,,,,,1996
,,,,,,,1319
,,,,,,,882
,,,,,,,85
,,,,,,,1076
,,,,,,,848
,,,,,,,4285
,,,,,,,602
,,,,,,,24
,,,,,,,336
,,,,,,,2610
,,,,,,,2125
,,,,,,,1518
,,,,,,,2904
,,,,,,,99
,,,,,,,2929
,,,,,,,2044
,,,,,,,137
,,,,,,,3184
,,,,,,,1776
,,,,,,,3247
,,,,,,,2460
,,,,,,,3663
,,,,,,,2831
,,,,,,,3683
,,,,,,,2854
,,,,,,,4981
,,,,,,,1411
,,,,,,,2171
,,,,,,,2814
,,,,,,,161
,,,,,,,3701
,,,,,,,3098
,,,,,,,165
,,,,,,,4640
,,,,,,,4092
,,,,,,,1121
,,,,,,,4447
,,,,,,,3850
,,,,,,,2175
,,,,,,,3372
,,,,,,,1594
,,,,,,,1573
,,,,,,,1428
,,,,,,,1396
,,,,,,,515
,,,,,,,407
,,,,,,,2496
,,,,,,,730
,,,,,,,1738
,,,,,,,4187
,,,,,,,4257
,,,,,,,4587
,,,,,,,3743
,,,,,,,2564
,,,,,,,1922
,,,,,,,3360
,,,,,,,3030
,,,,,,,2024
,,,,,,,1963
,,,,,,,4503
,,,,,,,4027
,,,,,,,3734
,,,,,,,3648
,,,,,,,3025
,,,,,,,4286
,,,,,,,630
,,,,,,,1789
,,,,,,,2389
,,,,,,,2243
,,,,,,,1877
,,,,,,,2912
,,,,,,,3236
,,,,,,,2755
,,,,,,,2974
,,,,,,,612
,,,,,,,2413
,,,,,,,1562
,,,,,,,2368
,,,,,,,2634
,,,,,,,753
,,,,,,,3747
,,,,,,,1126
,,,,,,,871
,,,,,,,1393
,,,,,,,29
,,,,,,,499
,,,,,,,3986
,,,,,,,1043
,,,,,,,2600
,,,,,,,2012
,,,,,,,3170
,,,,,,,707
,,,,,,,2743
,,,,,,,1752
,,,,,,,1305
,,,,,,,4679
,,,,,,,2617
,,,,,,,4294
,,,,,,,3061
,,,,,,,2083
,,,,,,,1542
,,,,,,,315
,,,,,,,882
,,,,,,,1635
,,,,,,,856
,,,,,,,932
,,,,,,,2169
,,,,,,,4587
,,,,,,,1578
,,,,,,,2328
,,,,,,,4019
,,,,,,,866
,,,,,,,890
,,,,,,,550
,,,,,,,1528
,,,,,,,2597
,,,,,,,4856
,,,,,,,1298
,,,,,,,2519
,,,,,,,1573
,,,,,,,2882
,,,,,,,355
,,,,,,,4111
,,,,,,,3193
,,,,,,,4840
,,,,,,,1548
,,,,,,,4474
,,,,,,,2756
,,,,,,,4020
,,,,,,,4255
,,,,,,,3927
,,,,,,,2494
,,,,,,,3761
,,,,,,,1971
,,,,,,,2792
,,,,,,,4673
,,,,,,,4464
,,,,,,,1289
,,,,,,,4288
,,,,,,,2719
,,,,,,,1048
,,,,,,,315
,,,,,,,4869
,,,,,,,1635
,,,,,,,4895
,,,,,,,3949
,,,,,,,3158
,,,,,,,2643
,,,,,,,3223
,,,,,,,1882
,,,,,,,3276
,,,,,,,977
,,,,,,,4737
,,,,,,,3255
,,,,,,,3966
,,,,,,,1554
,,,,,,,2681
,,,,,,,3879
,,,,,,,303
,,,,,,,4173
,,,,,,,4906
,,,,,,,4637
,,,,,,,2235
,,,,,,,4664
,,,,,,,4026
,,,,,,,2091
,,,,,,,4301
,,,,,,,3915
,,,,,,,168
,,,,,,,1616
,,,,,,,2329
,,,,,,,1230
,,,,,,,310
,,,,,,,4881
,,,,,,,1605
,,,,,,,2339
,,,,,,,1302
,,,,,,,1061
,,,,,,,1048
,,,,,,,223
,,,,,,,164
,,,,,,,4477
,,,,,,,3839
,,,,,,,4990
,,,,,,,267
,,,,,,,4957
,,,,,,,4032
,,,,,,,2847
,,,,,,,410
,,,,,,,3483
,,,,,,,2401
,,,,,,,1163
,,,,,,,2851
,,,,,,,4650
,,,,,,,1343
,,,,,,,2617
,,,,,,,701
,,,,,,,1042
,,,,,,,1552
,,,,,,,3170
,,,,,,,4031
,,,,,,,1697
,,,,,,,547
,,,,,,,3910
,,,,,,,2505
,,,,,,,4789
,,,,,,,3607
,,,,,,,3136
,,,,,,,3543
,,,,,,,339
,,,,,,,4593
,,,,,,,1933
,,,,,,,4923
,,,,,,,3036
,,,,,,,3712
,,,,,,,269
,,,,,,,305
,,,,,,,2145
,,,,,,,4988
,,,,,,,337
,,,,,,,176
,,,,,,,234
,,,,,,,2715
,,,,,,,3212
,,,,,,,569
,,,,,,,4665
,,,,,,,435
,,,,,,,3522
,,,,,,,3846
,,,,,,,3156
,,,,,,,3362
,,,,,,,3286
,,,,,,,3264
,,,,,,,2816
,,,,,,,4839
,,,,,,,711
,,,,,,,3181
,,,,,,,2768
,,,,,,,2767
,,,,,,,2772
,,,,,,,1514
,,,,,,,848
,,,,,,,4752
,,,,,,,4227
,,,,,,,4279
,,,,,,,1381
,,,,,,,2115
,,,,,,,3266
,,,,,,,871
,,,,,,,2257
,,,,,,,4062
,,,,,,,3821
,,,,,,,4882
,,,,,,,3051
,,,,,,,503
,,,,,,,4355
,,,,,,,1914
,,,,,,,2241
,,,,,,,4582
,,,,,,,3954
,,,,,,,2219
,,,,,,,3696
,,,,,,,2679
,,,,,,,834
,,,,,,,1524
,,,,,,,4882
,,,,,,,3743
,,,,,,,2915
,,,,,,,1644
,,,,,,,4602
,,,,,,,4433
,,,,,,,3330
,,,,,,,936
,,,,,,,3431
,,,,,,,3042
,,,,,,,1217
,,,,,,,353
,,,,,,,2219
,,,,,,,597
,,,,,,,1082
,,,,,,,1517
,,,,,,,1780
,,,,,,,1207
,,,,,,,1179
,,,,,,,2924
,,,,,,,1022
,,,,,,,4237
,,,,,,,4556
,,,,,,,625
,,,,,,,2475
,,,,,,,49
,,,,,,,1920
,,,,,,,1023
,,,,,,,2764
,,,,,,,3429
,,,,,,,3705
,,,,,,,4772
,,,,,,,4786
,,,,,,,2529
,,,,,,,2049
,,,,,,,1231
,,,,,,,494
,,,,,,,673
,,,,,,,3077
,,,,,,,2089
,,,,,,,1715
,,,,,,,4079
,,,,,,,476
,,,,,,,3482
,,,,,,,1762
,,,,,,,1448
,,,,,,,2972
,,,,,,,958
,,,,,,,359
,,,,,,,2795
,,,,,,,531
,,,,,,,969
,,,,,,,3455
,,,,,,,1268
,,,,,,,1063
,,,,,,,4237
,,,,,,,2674
,,,,,,,2627
,,,,,,,4215
,,,,,,,4802
,,,,,,,2490
,,,,,,,70
,,,,,,,4408
,,,,,,,1734
,,,,,,,2826
,,,,,,,2533
,,,,,,,3722
,,,,,,,1532
,,,,,,,3199
,,,,,,,2689
,,,,,,,110
,,,,,,,3797
,,,,,,,1033
,,,,,,,1459
,,,,,,,134
,,,,,,,1718
,,,,,,,2993
,,,,,,,3156
,,,,,,,3812
,,,,,,,4342
,,,,,,,535
,,,,,,,2490
,,,,,,,3837
,,,,,,,76
,,,,,,,2486
,,,,,,,3816
,,,,,,,452
,,,,,,,3114
,,,,,,,2334
,,,,,,,3941
,,,,,,,3171
,,,,,,,1017
,,,,,,,863
,,,,,,,3586
,,,,,,,3698
,,,,,,,1387
,,,,,,,3762
,,,,,,,3179
,,,,,,,45
,,,,,,,2900
,,,,,,,1461
,,,,,,,4113
,,,,,,,3050
,,,,,,,2727
,,,,,,,3547
,,,,,,,3783
,,,,,,,1880
,,,,,,,629
,,,,,,,2787
,,,,,,,1888
,,,,,,,4353
,,,,,,,1618
,,,,,,,4301
,,,,,,,4607
,,,,,,,2236
,,,,,,,3256
,,,,,,,3284
,,,,,,,342
,,,,,,,1750
,,,,,,,1478
,,,,,,,598
,,,,,,,3441
,,,,,,,4823
,,,,,,,4877
,,,,,,,1006
,,,,,,,1415
,,,,,,,1423
,,,,,,,840
,,,,,,,854
,,,,,,,1696
,,,,,,,2307
,,,,,,,2680
,,,,,,,2456
,,,,,,,4708
,,,,,,,795
,,,,,,,2751
,,,,,,,926
,,,,,,,4705
,,,,,,,3612
,,,,,,,4411
,,,,,,,1826
,,,,,,,1658
,,,,,,,1824
,,,,,,,2807
,,,,,,,4139
,,,,,,,3559
,,,,,,,4706
,,,,,,,3731
,,,,,,,3706
,,,,,,,4187
,,,,,,,1483
,,,,,,,3178
,,,,,,,2211
,,,,,,,2686
,,,,,,,332
,,,,,,,3521
,,,,,,,4077
,,,,,,,1121
,,,,,,,3999
,,,,,,,1801
,,,,,,,778
,,,,,,,611
,,,,,,,1291
,,,,,,,1774
,,,,,,,1511
,,,,,,,2282
,,,,,,,1041
,,,,,,,3541
,,,,,,,4849
,,,,,,,3867
,,,,,,,2764
,,,,,,,4609
,,,,,,,1275
,,,,,,,4973
,,,,,,,3007
,,,,,,,2051
,,,,,,,1389
,,,,,,,640
,,,,,,,787
,,,,,,,849
,,,,,,,4591
,,,,,,,639
,,,,,,,22
,,,,,,,527
,,,,,,,2110
,,,,,,,1219
,,,,,,,3436
,,,,,,,4894
,,,,,,,2685
,,,,,,,194
,,,,,,,4298
,,,,,,,2174
,,,,,,,1940
,,,,,,,2636
,,,,,,,3913
,,,,,,,2782
,,,,,,,3821
,,,,,,,4246
,,,,,,,3667
,,,,,,,191
,,,,,,,968
,,,,,,,2075
,,,,,,,1027
,,,,,,,692
,,,,,,,4947
,,,,,,,3798
,,,,,,,1928
,,,,,,,2149
,,,,,,,425
,,,,,,,1708
,,,,,,,955
,,,,,,,3355
,,,,,,,2646
,,,,,,,862
,,,,,,,2373
,,,,,,,3097
,,,,,,,1541
,,,,,,,4998
,,,,,,,1588
,,,,,,,1050
,,,,,,,4540
,,,,,,,4160
,,,,,,,3692
,,,,,,,2033
,,,,,,,320
,,,,,,,749
,,,,,,,2412
,,,,,,,4762
,,,,,,,4887
,,,,,,,4995
,,,,,,,2387
,,,,,,,3432
,,,,,,,3725
,,,,,,,220
,,,,,,,1865
,,,,,,,1273
,,,,,,,440
,,,,,,,888
,,,,,,,1001
,,,,,,,876
,,,,,,,927
,,,,,,,4648
,,,,,,,217
,,,,,,,1878
,,,,,,,4506
,,,,,,,1622
,,,,,,,4399
,,,,,,,2826
,,,,,,,1778
,,,,,,,1521
,,,,,,,4302
,,,,,,,2308
,,,,,,,3808
,,,,,,,3755
,,,,,,,495
,,,,,,,3501
,,,,,,,2804
,,,,,,,2639
,,,,,,,4941
,,,,,,,3270
,,,,,,,4409
,,,,,,,1636
,,,,,,,1900
,,,,,,,628
,,,,,,,3597
,,,,,,,464
,,,,,,,2845
,,,,,,,368
,,,,,,,1329
,,,,,,,2726
,,,,,,,319
,,,,,,,4242
,,,,,,,182
,,,,,,,1363
,,,,,,,2119
,,,,,,,1364
,,,,,,,2769
,,,,,,,4690
,,,,,,,621
,,,,,,,2767
,,,,,,,1370
,,,,,,,4763
,,,,,,,3992
,,,,,,,999
,,,,,,,897
,,,,,,,1087
,,,,,,,4086
,,,,,,,1796
,,,,,,,4867
,,,,,,,14
,,,,,,,1747
,,,,,,,1429
,,,,,,,3734
,,,,,,,391
,,,,,,,400
,,,,,,,3822
,,,,,,,3867
,,,,,,,3528
,,,,,,,811
,,,,,,,2112
,,,,,,,2522
,,,,,,,2895
,,,,,,,1676
,,,,,,,2828
,,,,,,,1572
,,,,,,,1687
,,,,,,,4071
,,,,,,,3631
,,,,,,,2522
,,,,,,,4993
,,,,,,,3181
,,,,,,,1593
,,,,,,,2597
,,,,,,,1557
,,,,,,,2802
,,,,,,,896
,,,,,,,2268
,,,,,,,2895
,,,,,,,2542
,,,,,,,4448
,,,,,,,986
,,,,,,,2771
,,,,,,,4208
,,,,,,,2862
,,,,,,,1562
,,,,,,,1110
,,,,,,,2944
,,,,,,,1477
,,,,,,,91
,,,,,,,537
,,,,,,,3916
,,,,,,,4725
,,,,,,,1199
,,,,,,,2157
,,,,,,,4564
,,,,,,,2455
,,,,,,,4970
,,,,,,,419
,,,,,,,3769
,,,,,,,1415
,,,,,,,524
,,,,,,,1565
,,,,,,,1229
,,,,,,,1
,,,,,,,2732
,,,,,,,2451
,,,,,,,1647
,,,,,,,3579
,,,,,,,4825
,,,,,,,1490
,,,,,,,540
,,,,,,,643
,,,,,,,4
,,,,,,,2058
,,,,,,,4403
,,,,,,,4062
,,,,,,,1931
,,,,,,,3983
,,,,,,,4358
,,,,,,,4463
,,,,,,,3583
,,,,,,,3196
,,,,,,,3422
,,,,,,,2547
,,,,,,,4686
,,,,,,,137
,,,,,,,1280
,,,,,,,971
,,,,,,,3520
,,,,,,,2477
,,,,,,,3722
,,,,,,,1154
,,,,,,,3722
,,,,,,,4369
,,,,,,,197
,,,,,,,1325
,,,,,,,3949
,,,,,,,2206
,,,,,,,589
,,,,,,,920
,,,,,,,1904
,,,,,,,1164
,,,,,,,72
,,,,,,,1357
,,,,,,,4714
,,,,,,,1063
,,,,,,,4375
,,,,,,,361
,,,,,,,937
,,,,,,,4524
,,,,,,,4899
,,,,,,,291
,,,,,,,3860
,,,,,,,1910
,,,,,,,2555
,,,,,,,1218
,,,,,,,1265
,,,,,,,1624
,,,,,,,830
,,,,,,,414
,,,,,,,3797
,,,,,,,3957
,,,,,,,1001
,,,,,,,3939
,,,,,,,2377
,,,,,,,3655
,,,,,,,4893
,,,,,,,1428
,,,,,,,1426
,,,,,,,4912
,,,,,,,570
,,,,,,,126
,,,,,,,844
,,,,,,,1474
,,,,,,,65
,,,,,,,1040
,,,,,,,4800
,,,,,,,595
,,,,,,,3194
,,,,,,,2728
,,,,,,,313
,,,,,,,470
,,,,,,,2189
,,,,,,,4371
,,,,,,,4975
,,,,,,,3128
,,,,,,,332
,,,,,,,3526
,,,,,,,4122
,,,,,,,236
,,,,,,,4358
,,,,,,,3327
,,,,,,,2629
,,,,,,,4333
,,,,,,,3979
,,,,,,,1950
,,,,,,,1564
,,,,,,,2684
,,,,,,,1193
,,,,,,,3006
,,,,,,,4095
,,,,,,,2695
,,,,,,,2937
,,,,,,,1200
,,,,,,,2973
,,,,,,,858
,,,,,,,577
,,,,,,,3310
,,,,,,,1649
,,,,,,,1132
,,,,,,,2166
,,,,,,,3299
,,,,,,,4558
,,,,,,,2602
,,,,,,,427
,,,,,,,4499
,,,,,,,2271
,,,,,,,673
,,,,,,,4141
,,,,,,,2916
,,,,,,,2308
,,,,,,,2124
,,,,,,,953
,,,,,,,1456
,,,,,,,4139
,,,,,,,572
,,,,,,,262
,,,,,,,1812
,,,,,,,4102
,,,,,,,2776
,,,,,,,3800
,,,,,,,2620
,,,,,,,2617
,,,,,,,1024
,,,,,,,3745
,,,,,,,2421
,,,,,,,2055
,,,,,,,1932
,,,,,,,3459
,,,,,,,4579
,,,,,,,2102
,,,,,,,4163
,,,,,,,3372
,,,,,,,4177
,,,,,,,2737
,,,,,,,3297
,,,,,,,1882
,,,,,,,117
,,,,,,,1277
,,,,,,,368
,,,,,,,1799
,,,,,,,3596
,,,,,,,874
,,,,,,,3321
,,,,,,,679
,,,,,,,3653
,,,,,,,3428
,,,,,,,3813
,,,,,,,352
,,,,,,,1657
,,,,,,,1194
,,,,,,,2428
,,,,,,,2198
,,,,,,,4546
,,,,,,,60
,,,,,,,2310
,,,,,,,2479
,,,,,,,3785
,,,,,,,1270
,,,,,,,4893
,,,,,,,660
,,,,,,,2407
,,,,,,,2611
,,,,,,,4104
,,,,,,,4442
,,,,,,,1190
,,,,,,,1769
,,,,,,,3414
,,,,,,,1515
,,,,,,,2777
,,,,,,,3121
,,,,,,,66
,,,,,,,3675
,,,,,,,837
,,,,,,,3664
,,,,,,,164
,,,,,,,1372
,,,,,,,1203
,,,,,,,2564
,,,,,,,4353
,,,,,,,4138
,,,,,,,3481
,,,,,,,376
,,,,,,,4944
,,,,,,,677
,,,,,,,3049
,,,,,,,3959
,,,,,,,3308
,,,,,,,513
,,,,,,,4110
,,,,,,,4277
,,,,,,,1031
,,,,,,,3817
,,,,,,,1073
,,,,,,,3262
,,,,,,,306
,,,,,,,557
,,,,,,,4870
,,,,,,,910
,,,,,,,713
,,,,,,,4123
,,,,,,,2608
,,,,,,,4961
,,,,,,,2289
,,,,,,,695
,,,,,,,2958
,,,,,,,1433
,,,,,,,4993
,,,,,,,3369
,,,,,,,808
,,,,,,,937
,,,,,,,2254
,,,,,,,4713
,,,,,,,4511
,,,,,,,3304
,,,,,,,211
,,,,,,,504
,,,,,,,1754
,,,,,,,3531
,,,,,,,3797
,,,,,,,3054
,,,,,,,2890
,,,,,,,1189
,,,,,,,499
,,,,,,,2941
,,,,,,,188
,,,,,,,3423
,,,,,,,1980
,,,,,,,4830
,,,,,,,3846
,,,,,,,1288
,,,,,,,807
,,,,,,,1063
,,,,,,,2450
,,,,,,,2519
,,,,,,,3219
,,,,,,,3765
,,,,,,,4143
,,,,,,,3234
,,,,,,,500
,,,,,,,4074
,,,,,,,3241
,,,,,,,3666
,,,,,,,22
,,,,,,,1735
,,,,,,,2056
,,,,,,,480
,,,,,,,2748
,,,,,,,1699
,,,,,,,4772
,,,,,,,2328
,,,,,,,1263
,,,,,,,475
,,,,,,,3436
,,,,,,,4120
,,,,,,,1714
,,,,,,,4708
,,,,,,,537
,,,,,,,3911
,,,,,,,4456
,,,,,,,3952
,,,,,,,3597
,,,,,,,4094
,,,,,,,1100
,,,,,,,2908
,,,,,,,1688
,,,,,,,3056
,,,,,,,4355
,,,,,,,4705
,,,,,,,2198
,,,,,,,666
,,,,,,,1865
,,,,,,,1797
,,,,,,,1536
,,,,,,,2562
,,,,,,,3802
,,,,,,,1762
,,,,,,,4371
,,,,,,,106
,,,,,,,297
,,,,,,,2642
,,,,,,,2514
,,,,,,,3716
,,,,,,,4423
,,,,,,,3438
,,,,,,,4544
,,,,,,,3566
,,,,,,,560
,,,,,,,4089
,,,,,,,4418
,,,,,,,1379
,,,,,,,4384
,,,,,,,4539
,,,,,,,272
,,,,,,,1343
,,,,,,,1562
,,,,,,,1057
,,,,,,,2773
,,,,,,,4446
,,,,,,,4788
,,,,,,,1967
,,,,,,,1507
,,,,,,,1713
,,,,,,,2407
,,,,,,,282
,,,,,,,2954
,,,,,,,2057
,,,,,,,4386
,,,,,,,4955
,,,,,,,2109
,,,,,,,2479
,,,,,,,2490
,,,,,,,2869
,,,,,,,2889
,,,,,,,4724
,,,,,,,2169
,,,,,,,478
,,,,,,,1195
,,,,,,,3736
,,,,,,,984
,,,,,,,438
,,,,,,,659
,,,,,,,2476
,,,,,,,4103
,,,,,,,2953
,,,,,,,4339
,,,,,,,1305
,,,,,,,3592
,,,,,,,1776
,,,,,,,3912
,,,,,,,1276
,,,,,,,3315
,,,,,,,3553
,,,,,,,3711
,,,,,,,2906
,,,,,,,3204
,,,,,,,1697
,,,,,,,2435
,,,,,,,3682
,,,,,,,2794
,,,,,,,1589
,,,,,,,145
,,,,,,,2731
,,,,,,,2699
,,,,,,,2824
,,,,,,,2858
,,,,,,,845
,,,,,,,1064
,,,,,,,3508
,,,,,,,3845
,,,,,,,50
,,,,,,,1247
,,,,,,,2968
,,,,,,,4463
,,,,,,,4804
,,,,,,,4675
,,,,,,,497
,,,,,,,1495
,,,,,,,2257
,,,,,,,238
,,,,,,,4821
,,,,,,,1712
,,,,,,,3828
,,,,,,,283
,,,,,,,368
,,,,,,,3616
,,,,,,,4368
,,,,,,,2431
,,,,,,,4847
,,,,,,,107
,,,,,,,3289
,,,,,,,898
,,,,,,,3408
,,,,,,,807
,,,,,,,2099
,,,,,,,3072
,,,,,,,4033
,,,,,,,48
,,,,,,,3393
,,,,,,,1116
,,,,,,,2316
,,,,,,,3918
,,,,,,,679
,,,,,,,4211
,,,,,,,3805
,,,,,,,1991
,,,,,,,2193
,,,,,,,4342
,,,,,,,1561
,,,,,,,4778
,,,,,,,3906
,,,,,,,1702
,,,,,,,2243
,,,,,,,2512
,,,,,,,4147
,,,,,,,351
,,,,,,,1760
,,,,,,,220
,,,,,,,3939
,,,,,,,1364
,,,,,,,3051
,,,,,,,3412
,,,,,,,3114
,,,,,,,206
,,,,,,,1107
,,,,,,,1878
,,,,,,,1622
,,,,,,,4053
,,,,,,,4439
,,,,,,,3930
,,,,,,,3495
,,,,,,,1338
,,,,,,,3836
,,,,,,,3574
,,,,,,,2275
,,,,,,,4488
,,,,,,,3993
,,,,,,,3769
,,,,,,,4091
,,,,,,,3214
,,,,,,,3858
,,,,,,,4444
,,,,,,,4785
,,,,,,,1269
,,,,,,,2562
,,,,,,,2888
,,,,,,,4584
,,,,,,,4246
,,,,,,,3048
,,,,,,,2703
,,,,,,,3555
,,,,,,,173
,,,,,,,1030
,,,,,,,2460
,,,,,,,15
,,,,,,,3745
,,,,,,,1634
,,,,,,,4580
,,,,,,,1989
,,,,,,,2589
,,,,,,,2236
,,,,,,,3549
,,,,,,,1551
,,,,,,,2293
,,,,,,,3228
,,,,,,,838
,,,,,,,3284
,,,,,,,408
,,,,,,,3845
,,,,,,,4833
,,,,,,,2786
,,,,,,,3285
,,,,,,,1286
,,,,,,,533
,,,,,,,4568
,,,,,,,1532
,,,,,,,4163
,,,,,,,3975
,,,,,,,4108
,,,,,,,1745
,,,,,,,1327
,,,,,,,3201
,,,,,,,3359
,,,,,,,4585
,,,,,,,4497
,,,,,,,4284
,,,,,,,2860
,,,,,,,4877
,,,,,,,446
,,,,,,,4781
,,,,,,,4540
,,,,,,,126
,,,,,,,3427
,,,,,,,3411
,,,,,,,3889
,,,,,,,2644
,,,,,,,967
,,,,,,,3464
,,,,,,,1396
,,,,,,,1782
,,,,,,,1374
,,,,,,,903
,,,,,,,3209
,,,,,,,2278
,,,,,,,1982
,,,,,,,1829
,,,,,,,4145
,,,,,,,382
,,,,,,,890
,,,,,,,4922
,,,,,,,916
,,,,,,,4941
,,,,,,,2748
,,,,,,,2021
,,,,,,,894
,,,,,,,3909
,,,,,,,72
,,,,,,,3409
,,,,,,,4998
,,,,,,,2716
,,,,,,,4449
,,,,,,,998
,,,,,,,1135
,,,,,,,274
,,,,,,,3598
,,,,,,,3360
,,,,,,,1340
,,,,,,,4564
,,,,,,,3366
,,,,,,,809
,,,,,,,1867
,,,,,,,3061
,,,,,,,2744
,,,,,,,2054
,,,,,,,3406
,,,,,,,4089
,,,,,,,2473
,,,,,,,1385
,,,,,,,1544
,,,,,,,3843
,,,,,,,1497
,,,,,,,1405
,,,,,,,2106
,,,,,,,4071
,,,,,,,267
,,,,,,,1321
,,,,,,,640
,,,,,,,2683
,,,,,,,698
,,,,,,,552
,,,,,,,1478
,,,,,,,3790
,,,,,,,2765
,,,,,,,4023
,,,,,,,4174
,,,,,,,2203
,,,,,,,425
,,,,,,,534
,,,,,,,1595
,,,,,,,554
,,,,,,,243
,,,,,,,3366
,,,,,,,16
,,,,,,,1796
,,,,,,,344
,,,,,,,2764
,,,,,,,2466
,,,,,,,764
,,,,,,,779
,,,,,,,1355
,,,,,,,228
,,,,,,,129
,,,,,,,1049
,,,,,,,2980
,,,,,,,97
,,,,,,,1493
,,,,,,,2174
,,,,,,,372
,,,,,,,4700
,,,,,,,1670
,,,,,,,4544
,,,,,,,4715
,,,,,,,2073
,,,,,,,1805
,,,,,,,4944
,,,,,,,1959
,,,,,,,1325
,,,,,,,2405
,,,,,,,1904
,,,,,,,844
,,,,,,,1265
,,,,,,,2872
,,,,,,,2693
,,,,,,,127
,,,,,,,4844
,,,,,,,979
,,,,,,,4916
,,,,,,,1405
,,,,,,,4300
,,,,,,,1519
,,,,,,,2371
,,,,,,,3284
,,,,,,,1706
,,,,,,,2487
,,,,,,,2743
,,,,,,,2443
,,,,,,,1747
,,,,,,,2973
,,,,,,,1051
,,,,,,,730
,,,,,,,3298
,,,,,,,2614
,,,,,,,1649
,,,,,,,4645
,,,,,,,2680
,,,,,,,3006
,,,,,,,3622
,,,,,,,845
,,,,,,,3122
,,,,,,,1228
,,,,,,,1898
,,,,,,,138
,,,,,,,3270
,,,,,,,4788
,,,,,,,2242
,,,,,,,1573
,,,,,,,273
,,,,,,,2360
,,,,,,,1914
,,,,,,,1791
,,,,,,,4822
,,,,,,,2806
,,,,,,,3575
,,,,,,,2325
,,,,,,,255
,,,,,,,4942
,,,,,,,1568
,,,,,,,1553
,,,,,,,3346
,,,,,,,1986
,,,,,,,1162
,,,,,,,1695
,,,,,,,1763
,,,,,,,434
,,,,,,,4260
,,,,,,,4325
,,,,,,,62
,,,,,,,525
,,,,,,,560
,,,,,,,715
,,,,,,,2003
,,,,,,,746
,,,,,,,3285
,,,,,,,1468
,,,,,,,2724
,,,,,,,4747
,,,,,,,3750
,,,,,,,949
,,,,,,,3553
,,,,,,,3762
,,,,,,,953
,,,,,,,4950
,,,,,,,1466
,,,,,,,3972
,,,,,,,2988
,,,,,,,451
,,,,,,,4845
,,,,,,,4184
,,,,,,,1480
,,,,,,,4550
,,,,,,,3216
,,,,,,,537
,,,,,,,2132
,,,,,,,2984
,,,,,,,2187
,,,,,,,3792
,,,,,,,1077
,,,,,,,3091
,,,,,,,2636
,,,,,,,4286
,,,,,,,4653
,,,,,,,615
,,,,,,,1224
,,,,,,,2007
,,,,,,,4471
,,,,,,,3472
,,,,,,,4997
,,,,,,,3022
,,,,,,,4287
,,,,,,,4749
,,,,,,,4356
,,,,,,,2766
,,,,,,,1659
,,,,,,,3093
,,,,,,,4601
,,,,,,,4457
,,,,,,,2510
,,,,,,,49
,,,,,,,1519
,,,,,,,4048
,,,,,,,3472
,,,,,,,362
,,,,,,,4751
,,,,,,,2088
,,,,,,,4715
,,,,,,,1607
,,,,,,,1766
,,,,,,,174
,,,,,,,3940
,,,,,,,4921
,,,,,,,1835
,,,,,,,2610
,,,,,,,4960
,,,,,,,1482
,,,,,,,2684
,,,,,,,2984
,,,,,,,1135
,,,,,,,1958
,,,,,,,2247
,,,,,,,210
,,,,,,,1472
,,,,,,,2620
,,,,,,,3440
,,,,,,,476
,,,,,,,4951
,,,,,,,2597
,,,,,,,4563
,,,,,,,2820
,,,,,,,2933
,,,,,,,4362
,,,,,,,4518
,,,,,,,3304
,,,,,,,1430
,,,,,,,2285
,,,,,,,1721
,,,,,,,3535
,,,,,,,3993
,,,,,,,380
,,,,,,,746
,,,,,,,210
,,,,,,,3598
,,,,,,,1438
,,,,,,,1196
,,,,,,,782
,,,,,,,4315
,,,,,,,2756
,,,,,,,1398
,,,,,,,3816
,,,,,,,1275
,,,,,,,4112
,,,,,,,1699
,,,,,,,800
,,,,,,,3985
,,,,,,,1486
,,,,,,,2322
,,,,,,,1084
,,,,,,,1471
,,,,,,,1
,,,,,,,404
,,,,,,,2579
,,,,,,,1654
,,,,,,,2711
,,,,,,,1480
,,,,,,,4929
,,,,,,,3697
,,,,,,,1274
,,,,,,,1877
,,,,,,,3596
,,,,,,,4011
,,,,,,,751
,,,,,,,3717
,,,,,,,3594
,,,,,,,3853
,,,,,,,4433
,,,,,,,4944
,,,,,,,3165
,,,,,,,2011
,,,,,,,2785
,,,,,,,1020
,,,,,,,3094
,,,,,,,1042
,,,,,,,2507
,,,,,,,862
,,,,,,,1467
,,,,,,,4852
,,,,,,,4160
,,,,,,,3867
,,,,,,,2380
,,,,,,,176
,,,,,,,4144
,,,,,,,4974
,,,,,,,3491
,,,,,,,487
,,,,,,,2605
,,,,,,,687
,,,,,,,2391
,,,,,,,4826
,,,,,,,2262
,,,,,,,589
,,,,,,,3039
,,,,,,,2751
,,,,,,,1547
,,,,,,,275
,,,,,,,3591
,,,,,,,3287
,,,,,,,318
,,,,,,,3387
,,,,,,,3765
,,,,,,,2558
,,,,,,,4980
,,,,,,,2333
,,,,,,,659
,,,,,,,1367
,,,,,,,3677
,,,,,,,2054
,,,,,,,1098
,,,,,,,4130
,,,,,,,462
,,,,,,,240
,,,,,,,653
,,,,,,,498
,,,,,,,1960
,,,,,,,3204
,,,,,,,84
,,,,,,,2350
,,,,,,,4111
,,,,,,,321
,,,,,,,1582
,,,,,,,732
,,,,,,,152
,,,,,,,2470
,,,,,,,4960
,,,,,,,2126
,,,,,,,3716
,,,,,,,4883
,,,,,,,1882
,,,,,,,4192
,,,,,,,238
,,,,,,,2622
,,,,,,,4980
,,,,,,,2178
,,,,,,,2060
,,,,,,,346
,,,,,,,1082
,,,,,,,4380
,,,,,,,766
,,,,,,,2278
,,,,,,,649
,,,,,,,1222
,,,,,,,4093
,,,,,,,1879
,,,,,,,4847
,,,,,,,3445
,,,,,,,1064
,,,,,,,2852
,,,,,,,4838
,,,,,,,4808
,,,,,,,1659
,,,,,,,777
,,,,,,,2213
,,,,,,,1011
,,,,,,,2331
,,,,,,,633
,,,,,,,4516
,,,,,,,2638
,,,,,,,181
,,,,,,,484
,,,,,,,4687
,,,,,,,1357
,,,,,,,674
,,,,,,,3498
,,,,,,,2218
,,,,,,,1144
,,,,,,,4905
,,,,,,,2246
,,,,,,,3166
,,,,,,,2310
,,,,,,,3657
,,,,,,,2017
,,,,,,,465
,,,,,,,2031
,,,,,,,3911
,,,,,,,1948
,,,,,,,396
,,,,,,,2112
,,,,,,,1251
,,,,,,,1547
,,,,,,,2410
,,,,,,,1279
,,,,,,,2833
,,,,,,,4691
,,,,,,,2051
,,,,,,,3066
,,,,,,,1915
,,,,,,,1146
,,,,,,,4046
,,,,,,,3396
,,,,,,,3886
,,,,,,,2516
,,,,,,,2150
,,,,,,,1692
,,,,,,,2846
,,,,,,,4766
,,,,,,,348
,,,,,,,2579
,,,,,,,351
,,,,,,,442
,,,,,,,1398
,,,,,,,4250
,,,,,,,4847
,,,,,,,1081
,,,,,,,2905
,,,,,,,1468
,,,,,,,4802
,,,,,,,1428
,,,,,,,1574
,,,,,,,2529
,,,,,,,1161
,,,,,,,390
,,,,,,,2078
,,,,,,,2129
,,,,,,,104
,,,,,,,3215
,,,,,,,4686
,,,,,,,3198
,,,,,,,2290
,,,,,,,2024
,,,,,,,1906
,,,,,,,4147
,,,,,,,4148
,,,,,,,193
,,,,,,,3611
,,,,,,,4532
,,,,,,,3157
,,,,,,,4744
,,,,,,,2277
,,,,,,,4083
,,,,,,,4663
,,,,,,,2286
,,,,,,,4679
,,,,,,,2641
,,,,,,,2722
,,,,,,,2797
,,,,,,,959
,,,,,,,2328
,,,,,,,1636
,,,,,,,3847
,,,,,,,4657
,,,,,,,3426
,,,,,,,3978
,,,,,,,792
,,,,,,,3962
,,,,,,,4095
,,,,,,,1043
,,,,,,,166
,,,,,,,613
,,,,,,,2142
,,,,,,,4430
,,,,,,,4976
,,,,,,,3691
,,,,,,,1006
,,,,,,,4626
,,,,,,,4843
,,,,,,,1629
,,,,,,,2882
,,,,,,,2931
,,,,,,,1211
,,,,,,,2273
,,,,,,,1764
,,,,,,,2855
,,,,,,,4010
,,,,,,,2996
,,,,,,,950
,,,,,,,4326
,,,,,,,4975
,,,,,,,1372
,,,,,,,1122
,,,,,,,699
,,,,,,,2335
,,,,,,,4456
,,,,,,,1097
,,,,,,,1465
,,,,,,,3659
,,,,,,,1743
,,,,,,,2308
,,,,,,,3097
,,,,,,,2320
,,,,,,,855
,,,,,,,3847
,,,,,,,4937
,,,,,,,2968
,,,,,,,90
,,,,,,,3428
,,,,,,,2826
,,,,,,,114
,,,,,,,1538
,,,,,,,3486
,,,,,,,379
,,,,,,,2691
,,,,,,,831
,,,,,,,1575
,,,,,,,242
,,,,,,,423
,,,,,,,405
,,,,,,,3277
,,,,,,,37
,,,,,,,4865
,,,,,,,3315
,,,,,,,4966
,,,,,,,1178
,,,,,,,964
,,,,,,,2333
,,,,,,,912
,,,,,,,4127
,,,,,,,1210
,,,,,,,4162
,,,,,,,1784
,,,,,,,2095
,,,,,,,875
,,,,,,,2509
,,,,,,,1410
,,,,,,,298
,,,,,,,2586
,,,,,,,22
,,,,,,,908
,,,,,,,1914
,,,,,,,3661
,,,,,,,1516
,,,,,,,1527
,,,,,,,2833
,,,,,,,4328
,,,,,,,4340
,,,,,,,4531
,,,,,,,3531
,,,,,,,1258
,,,,,,,4985
,,,,,,,3784
,,,,,,,3418
,,,,,,,1918
,,,,,,,4744
,,,,,,,3432
,,,,,,,2392
,,,,,,,2606
,,,,,,,2503
,,,,,,,2227
,,,,,,,978
,,,,,,,2003
,,,,,,,4158
,,,,,,,1334
,,,,,,,4464
,,,,,,,1013
,,,,,,,1240
,,,,,,,4588
,,,,,,,321
,,,,,,,285
,,,,,,,3706
,,,,,,,2291
,,,,,,,1607
,,,,,,,4473
,,,,,,,3328
,,,,,,,397
,,,,,,,3495
,,,,,,,3828
,,,,,,,1848
,,,,,,,2289
,,,,,,,4628
,,,,,,,4871
,,,,,,,4530
,,,,,,,1509
,,,,,,,3577
,,,,,,,346
,,,,,,,1205
,,,,,,,2155
,,,,,,,495
,,,,,,,4242
,,,,,,,830
,,,,,,,4734
,,,,,,,4732
,,,,,,,2584
,,,,,,,1212
,,,,,,,4573
,,,,,,,3829
,,,,,,,3462
,,,,,,,4878
,,,,,,,4264
,,,,,,,3062
,,,,,,,2762
,,,,,,,3187
,,,,,,,3921
,,,,,,,3718
,,,,,,,305
,,,,,,,3507
,,,,,,,1481
,,,,,,,1331
,,,,,,,487
,,,,,,,4265
,,,,,,,1018
,,,,,,,4440
,,,,,,,3078
,,,,,,,4663
,,,,,,,3719
,,,,,,,491
,,,,,,,2160
,,,,,,,3766
,,,,,,,2773
,,,,,,,3854
,,,,,,,2644
,,,,,,,3412
,,,,,,,2364
,,,,,,,3872
,,,,,,,3302
,,,,,,,4400
,,,,,,,1395
,,,,,,,3054
,,,,,,,3838
,,,,,,,3369
,,,,,,,4278
,,,,,,,1686
,,,,,,,1232
,,,,,,,2627
,,,,,,,3415
,,,,,,,3187
,,,,,,,1915
,,,,,,,1999
,,,,,,,266
,,,,,,,2290
,,,,,,,1217
,,,,,,,1573
,,,,,,,3356
,,,,,,,1941
,,,,,,,718
,,,,,,,2054
,,,,,,,1125
,,,,,,,4833
,,,,,,,409
,,,,,,,1068
,,,,,,,2627
,,,,,,,4020
,,,,,,,532
,,,,,,,2992
,,,,,,,3934
,,,,,,,1492
,,,,,,,2973
,,,,,,,2340
,,,,,,,2617
,,,,,,,1886
,,,,,,,2624
,,,,,,,3467
,,,,,,,2618
,,,,,,,1819
,,,,,,,4224
,,,,,,,950
,,,,,,,4173
,,,,,,,874
,,,,,,,846
,,,,,,,3606
,,,,,,,3241
,,,,,,,4277
,,,,,,,1052
,,,,,,,2733
,,,,,,,4
,,,,,,,2092
,,,,,,,120
,,,,,,,3778
,,,,,,,3089
,,,,,,,1545
,,,,,,,836
,,,,,,,972
,,,,,,,1374
,,,,,,,4380
,,,,,,,3684
,,,,,,,2426
,,,,,,,2287
,,,,,,,3646
,,,,,,,603
,,,,,,,3676
,,,,,,,2969
,,,,,,,1517
,,,,,,,3289
,,,,,,,2983
,,,,,,,1546
,,,,,,,3734
,,,,,,,4557
,,,,,,,336
,,,,,,,1036
,,,,,,,2434
,,,,,,,7
,,,,,,,1386
,,,,,,,1324
,,,,,,,2995
,,,,,,,2903
,,,,,,,392
,,,,,,,4480
,,,,,,,3302
,,,,,,,4735
,,,,,,,2416
,,,,,,,1438
,,,,,,,1149
,,,,,,,3750
,,,,,,,3495
,,,,,,,4523
,,,,,,,3920
,,,,,,,3926
,,,,,,,1456
,,,,,,,4498
,,,,,,,627
,,,,,,,2989
,,,,,,,4024
,,,,,,,1801
,,,,,,,1749
,,,,,,,3148
,,,,,,,3840
,,,,,,,779
,,,,,,,4217
,,,,,,,3652
,,,,,,,2070
,,,,,,,3531
,,,,,,,4868
,,,,,,,1206
,,,,,,,2140
,,,,,,,134
,,,,,,,2213
,,,,,,,2496
,,,,,,,185
,,,,,,,2810
,,,,,,,3121
,,,,,,,132
,,,,,,,2536
,,,,,,,1120
,,,,,,,2841
,,,,,,,3454
,,,,,,,264
,,,,,,,2179
,,,,,,,4290
,,,,,,,207
,,,,,,,2992
,,,,,,,2812
,,,,,,,1582
,,,,,,,1590
,,,,,,,4664
,,,,,,,3575
,,,,,,,3364
,,,,,,,2277
,,,,,,,713
,,,,,,,215
,,,,,,,2230
,,,,,,,663
,,,,,,,3227
,,,,,,,3923
,,,,,,,3763
,,,,,,,1087
,,,,,,,4594
,,,,,,,3755
,,,,,,,2965
,,,,,,,4087
,,,,,,,787
,,,,,,,4122
,,,,,,,1639
,,,,,,,4485
,,,,,,,1121
,,,,,,,713
,,,,,,,2536
,,,,,,,3671
,,,,,,,4926
,,,,,,,3650
,,,,,,,332
,,,,,,,514
,,,,,,,3628
,,,,,,,1196
,,,,,,,2126
,,,,,,,2018
,,,,,,,982
,,,,,,,656
,,,,,,,2536
,,,,,,,4712
,,,,,,,1419
,,,,,,,1832
,,,,,,,4383
,,,,,,,2948
,,,,,,,2273
,,,,,,,2349
,,,,,,,601
,,,,,,,3658
,,,,,,,4945
,,,,,,,3810
,,,,,,,2586
,,,,,,,1185
,,,,,,,4922
,,,,,,,262
,,,,,,,1837
,,,,,,,3394
,,,,,,,500
,,,,,,,416
,,,,,,,2006
,,,,,,,2502
,,,,,,,1391
,,,,,,,3446
,,,,,,,1371
,,,,,,,1794
,,,,,,,220
,,,,,,,396
,,,,,,,4285
,,,,,,,4988
,,,,,,,2594
,,,,,,,2909
,,,,,,,3117
,,,,,,,78
,,,,,,,2759
,,,,,,,1386
,,,,,,,2560
,,,,,,,3339
,,,,,,,4686
,,,,,,,2290
,,,,,,,1862
,,,,,,,2118
,,,,,,,3551
,,,,,,,795
,,,,,,,4961
,,,,,,,908
,,,,,,,3072
,,,,,,,3233
,,,,,,,2216
,,,,,,,4926
,,,,,,,4228
,,,,,,,2187
,,,,,,,1390
,,,,,,,366
,,,,,,,344
,,,,,,,355
,,,,,,,1182
,,,,,,,990
,,,,,,,4508
,,,,,,,2018
,,,,,,,4192
,,,,,,,4920
,,,,,,,4556
,,,,,,,4711
,,,,,,,2614
,,,,,,,1864
,,,,,,,3481
,,,,,,,759
,,,,,,,571
,,,,,,,3432
,,,,,,,1731
,,,,,,,3102
,,,,,,,841
,,,,,,,3794
,,,,,,,887
,,,,,,,3305
,,,,,,,1861
,,,,,,,4604
,,,,,,,1170
,,,,,,,3202
,,,,,,,328
,,,,,,,2508
,,,,,,,409
,,,,,,,4657
,,,,,,,3749
,,,,,,,4615
,,,,,,,1252
,,,,,,,1529
,,,,,,,606
,,,,,,,389
,,,,,,,4582
,,,,,,,4809
,,,,,,,2242
,,,,,,,4897
,,,,,,,4580
,,,,,,,1759
,,,,,,,2156
,,,,,,,1464
,,,,,,,2757
,,,,,,,2639
,,,,,,,904
,,,,,,,3895
,,,,,,,2856
,,,,,,,3829
,,,,,,,3807
,,,,,,,825
,,,,,,,3741
,,,,,,,4478
,,,,,,,4262
,,,,,,,3650
,,,,,,,1241
,,,,,,,3491
,,,,,,,466
,,,,,,,292
,,,,,,,4689
,,,,,,,1405
,,,,,,,3330
,,,,,,,2814
,,,,,,,1668
,,,,,,,1553
,,,,,,,163
,,,,,,,2813
,,,,,,,2277
,,,,,,,4078
,,,,,,,982
,,,,,,,729
,,,,,,,2592
,,,,,,,1456
,,,,,,,385
,,,,,,,391
,,,,,,,4769
,,,,,,,1973
,,,,,,,796
,,,,,,,1598
,,,,,,,4073
,,,,,,,3453
,,,,,,,4955
,,,,,,,3923
,,,,,,,3542
,,,,,,,4063
,,,,,,,14
,,,,,,,4241
,,,,,,,1595
,,,,,,,1546
,,,,,,,1138
,,,,,,,3145
,,,,,,,3748
,,,,,,,1354
,,,,,,,3601
,,,,,,,2082
,,,,,,,2737
,,,,,,,334
,,,,,,,3450
,,,,,,,3607
,,,,,,,1893
,,,,,,,3810
,,,,,,,3275
,,,,,,,4707
,,,,,,,3398
,,,,,,,659
,,,,,,,3365
,,,,,,,1355
,,,,,,,3366
,,,,,,,1327
,,,,,,,2429
,,,,,,,2858
,,,,,,,122
,,,,,,,3576
,,,,,,,656
,,,,,,,3741
,,,,,,,2325
,,,,,,,2426
,,,,,,,1809
,,,,,,,1626
,,,,,,,1738
,,,,,,,1065
,,,,,,,419
,,,,,,,4250
,,,,,,,3218
,,,,,,,481
,,,,,,,4409
,,,,,,,1649
,,,,,,,1800
,,,,,,,3847
,,,,,,,2116
,,,,,,,3408
,,,,,,,1205
,,,,,,,987
,,,,,,,33
,,,,,,,1599
,,,,,,,1208
,,,,,,,2762
,,,,,,,4123
,,,,,,,1853
,,,,,,,3238
,,,,,,,1441
,,,,,,,2721
,,,,,,,952
,,,,,,,1424
,,,,,,,1895
,,,,,,,1072
,,,,,,,4412
,,,,,,,139
,,,,,,,1658
,,,,,,,2097
,,,,,,,603
,,,,,,,807
,,,,,,,3146
,,,,,,,4235
,,,,,,,3290
,,,,,,,2230
,,,,,,,1589
,,,,,,,1624
,,,,,,,566
,,,,,,,1427
,,,,,,,1230
,,,,,,,3513
,,,,,,,1366
,,,,,,,3556
,,,,,,,850
,,,,,,,4395
,,,,,,,4032
,,,,,,,1287
,,,,,,,4830
,,,,,,,2701
,,,,,,,4379
,,,,,,,3430
,,,,,,,2706
,,,,,,,701
,,,,,,,3130
,,,,,,,4650
,,,,,,,3505
,,,,,,,4526
,,,,,,,927
,,,,,,,2631
,,,,,,,2030
,,,,,,,4490
,,,,,,,4377
,,,,,,,3183
,,,,,,,2992
,,,,,,,4934
,,,,,,,1942
,,,,,,,2324
,,,,,,,1848
,,,,,,,1400
,,,,,,,3840
,,,,,,,2921
,,,,,,,3735
,,,,,,,3927
,,,,,,,2471
,,,,,,,2143
,,,,,,,2359
,,,,,,,3157
,,,,,,,3850
,,,,,,,3297
,,,,,,,3307
,,,,,,,485
,,,,,,,3799
,,,,,,,4553
,,,,,,,4090
,,,,,,,2321
,,,,,,,1190
,,,,,,,4411
,,,,,,,374
,,,,,,,2238
,,,,,,,852
,,,,,,,1509
,,,,,,,1340
,,,,,,,736
,,,,,,,44
,,,,,,,4549
,,,,,,,4021
,,,,,,,2144
,,,,,,,2688
,,,,,,,2053
,,,,,,,1269
,,,,,,,4453
,,,,,,,95
,,,,,,,1352
,,,,,,,418
,,,,,,,776
,,,,,,,729
,,,,,,,2263
,,,,,,,1695
,,,,,,,3545
,,,,,,,3014
,,,,,,,169
,,,,,,,1615
,,,,,,,3335
,,,,,,,1007
,,,,,,,3295
,,,,,,,4553
,,,,,,,4678
,,,,,,,2917
,,,,,,,1036
,,,,,,,1049
,,,,,,,4875
,,,,,,,4729
,,,,,,,4006
,,,,,,,388
,,,,,,,1087
,,,,,,,528
,,,,,,,3704
,,,,,,,2533
,,,,,,,2085
,,,,,,,2783
,,,,,,,284
,,,,,,,2770
,,,,,,,83
,,,,,,,3586
,,,,,,,986
,,,,,,,1164
,,,,,,,1398
,,,,,,,3095
,,,,,,,4350
,,,,,,,572
,,,,,,,1133
,,,,,,,135
,,,,,,,850
,,,,,,,488
,,,,,,,1203
,,,,,,,3695
,,,,,,,4254
,,,,,,,3701
,,,,,,,3859
,,,,,,,740
,,,,,,,749
,,,,,,,4619
,,,,,,,4134
,,,,,,,4807
,,,,,,,1616
,,,,,,,609
,,,,,,,856
,,,,,,,4576
,,,,,,,2261
,,,,,,,686
,,,,,,,4454
,,,,,,,299
,,,,,,,3791
,,,,,,,1874
,,,,,,,1798
,,,,,,,354
,,,,,,,1160
,,,,,,,4482
,,,,,,,200
,,,,,,,191
,,,,,,,1907
,,,,,,,2732
,,,,,,,3064
,,,,,,,1554
,,,,,,,4461
,,,,,,,250
,,,,,,,2215
,,,,,,,3487
,,,,,,,3584
,,,,,,,3450
,,,,,,,3584
,,,,,,,2540
,,,,,,,2195
,,,,,,,2945
,,,,,,,2792
,,,,,,,2243
,,,,,,,327
,,,,,,,805
,,,,,,,4960
,,,,,,,813
,,,,,,,4178
,,,,,,,4840
,,,,,,,4233
,,,,,,,843
,,,,,,,4682
,,,,,,,649
,,,,,,,2889
,,,,,,,186
,,,,,,,383
,,,,,,,2804
,,,,,,,484
,,,,,,,1452
,,,,,,,3696
,,,,,,,1153
,,,,,,,292
,,,,,,,3793
,,,,,,,1681
,,,,,,,1364
,,,,,,,2113
,,,,,,,71
,,,,,,,2268
,,,,,,,4960
,,,,,,,747
,,,,,,,3448
,,,,,,,4030
,,,,,,,486
,,,,,,,1858
,,,,,,,2628
,,,,,,,2518
,,,,,,,2559
,,,,,,,1469
,,,,,,,2332
,,,,,,,2556
,,,,,,,4706
,,,,,,,3519
,,,,,,,1683
,,,,,,,4184
,,,,,,,984
,,,,,,,2456
,,,,,,,984
,,,,,,,1280
,,,,,,,1291
,,,,,,,1134
,,,,,,,1051
,,,,,,,4998
,,,,,,,1399
,,,,,,,1606
,,,,,,,3293
,,,,,,,4191
,,,,,,,2171
,,,,,,,390
,,,,,,,1482
,,,,,,,3766
,,,,,,,759
,,,,,,,855
,,,,,,,1286
,,,,,,,1390
,,,,,,,525
,,,,,,,4519
,,,,,,,1373
,,,,,,,3048
,,,,,,,1360
,,,,,,,1534
,,,,,,,2977
,,,,,,,4013
,,,,,,,4642
,,,,,,,3252
,,,,,,,4526
,,,,,,,1836
,,,,,,,1642
,,,,,,,979
,,,,,,,3541
,,,,,,,3960
,,,,,,,542
,,,,,,,2372
,,,,,,,1857
,,,,,,,4158
,,,,,,,3724
,,,,,,,4952
,,,,,,,2882
,,,,,,,352
,,,,,,,3640
,,,,,,,2733
,,,,,,,1832
,,,,,,,3324
,,,,,,,482
,,,,,,,726
,,,,,,,4678
,,,,,,,92
,,,,,,,4529
,,,,,,,4848
,,,,,,,3229
,,,,,,,4650
,,,,,,,3093
,,,,,,,1645
,,,,,,,4998
,,,,,,,3052
,,,,,,,1333
,,,,,,,2107
,,,,,,,2902
,,,,,,,1215
,,,,,,,1111
,,,,,,,1688
,,,,,,,3797
,,,,,,,3008
,,,,,,,1596
,,,,,,,3286
,,,,,,,4999
,,,,,,,2158
,,,,,,,1670
,,,,,,,1487
,,,,,,,2366
,,,,,,,4895
,,,,,,,3867
,,,,,,,3307
,,,,,,,2610
,,,,,,,4226
,,,,,,,1804
,,,,,,,4938
,,,,,,,4871
,,,,,,,4250
,,,,,,,492
,,,,,,,2914
,,,,,,,3824
,,,,,,,3670
,,,,,,,3718
,,,,,,,3444
,,,,,,,4508
,,,,,,,2863
,,,,,,,1871
,,,,,,,1574
,,,,,,,1638
,,,,,,,2204
,,,,,,,3831
,,,,,,,236
,,,,,,,697
,,,,,,,1092
,,,,,,,3610
,,,,,,,4992
,,,,,,,1301
,,,,,,,774
,,,,,,,3501
,,,,,,,1655
,,,,,,,1191
,,,,,,,457
,,,,,,,3549
,,,,,,,1966
,,,,,,,986
,,,,,,,640
,,,,,,,3450
,,,,,,,4196
,,,,,,,835
,,,,,,,3739
,,,,,,,2316
,,,,,,,1580
,,,,,,,2159
,,,,,,,1149
,,,,,,,4509
,,,,,,,3805
,,,,,,,4889
,,,,,,,1377
,,,,,,,4885
,,,,,,,3001
,,,,,,,283
,,,,,,,1445
,,,,,,,3471
,,,,,,,4408
,,,,,,,268
,,,,,,,1937
,,,,,,,2150
,,,,,,,339
,,,,,,,450
,,,,,,,2918
,,,,,,,1134
,,,,,,,3775
,,,,,,,1822
,,,,,,,3809
,,,,,,,2541
,,,,,,,4546
,,,,,,,4979
,,,,,,,4022
,,,,,,,2951
,,,,,,,782
,,,,,,,3144
,,,,,,,1680
,,,,,,,1073
,,,,,,,2911
,,,,,,,141
,,,,,,,558
,,,,,,,4998
,,,,,,,1030
,,,,,,,2704
,,,,,,,3998
,,,,,,,4988
,,,,,,,3261
,,,,,,,4272
,,,,,,,2366
,,,,,,,4222
,,,,,,,2923
,,,,,,,656
,,,,,,,3105
,,,,,,,1397
,,,,,,,3289
,,,,,,,3305
,,,,,,,3351
,,,,,,,1316
,,,,,,,424
,,,,,,,3674
,,,,,,,1077
,,,,,,,567
,,,,,,,2322
,,,,,,,612
,,,,,,,3101
,,,,,,,4251
,,,,,,,4755
,,,,,,,2532
,,,,,,,2204
,,,,,,,3980
,,,,,,,4619
,,,,,,,4684
,,,,,,,423
,,,,,,,3110
,,,,,,,350
,,,,,,,4848
,,,,,,,1123
,,,,,,,793
,,,,,,,4199
,,,,,,,873
,,,,,,,4691
,,,,,,,72
,,,,,,,853
,,,,,,,2712
,,,,,,,3286
,,,,,,,4059
,,,,,,,1557
,,,,,,,4751
,,,,,,,2845
,,,,,,,2105
,,,,,,,3557
,,,,,,,4981
,,,,,,,1415
,,,,,,,3582
,,,,,,,4354
,,,,,,,3483
,,,,,,,793
,,,,,,,242
,,,,,,,2570
,,,,,,,1099
,,,,,,,3907
,,,,,,,2638
,,,,,,,1872
,,,,,,,232
,,,,,,,1347
,,,,,,,1672
,,,,,,,3563
,,,,,,,4433
,,,,,,,265
,,,,,,,4986
,,,,,,,4394
,,,,,,,3841
,,,,,,,3303
,,,,,,,3968
,,,,,,,4622
,,,,,,,2432
,,,,,,,4710
,,,,,,,3183
,,,,,,,3244
,,,,,,,1974
,,,,,,,954
,,,,,,,522
,,,,,,,1528
,,,,,,,3621
,,,,,,,2075
,,,,,,,3159
,,,,,,,1039
,,,,,,,2314
,,,,,,,318
,,,,,,,3640
,,,,,,,4121
,,,,,,,4888
,,,,,,,2844
,,,,,,,123
,,,,,,,3894
,,,,,,,2204
,,,,,,,2004
,,,,,,,1242
,,,,,,,2558
,,,,,,,3764
,,,,,,,3572
,,,,,,,2324
,,,,,,,4949
,,,,,,,2308
,,,,,,,2944
,,,,,,,783
,,,,,,,2028
,,,,,,,3178
,,,,,,,2603
,,,,,,,4341
,,,,,,,4554
,,,,,,,3279
,,,,,,,3988
,,,,,,,1696
,,,,,,,1305
,,,,,,,319
,,,,,,,1542
,,,,,,,4886
,,,,,,,4006
,,,,,,,940
,,,,,,,1261
,,,,,,,3208
,,,,,,,646
,,,,,,,268
,,,,,,,3247
,,,,,,,244
,,,,,,,614
,,,,,,,4342
,,,,,,,3069
,,,,,,,24
,,,,,,,4616
,,,,,,,694
,,,,,,,779
,,,,,,,4510
,,,,,,,637
,,,,,,,1552
,,,,,,,3104
,,,,,,,26
,,,,,,,4840
,,,,,,,917
,,,,,,,887
,,,,,,,1760
,,,,,,,4263
,,,,,,,4131
,,,,,,,21
,,,,,,,3744
,,,,,,,1169
,,,,,,,2061
,,,,,,,12
,,,,,,,1648
,,,,,,,554
,,,,,,,987
,,,,,,,4360
,,,,,,,461
,,,,,,,3970
,,,,,,,3884
,,,,,,,2355
,,,,,,,2084
,,,,,,,3682
,,,,,,,1226
,,,,,,,1094
,,,,,,,3673
,,,,,,,2581
,,,,,,,1778
,,,,,,,4067
,,,,,,,526
,,,,,,,3802
,,,,,,,4757
,,,,,,,2252
,,,,,,,4218
,,,,,,,2697
,,,,,,,4020
,,,,,,,3639
,,,,,,,1644
,,,,,,,3489
,,,,,,,3894
,,,,,,,1718
,,,,,,,1475
,,,,,,,489
,,,,,,,1383
,,,,,,,2821
,,,,,,,3675
,,,,,,,2805
,,,,,,,2138
,,,,,,,3931
,,,,,,,2427
,,,,,,,1485
,,,,,,,312
,,,,,,,3475
,,,,,,,1586
,,,,,,,1333
,,,,,,,444
,,,,,,,3766
,,,,,,,4992
,,,,,,,1759
,,,,,,,257
,,,,,,,188
,,,,,,,3419
,,,,,,,4741
,,,,,,,3764
,,,,,,,2276
,,,,,,,2562
,,,,,,,2983
,,,,,,,2624
,,,,,,,3753
,,,,,,,3390
,,,,,,,4312
,,,,,,,2404
,,,,,,,483
,,,,,,,437
,,,,,,,2187
,,,,,,,1547
,,,,,,,3385
,,,,,,,2493
,,,,,,,3667
,,,,,,,2785
,,,,,,,331
,,,,,,,2439
,,,,,,,1878
,,,,,,,869
,,,,,,,3526
,,,,,,,3071
,,,,,,,4409
,,,,,,,4500
,,,,,,,1325
,,,,,,,433
,,,,,,,3277
,,,,,,,3326
,,,,,,,2509
,,,,,,,3954
,,,,,,,3014
,,,,,,,697
,,,,,,,1744
,,,,,,,2840
,,,,,,,2874
,,,,,,,955
,,,,,,,4398
,,,,,,,1093
,,,,,,,3548
,,,,,,,1487
,,,,,,,4964
,,,,,,,2835
,,,,,,,4936
,,,,,,,1711
,,,,,,,697
,,,,,,,1689
,,,,,,,2370
,,,,,,,1819
,,,,,,,4822
,,,,,,,3142
,,,,,,,117
,,,,,,,707
,,,,,,,2463
,,,,,,,3046
,,,,,,,1338
,,,,,,,363
,,,,,,,2553
,,,,,,,4652
,,,,,,,4623
,,,,,,,3275
,,,,,,,2676
,,,,,,,4699
,,,,,,,1198
,,,,,,,1838
,,,,,,,4325
,,,,,,,2291
,,,,,,,3531
,,,,,,,3467
,,,,,,,1279
,,,,,,,2285
,,,,,,,4803
,,,,,,,3248
,,,,,,,4397
,,,,,,,1524
,,,,,,,1353
,,,,,,,2098
,,,,,,,821
,,,,,,,3123
,,,,,,,4471
,,,,,,,2475
,,,,,,,4153
,,,,,,,3758
,,,,,,,4655
,,,,,,,4565
,,,,,,,3188
,,,,,,,166
,,,,,,,2768
,,,,,,,1544
,,,,,,,3815
,,,,,,,3419
,,,,,,,3181
,,,,,,,2483
,,,,,,,1570
,,,,,,,812
,,,,,,,966
,,,,,,,1080
,,,,,,,938
,,,,,,,4972
,,,,,,,4944
,,,,,,,1397
,,,,,,,4905
,,,,,,,1350
,,,,,,,2427
,,,,,,,62
,,,,,,,3460
,,,,,,,2887
,,,,,,,1082
,,,,,,,105
,,,,,,,2727
,,,,,,,4170
,,,,,,,4478
,,,,,,,4702
,,,,,,,210
,,,,,,,194
,,,,,,,503
,,,,,,,1258
,,,,,,,1127
,,,,,,,3720
,,,,,,,181
,,,,,,,3436
,,,,,,,1700
,,,,,,,4351
,,,,,,,905
,,,,,,,2736
,,,,,,,4130
,,,,,,,2865
,,,,,,,2277
,,,,,,,4288
,,,,,,,3110
,,,,,,,2717
,,,,,,,4471
,,,,,,,1346
,,,,,,,3533
,,,,,,,986
,,,,,,,65
,,,,,,,2624
,,,,,,,1773
,,,,,,,4878
,,,,,,,700
,,,,,,,1119
,,,,,,,3138
,,,,,,,1966
,,,,,,,2191
,,,,,,,3988
,,,,,,,3698
,,,,,,,4167
,,,,,,,816
,,,,,,,4633
,,,,,,,1225
,,,,,,,3893
,,,,,,,1781
,,,,,,,2232
,,,,,,,4647
,,,,,,,718
,,,,,,,4691
,,,,,,,162
,,,,,,,3644
,,,,,,,3150
,,,,,,,2856
,,,,,,,4600
,,,,,,,1844
,,,,,,,2211
,,,,,,,2962
,,,,,,,3107
,,,,,,,3022
,,,,,,,2176
,,,,,,,2373
,,,,,,,4945
,,,,,,,4758
,,,,,,,3044
,,,,,,,2066
,,,,,,,1161
,,,,,,,4709
,,,,,,,793
,,,,,,,2055
,,,,,,,1713
,,,,,,,2800
,,,,,,,762
,,,,,,,4793
,,,,,,,3239
,,,,,,,4036
,,,,,,,2730
,,,,,,,4401
,,,,,,,3467
,,,,,,,1992
,,,,,,,3811
,,,,,,,3157
,,,,,,,4617
,,,,,,,2057
,,,,,,,2190
,,,,,,,1211
,,,,,,,1675
,,,,,,,287
,,,,,,,1152
,,,,,,,1808
,,,,,,,4105
,,,,,,,4319
,,,,,,,2259
,,,,,,,3895
,,,,,,,4955
,,,,,,,4989
,,,,,,,1034
,,,,,,,979
,,,,,,,1684
,,,,,,,3000
,,,,,,,58
,,,,,,,1144
,,,,,,,4721
,,,,,,,63
,,,,,,,2032
,,,,,,,3636
,,,,,,,1803
,,,,,,,3167
,,,,,,,4361
,,,,,,,1777
,,,,,,,3106
,,,,,,,1427
,,,,,,,2718
,,,,,,,1839
,,,,,,,4118
,,,,,,,2033
,,,,,,,1027
,,,,,,,1271
,,,,,,,3020
,,,,,,,4910
,,,,,,,1584
,,,,,,,536
,,,,,,,245
,,,,,,,3267
,,,,,,,4726
,,,,,,,1088
,,,,,,,885
,,,,,,,942
,,,,,,,3260
,,,,,,,3380
,,,,,,,4527
,,,,,,,4017
,,,,,,,2783
,,,,,,,4448
,,,,,,,3375
,,,,,,,2096
,,,,,,,85
,,,,,,,2804
,,,,,,,4106
,,,,,,,1219
,,,,,,,2799
,,,,,,,4140
,,,,,,,3534
,,,,,,,4947
,,,,,,,4584
,,,,,,,142
,,,,,,,2406
,,,,,,,4737
,,,,,,,1149
,,,,,,,2171
,,,,,,,3310
,,,,,,,1202
,,,,,,,4759
,,,,,,,4625
,,,,,,,2084
,,,,,,,186
,,,,,,,1738
,,,,,,,3420
,,,,,,,16
,,,,,,,2315
,,,,,,,886
,,,,,,,2555
,,,,,,,465
,,,,,,,4298
,,,,,,,916
,,,,,,,2644
,,,,,,,1355
,,,,,,,1470
,,,,,,,4399
,,,,,,,4462
,,,,,,,2650
,,,,,,,4942
,,,,,,,1778
,,,,,,,2382
,,,,,,,4348
,,,,,,,2155
,,,,,,,1947
,,,,,,,1528
,,,,,,,3703
,,,,,,,1881
,,,,,,,929
,,,,,,,3528
,,,,,,,1007
,,,,,,,2446
,,,,,,,3777
,,,,,,,1784
,,,,,,,1904
,,,,,,,1619
,,,,,,,286
,,,,,,,4056
,,,,,,,3574
,,,,,,,665
,,,,,,,4461
,,,,,,,4629
,,,,,,,3544
,,,,,,,3382
,,,,,,,89
,,,,,,,1150
,,,,,,,2870
,,,,,,,1287
,,,,,,,3681
,,,,,,,3160
,,,,,,,733
,,,,,,,2969
,,,,,,,4569
,,,,,,,736
,,,,,,,2652
,,,,,,,1145
,,,,,,,3892
,,,,,,,495
,,,,,,,3042
,,,,,,,1582
,,,,,,,3356
,,,,,,,628
,,,,,,,3770
,,,,,,,4585
,,,,,,,2180
,,,,,,,887
,,,,,,,3080
,,,,,,,4391
,,,,,,,483
,,,,,,,1263
,,,,,,,3661
,,,,,,,769
,,,,,,,3973
,,,,,,,1847
,,,,,,,4218
,,,,,,,899
,,,,,,,4821
,,,,,,,3631
,,,,,,,937
,,,,,,,2347
,,,,,,,1778
,,,,,,,2409
,,,,,,,4838
,,,,,,,4813
,,,,,,,2813
,,,,,,,2355
,,,,,,,140
,,,,,,,4602
,,,,,,,3174
,,,,,,,1510
,,,,,,,1884
,,,,,,,991
,,,,,,,1044
,,,,,,,262
,,,,,,,4513
,,,,,,,4245
,,,,,,,3411
,,,,,,,3692
,,,,,,,1099
,,,,,,,4921
,,,,,,,4007
,,,,,,,2889
,,,,,,,908
,,,,,,,1680
,,,,,,,3474
,,,,,,,3173
,,,,,,,2208
,,,,,,,824
,,,,,,,134
,,,,,,,4282
,,,,,,,2440
,,,,,,,2992
,,,,,,,1842
,,,,,,,2531
,,,,,,,1241
,,,,,,,2515
,,,,,,,4712
,,,,,,,3166
,,,,,,,1726
,,,,,,,1055
,,,,,,,172
,,,,,,,1319
,,,,,,,545
,,,,,,,590
,,,,,,,4307
,,,,,,,4972
,,,,,,,4274
,,,,,,,4905
,,,,,,,4223
,,,,,,,4974
,,,,,,,2421
,,,,,,,2737
,,,,,,,692
,,,,,,,2502
,,,,,,,2938
,,,,,,,4324
,,,,,,,3893
,,,,,,,3942
,,,,,,,4462
,,,,,,,4683
,,,,,,,4749
,,,,,,,3914
,,,,,,,3031
,,,,,,,4624
,,,,,,,402
,,,,,,,4808
,,,,,,,131
,,,,,,,4201
,,,,,,,1679
,,,,,,,1177
,,,,,,,2706
,,,,,,,4293
,,,,,,,3280
,,,,,,,1792
,,,,,,,3530
,,,,,,,1520
,,,,,,,4597
,,,,,,,2849
,,,,,,,3577
,,,,,,,3404
,,,,,,,488
,,,,,,,3220
,,,,,,,2650
,,,,,,,3086
,,,,,,,4660
,,,,,,,700
,,,,,,,4667
,,,,,,,2552
,,,,,,,4696
,,,,,,,667
,,,,,,,3633
,,,,,,,1823
,,,,,,,1746
,,,,,,,2368
,,,,,,,3401
,,,,,,,4373
,,,,,,,820
,,,,,,,3795
,,,,,,,638
,,,,,,,2572
,,,,,,,4535
,,,,,,,4727
,,,,,,,2312
,,,,,,,3827
,,,,,,,3389
,,,,,,,3682
,,,,,,,256
,,,,,,,618
,,,,,,,494
,,,,,,,3527
,,,,,,,4057
,,,,,,,2455
,,,,,,,3156
,,,,,,,615
,,,,,,,2195
,,,,,,,3160
,,,,,,,4620
,,,,,,,2752
,,,,,,,128
,,,,,,,1749
,,,,,,,2874
,,,,,,,3902
,,,,,,,1774
,,,,,,,410
,,,,,,,4084
,,,,,,,1290
,,,,,,,4314
,,,,,,,677
,,,,,,,1150
,,,,,,,1126
,,,,,,,4085
,,,,,,,3210
,,,,,,,497
,,,,,,,4469
,,,,,,,3160
,,,,,,,1451
,,,,,,,3154
,,,,,,,3736
,,,,,,,670
,,,,,,,1285
,,,,,,,1131
,,,,,,,912
,,,,,,,829
,,,,,,,2182
,,,,,,,67
,,,,,,,3506
,,,,,,,963
,,,,,,,2784
,,,,,,,1206
,,,,,,,4615
,,,,,,,4048
,,,,,,,4630
,,,,,,,1362
,,,,,,,1956
,,,,,,,2019
,,,,,,,3307
,,,,,,,878
,,,,,,,1977
,,,,,,,2267
,,,,,,,4880
,,,,,,,811
,,,,,,,425
,,,,,,,131
,,,,,,,1194
,,,,,,,2046
,,,,,,,554
,,,,,,,3486
,,,,,,,3459
,,,,,,,3707
,,,,,,,2747
,,,,,,,701
,,,,,,,4054
,,,,,,,1904
,,,,,,,2878
,,,,,,,4119
,,,,,,,1874
,,,,,,,1841
,,,,,,,1937
,,,,,,,2621
,,,,,,,633
,,,,,,,2982
,,,,,,,2422
,,,,,,,238
,,,,,,,619
,,,,,,,3427
,,,,,,,4228
,,,,,,,3182
,,,,,,,1764
,,,,,,,1681
,,,,,,,3078
,,,,,,,1477
,,,,,,,3187
,,,,,,,1271
,,,,,,,2971
,,,,,,,541
,,,,,,,2574
,,,,,,,1528
,,,,,,,4165
,,,,,,,2322
,,,,,,,416
,,,,,,,2441
,,,,,,,1484
,,,,,,,3181
,,,,,,,3667
,,,,,,,918
,,,,,,,2390
,,,,,,,986
,,,,,,,2771
,,,,,,,283
,,,,,,,2503
,,,,,,,310
,,,,,,,1421
,,,,,,,2912
,,,,,,,1280
,,,,,,,2174
,,,,,,,3208
,,,,,,,527
,,,,,,,3595
,,,,,,,3177
,,,,,,,4066
,,,,,,,194
,,,,,,,1103
,,,,,,,2905
,,,,,,,1026
,,,,,,,451
,,,,,,,4929
,,,,,,,1764
,,,,,,,4463
,,,,,,,2352
,,,,,,,650
,,,,,,,4229
,,,,,,,1301
,,,,,,,3329
,,,,,,,139
,,,,,,,3605
,,,,,,,3293
,,,,,,,4663
,,,,,,,1187
,,,,,,,4746
,,,,,,,1646
,,,,,,,3085
,,,,,,,1074
,,,,,,,2392
,,,,,,,3001
,,,,,,,909
,,,,,,,4484
,,,,,,,3153
,,,,,,,3701
,,,,,,,4992
,,,,,,,2283
,,,,,,,1676
,,,,,,,1551
,,,,,,,2013
,,,,,,,4680
,,,,,,,4093
,,,,,,,4821
,,,,,,,112
,,,,,,,1059
,,,,,,,1250
,,,,,,,3518
,,,,,,,443
,,,,,,,1585
,,,,,,,2113
,,,,,,,2981
,,,,,,,1944
,,,,,,,408
,,,,,,,4032
,,,,,,,2494
,,,,,,,3714
,,,,,,,193
,,,,,,,4812
,,,,,,,1351
,,,,,,,4514
,,,,,,,2323
,,,,,,,3493
,,,,,,,3466
,,,,,,,3738
,,,,,,,3316
,,,,,,,3581
,,,,,,,4212
,,,,,,,1409
,,,,,,,3268
,,,,,,,2184
,,,,,,,1522
,,,,,,,4149
,,,,,,,1711
,,,,,,,3004
,,,,,,,3740
,,,,,,,20
,,,,,,,4331
,,,,,,,3302
,,,,,,,428
,,,,,,,1711
,,,,,,,978
,,,,,,,4100
,,,,,,,3388
,,,,,,,3845
,,,,,,,3621
,,,,,,,1520
,,,,,,,1093
,,,,,,,4380
,,,,,,,4906
,,,,,,,2934
,,,,,,,697
,,,,,,,1308
,,,,,,,1248
,,,,,,,2884
,,,,,,,2581
,,,,,,,1935
,,,,,,,4401
,,,,,,,4325
,,,,,,,3406
,,,,,,,4397
,,,,,,,1168
,,,,,,,2910
,,,,,,,4024
,,,,,,,480
,,,,,,,2921
,,,,,,,2045
,,,,,,,3051
,,,,,,,2251
,,,,,,,1245
,,,,,,,3102
,,,,,,,4667
,,,,,,,498
,,,,,,,4737
,,,,,,,466
,,,,,,,1079
,,,,,,,3326
,,,,,,,1792
,,,,,,,604
,,,,,,,2586
,,,,,,,1551
,,,,,,,2899
,,,,,,,796
,,,,,,,2366
,,,,,,,2699
,,,,,,,1947
,,,,,,,1000
,,,,,,,514
,,,,,,,602
,,,,,,,1178
,,,,,,,1574
,,,,,,,4927
,,,,,,,3864
,,,,,,,1235
,,,,,,,4317
,,,,,,,2064
,,,,,,,3941
,,,,,,,4151
,,,,,,,2471
,,,,,,,893
,,,,,,,2691
,,,,,,,1132
,,,,,,,4253
,,,,,,,2798
,,,,,,,3564
,,,,,,,1966
,,,,,,,1101
,,,,,,,2037
,,,,,,,4884
,,,,,,,2173
,,,,,,,4807
,,,,,,,2686
,,,,,,,3390
,,,,,,,2498
,,,,,,,2564
,,,,,,,2997
,,,,,,,1327
,,,,,,,1224
,,,,,,,4238
,,,,,,,1397
,,,,,,,4193
,,,,,,,1103
,,,,,,,1225
,,,,,,,4748
,,,,,,,1049
,,,,,,,317
,,,,,,,4625
,,,,,,,1599
,,,,,,,3291
,,,,,,,4961
,,,,,,,122
,,,,,,,2624
,,,,,,,3184
,,,,,,,3861
,,,,,,,1758
,,,,,,,1517
,,,,,,,3118
,,,,,,,2588
,,,,,,,1262
,,,,,,,899
,,,,,,,3990
,,,,,,,3950
,,,,,,,3504
,,,,,,,2807
,,,,,,,1562
,,,,,,,1632
,,,,,,,1390
,,,,,,,3132
,,,,,,,2090
,,,,,,,3322
,,,,,,,2419
,,,,,,,3348
,,,,,,,4188
,,,,,,,3348
,,,,,,,3968
,,,,,,,3354
,,,,,,,3180
,,,,,,,3651
,,,,,,,4436
,,,,,,,2834
,,,,,,,1268
,,,,,,,1508
,,,,,,,1358
,,,,,,,484
,,,,,,,3695
,,,,,,,3661
,,,,,,,3958
,,,,,,,412
,,,,,,,1190
,,,,,,,1090
,,,,,,,4150
,,,,,,,1698
,,,,,,,3882
,,,,,,,3928
,,,,,,,3455
,,,,,,,3131
,,,,,,,2589
,,,,,,,4541
,,,,,,,444
,,,,,,,3831
,,,,,,,4857
,,,,,,,1476
,,,,,,,3385
,,,,,,,2695
,,,,,,,2825
,,,,,,,1555
,,,,,,,684
,,,,,,,1747
,,,,,,,4750
,,,,,,,2945
,,,,,,,4073
,,,,,,,235
,,,,,,,4511
,,,,,,,1563
,,,,,,,208
,,,,,,,3556
,,,,,,,2759
,,,,,,,3070
,,,,,,,2415
,,,,,,,2015
,,,,,,,3198
,,,,,,,1678
,,,,,,,4095
,,,,,,,1169
,,,,,,,623
,,,,,,,1521
,,,,,,,4687
,,,,,,,4824
,,,,,,,822
,,,,,,,3128
,,,,,,,2517
,,,,,,,1248
,,,,,,,1230
,,,,,,,2512
,,,,,,,3548
,,,,,,,3557
,,,,,,,3201
,,,,,,,1899
,,,,,,,135
,,,,,,,1172
,,,,,,,3108
,,,,,,,3598
,,,,,,,4037
,,,,,,,31
,,,,,,,2252
,,,,,,,1028
,,,,,,,3604
,,,,,,,4681
,,,,,,,3213
,,,,,,,3987
,,,,,,,2337
,,,,,,,2475
,,,,,,,2037
,,,,,,,2424
,,,,,,,1081
,,,,,,,415
,,,,,,,3028
,,,,,,,2135
,,,,,,,809
,,,,,,,3873
,,,,,,,913
,,,,,,,283
,,,,,,,2327
,,,,,,,3333
,,,,,,,2746
,,,,,,,2704
,,,,,,,3181
,,,,,,,3203
,,,,,,,4877
,,,,,,,4931
,,,,,,,1402
,,,,,,,1924
,,,,,,,3360
,,,,,,,2751
,,,,,,,975
,,,,,,,1627
,,,,,,,459
,,,,,,,4865
,,,,,,,199
,,,,,,,669
,,,,,,,4325
,,,,,,,3389
,,,,,,,3192
,,,,,,,600
,,,,,,,2276
,,,,,,,2726
,,,,,,,3944
,,,,,,,1245
,,,,,,,4710
,,,,,,,593
,,,,,,,154
,,,,,,,3327
,,,,,,,4860
,,,,,,,1131
,,,,,,,1456
,,,,,,,1088
,,,,,,,4013
,,,,,,,4608
,,,,,,,719
,,,,,,,1351
,,,,,,,3711
,,,,,,,718
,,,,,,,1367
,,,,,,,3659
,,,,,,,567
,,,,,,,4671
,,,,,,,1044
,,,,,,,2477
,,,,,,,3091
,,,,,,,3470
,,,,,,,4710
,,,,,,,2377
,,,,,,,3442
,,,,,,,4414
,,,,,,,2751
,,,,,,,4088
,,,,,,,4710
,,,,,,,3168
,,,,,,,4465
,,,,,,,1367
,,,,,,,2151
,,,,,,,1745
,,,,,,,3569
,,,,,,,1060
,,,,,,,4563
,,,,,,,4255
,,,,,,,3119
,,,,,,,2869
,,,,,,,639
,,,,,,,1803
,,,,,,,1732
,,,,,,,1811
,,,,,,,2689
,,,,,,,1549
,,,,,,,177
,,,,,,,1455
,,,,,,,2068
,,,,,,,2613
,,,,,,,2265
,,,,,,,3199
,,,,,,,4044
,,,,,,,1451
,,,,,,,1848
,,,,,,,1920
,,,,,,,3458
,,,,,,,3966
,,,,,,,1739
,,,,,,,1947
,,,,,,,4288
,,,,,,,4779
,,,,,,,4220
,,,,,,,3679
,,,,,,,4446
,,,,,,,4868
,,,,,,,1000
,,,,,,,3471
,,,,,,,1791
,,,,,,,3673
,,,,,,,551
,,,,,,,2887
,,,,,,,3276
,,,,,,,2448
,,,,,,,4620
,,,,,,,3857
,,,,,,,1066
,,,,,,,228
,,,,,,,3565
,,,,,,,2653
,,,,,,,4067
,,,,,,,67
,,,,,,,1757
,,,,,,,1328
,,,,,,,1745
,,,,,,,2261
,,,,,,,338
,,,,,,,3137
,,,,,,,1431
,,,,,,,2963
,,,,,,,4170
,,,,,,,3370
,,,,,,,4454
,,,,,,,3690
,,,,,,,4403
,,,,,,,1573
,,,,,,,2086
,,,,,,,4827
,,,,,,,4157
,,,,,,,686
,,,,,,,1863
,,,,,,,2082
,,,,,,,2999
,,,,,,,2382
,,,,,,,336
,,,,,,,2466
,,,,,,,3473
,,,,,,,2955
,,,,,,,1726
,,,,,,,3882
,,,,,,,1182
,,,,,,,89
,,,,,,,1769
,,,,,,,153
,,,,,,,3184
,,,,,,,3086
,,,,,,,3349
,,,,,,,20
,,,,,,,2969
,,,,,,,2048
,,,,,,,71
,,,,,,,4672
,,,,,,,4239
,,,,,,,4461
,,,,,,,1248
,,,,,,,3322
,,,,,,,1344
,,,,,,,1586
,,,,,,,825
,,,,,,,4435
,,,,,,,2324
,,,,,,,4359
,,,,,,,3283
,,,,,,,2456
,,,,,,,108
,,,,,,,3543
,,,,,,,2815
,,,,,,,3388
,,,,,,,1015
,,,,,,,1403
,,,,,,,413
,,,,,,,1394
,,,,,,,1373
,,,,,,,3696
,,,,,,,1091
,,,,,,,4634
,,,,,,,2216
,,,,,,,2975
,,,,,,,177
,,,,,,,2200
,,,,,,,2267
,,,,,,,1102
,,,,,,,406
,,,,,,,365
,,,,,,,3413
,,,,,,,3737
,,,,,,,837
,,,,,,,2765
,,,,,,,4869
,,,,,,,1109
,,,,,,,1205
,,,,,,,114
,,,,,,,2372
,,,,,,,3047
,,,,,,,173
,,,,,,,3029
,,,,,,,1959
,,,,,,,3453
,,,,,,,4696
,,,,,,,46
,,,,,,,331
,,,,,,,1301
,,,,,,,4351
,,,,,,,2834
,,,,,,,3834
,,,,,,,3407
,,,,,,,4757
,,,,,,,3622
,,,,,,,3099
,,,,,,,2312
,,,,,,,319
,,,,,,,3044
,,,,,,,3093
,,,,,,,3657
,,,,,,,4187
,,,,,,,3154
,,,,,,,1737
,,,,,,,808
,,,,,,,2201
,,,,,,,3508
,,,,,,,1740
,,,,,,,1425
,,,,,,,1548
,,,,,,,2878
,,,,,,,2938
,,,,,,,526
,,,,,,,2193
,,,,,,,2532
,,,,,,,2
,,,,,,,4357
,,,,,,,3294
,,,,,,,4511
,,,,,,,2459
,,,,,,,4163
,,,,,,,1577
,,,,,,,1353
,,,,,,,2327
,,,,,,,2917
,,,,,,,2892
,,,,,,,1721
,,,,,,,3137
,,,,,,,480
,,,,,,,419
,,,,,,,311
,,,,,,,4604
,,,,,,,3080
,,,,,,,4269
,,,,,,,3560
,,,,,,,775
,,,,,,,4211
,,,,,,,2639
,,,,,,,2841
,,,,,,,1240
,,,,,,,3376
,,,,,,,1099
,,,,,,,2335
,,,,,,,1831
,,,,,,,4451
,,,,,,,3848
,,,,,,,1056
,,,,,,,2662
,,,,,,,1409
,,,,,,,1797
,,,,,,,3888
,,,,,,,2630
,,,,,,,3567
,,,,,,,3912
,,,,,,,4173
,,,,,,,4966
,,,,,,,4376
,,,,,,,4786
,,,,,,,4885
,,,,,,,2614
,,,,,,,2008
,,,,,,,1555
,,,,,,,3972
,,,,,,,252
,,,,,,,1822
,,,,,,,1882
,,,,,,,3528
,,,,,,,1011
,,,,,,,2560
,,,,,,,2111
,,,,,,,3837
,,,,,,,2169
,,,,,,,2042
,,,,,,,474
,,,,,,,1574
,,,,,,,2371
,,,,,,,1933
,,,,,,,730
,,,,,,,4596
,,,,,,,3398
,,,,,,,2649
,,,,,,,969
,,,,,,,3414
,,,,,,,1733
,,,,,,,1709
,,,,,,,2527
,,,,,,,67
,,,,,,,218
,,,,,,,1590
,,,,,,,3308
,,,,,,,4443
,,,,,,,4595
,,,,,,,1715
,,,,,,,2168
,,,,,,,2775
,,,,,,,1100
,,,,,,,4789
,,,,,,,2562
,,,,,,,4894
,,,,,,,200
,,,,,,,2210
,,,,,,,486
,,,,,,,4271
,,,,,,,1981
,,,,,,,2728
,,,,,,,4752
,,,,,,,4090
,,,,,,,4776
,,,,,,,3538
,,,,,,,639
,,,,,,,33
,,,,,,,3021
,,,,,,,1339
,,,,,,,976
,,,,,,,2565
,,,,,,,3890
,,,,,,,794
,,,,,,,1895
,,,,,,,4116
,,,,,,,1605
,,,,,,,4482
,,,,,,,3165
,,,,,,,109
,,,,,,,4278
,,,,,,,899
,,,,,,,3943
,,,,,,,3508
,,,,,,,2692
,,,,,,,3053
,,,,,,,2869
,,,,,,,3626
,,,,,,,1094
,,,,,,,2632
,,,,,,,2978
,,,,,,,3457
,,,,,,,3235
,,,,,,,1559
,,,,,,,1169
,,,,,,,1858
,,,,,,,1297
,,,,,,,336
,,,,,,,562
,,,,,,,3926
,,,,,,,1009
,,,,,,,416
,,,,,,,1089
,,,,,,,1075
,,,,,,,522
,,,,,,,2192
,,,,,,,68
,,,,,,,2421
,,,,,,,3632
,,,,,,,2135
,,,,,,,1357
,,,,,,,3900
,,,,,,,480
,,,,,,,2883
,,,,,,,888
,,,,,,,2759
,,,,,,,3356
,,,,,,,3620
,,,,,,,2430
,,,,,,,946
,,,,,,,37
,,,,,,,4126
,,,,,,,4255
,,,,,,,1470
,,,,,,,4378
,,,,,,,2332
,,,,,,,2613
,,,,,,,4735
,,,,,,,4650
,,,,,,,18
,,,,,,,4183
,,,,,,,455
,,,,,,,4854
,,,,,,,2801
,,,,,,,3579
,,,,,,,3504
,,,,,,,2432
,,,,,,,3549
,,,,,,,2356
,,,,,,,1428
,,,,,,,3391
,,,,,,,2345
,,,,,,,1288
,,,,,,,2365
,,,,,,,832
,,,,,,,678
,,,,,,,1216
,,,,,,,3521
,,,,,,,3610
,,,,,,,1695
,,,,,,,4638
,,,,,,,78
,,,,,,,4584
,,,,,,,1184
,,,,,,,4972
,,,,,,,4946
,,,,,,,612
,,,,,,,500
,,,,,,,4448
,,,,,,,2013
,,,,,,,1092
,,,,,,,2888
,,,,,,,3375
,,,,,,,2275
,,,,,,,2851
,,,,,,,3908
,,,,,,,3620
,,,,,,,3232
,,,,,,,3029
,,,,,,,1357
,,,,,,,2342
,,,,,,,3295
,,,,,,,1919
,,,,,,,1735
,,,,,,,2678
,,,,,,,1479
,,,,,,,4478
,,,,,,,1675
,,,,,,,2932
,,,,,,,1008
,,,,,,,2656
,,,,,,,649
,,,,,,,4244
,,,,,,,3603
,,,,,,,3653
,,,,,,,3013
,,,,,,,4198
,,,,,,,488
,,,,,,,3870
,,,,,,,3687
,,,,,,,1440
,,,,,,,4115
,,,,,,,4011
,,,,,,,2546
,,,,,,,1017
,,,,,,,3371
,,,,,,,3943
,,,,,,,2388
,,,,,,,2421
,,,,,,,124
,,,,,,,2129
,,,,,,,4331
,,,,,,,2138
,,,,,,,470
,,,,,,,1344
,,,,,,,1419
,,,,,,,2013
,,,,,,,4025
,,,,,,,1899
,,,,,,,3070
,,,,,,,4715
,,,,,,,4067
,,,,,,,4876
,,,,,,,4938
,,,,,,,3619
,,,,,,,609
,,,,,,,2776
,,,,,,,578
,,,,,,,17
,,,,,,,3317
,,,,,,,1198
,,,,,,,1957
,,,,,,,4520
,,,,,,,1805
,,,,,,,1015
,,,,,,,2642
,,,,,,,1190
,,,,,,,4848
,,,,,,,2543
,,,,,,,1075
,,,,,,,959
,,,,,,,1351
,,,,,,,1918
,,,,,,,1859
,,,,,,,2237
,,,,,,,851
,,,,,,,63
,,,,,,,3390
,,,,,,,1397
,,,,,,,327
,,,,,,,1535
,,,,,,,1210
,,,,,,,2182
,,,,,,,2783
,,,,,,,4192
,,,,,,,415
,,,,,,,3148
,,,,,,,4347
,,,,,,,3674
,,,,,,,1855
,,,,,,,4334
,,,,,,,2222
,,,,,,,3057
,,,,,,,772
,,,,,,,1411
,,,,,,,3071
,,,,,,,379
,,,,,,,1628
,,,,,,,4298
,,,,,,,965
,,,,,,,1453
,,,,,,,4346
,,,,,,,4120
,,,,,,,688
,,,,,,,2123
,,,,,,,4869
,,,,,,,2303
,,,,,,,2822
,,,,,,,1519
,,,,,,,4500
,,,,,,,4528
,,,,,,,296
,,,,,,,890
,,,,,,,3100
,,,,,,,1506
,,,,,,,1984
,,,,,,,3579
,,,,,,,2340
,,,,,,,864
,,,,,,,3174
,,,,,,,2737
,,,,,,,4568
,,,,,,,2973
,,,,,,,1334
,,,,,,,2683
,,,,,,,1115
,,,,,,,1730
,,,,,,,3729
,,,,,,,1603
,,,,,,,231
,,,,,,,4750
,,,,,,,2409
,,,,,,,1237
,,,,,,,1810
,,,,,,,4199
,,,,,,,1412
,,,,,,,2628
,,,,,,,655
,,,,,,,988
,,,,,,,335
,,,,,,,3039
,,,,,,,2748
,,,,,,,705
,,,,,,,732
,,,,,,,4387
,,,,,,,871
,,,,,,,217
,,,,,,,123
,,,,,,,2470
,,,,,,,548
,,,,,,,970
,,,,,,,2197
,,,,,,,3424
,,,,,,,4475
,,,,,,,2074
,,,,,,,2133
,,,,,,,2266
,,,,,,,2969
,,,,,,,2670
,,,,,,,2295
,,,,,,,1459
,,,,,,,2681
,,,,,,,2302
,,,,,,,4011
,,,,,,,3139
,,,,,,,158
,,,,,,,4841
,,,,,,,4872
,,,,,,,3464
,,,,,,,3450
,,,,,,,2784
,,,,,,,2416
,,,,,,,3774
,,,,,,,35
,,,,,,,2967
,,,,,,,3727
,,,,,,,1001
,,,,,,,2977
,,,,,,,1095
,,,,,,,3843
,,,,,,,3571
,,,,,,,2529
,,,,,,,3226
,,,,,,,3242
,,,,,,,820
,,,,,,,1125
,,,,,,,280
,,,,,,,1820
,,,,,,,864
,,,,,,,2402
,,,,,,,2077
,,,,,,,2162
,,,,,,,2199
,,,,,,,3753
,,,,,,,240
,,,,,,,836
,,,,,,,2941
,,,,,,,603
,,,,,,,654
,,,,,,,2635
,,,,,,,348
,,,,,,,463
,,,,,,,1127
,,,,,,,81
,,,,,,,942
,,,,,,,3680
,,,,,,,104
,,,,,,,1309
,,,,,,,1118
,,,,,,,3898
,,,,,,,1855
,,,,,,,3835
,,,,,,,2610
,,,,,,,1028
,,,,,,,4818
,,,,,,,3803
,,,,,,,1131
,,,,,,,2649
,,,,,,,4619
,,,,,,,2452
,,,,,,,4031
,,,,,,,387
,,,,,,,3233
,,,,,,,1463
,,,,,,,668
,,,,,,,2411
,,,,,,,604
,,,,,,,2728
,,,,,,,3517
,,,,,,,2523
,,,,,,,999
,,,,,,,3142
,,,,,,,1442
,,,,,,,2287
,,,,,,,1596
,,,,,,,4671
,,,,,,,2822
,,,,,,,2792
,,,,,,,1641
,,,,,,,1016
,,,,,,,3029
,,,,,,,952
,,,,,,,3029
,,,,,,,148
,,,,,,,1392
,,,,,,,3818
,,,,,,,4716
,,,,,,,4943
,,,,,,,1895
,,,,,,,4456
,,,,,,,651
,,,,,,,2820
,,,,,,,604
,,,,,,,2007
,,,,,,,55
,,,,,,,2526
,,,,,,,4647
,,,,,,,2460
,,,,,,,134
,,,,,,,2033
,,,,,,,2986
,,,,,,,2596
,,,,,,,2931
,,,,,,,1627
,,,,,,,1887
,,,,,,,3106
,,,,,,,2895
,,,,,,,2511
,,,,,,,3753
,,,,,,,1941
,,,,,,,191
,,,,,,,3053
,,,,,,,152
,,,,,,,4493
,,,,,,,2229
,,,,,,,2871
,,,,,,,2282
,,,,,,,88
,,,,,,,3288
,,,,,,,4405
,,,,,,,2719
,,,,,,,2322
,,,,,,,123
,,,,,,,3463
,,,,,,,4524
,,,,,,,4208
,,,,,,,4398
,,,,,,,756
,,,,,,,3310
,,,,,,,4544
,,,,,,,4523
,,,,,,,2633
,,,,,,,309
,,,,,,,1033
,,,,,,,4521
,,,,,,,3374
,,,,,,,4044
,,,,,,,3110
,,,,,,,362
,,,,,,,3341
,,,,,,,3679
,,,,,,,4504
,,,,,,,4790
,,,,,,,4656
,,,,,,,1507
,,,,,,,1443
,,,,,,,1866
,,,,,,,3943
,,,,,,,1875
,,,,,,,37
,,,,,,,2626
,,,,,,,1103
,,,,,,,2190
,,,,,,,3416
,,,,,,,3669
,,,,,,,1011
,,,,,,,1721
,,,,,,,3162
,,,,,,,2768
,,,,,,,433
,,,,,,,4604
,,,,,,,1434
,,,,,,,4109
,,,,,,,1831
,,,,,,,4859
,,,,,,,827
,,,,,,,351
,,,,,,,1916
,,,,,,,2387
,,,,,,,146
,,,,,,,3602
,,,,,,,2516
,,,,,,,1361
,,,,,,,4368
,,,,,,,2383
,,,,,,,918
,,,,,,,4834
,,,,,,,53
,,,,,,,2966
,,,,,,,2288
,,,,,,,340
,,,,,,,4694
,,,,,,,3144
,,,,,,,2026
,,,,,,,4413
,,,,,,,4825
,,,,,,,1208
,,,,,,,834
,,,,,,,4711
,,,,,,,847
,,,,,,,3949
,,,,,,,4078
